1
   R - Z     binning n.   1  "          " , generalized particle n.  228
      R coordinate: from  0.0000E+00 to  5.0000E+00 cm,   100 bins ( 5.0000E-02 cm wide)
      Z coordinate: from -5.0000E+00 to  5.0000E+00 cm,   200 bins ( 5.0000E-02 cm wide)
      axis coordinates: X = 0.0000E+00, Y =  0.0000E+00 cm
      Data follow in a matrix A(ir,iz), format (1(5x,1p,10(1x,e11.4)))

      accurate deposition along the tracks requested
      this is a track-length binning
       1.4449E-09  1.2588E-09  2.3018E-09  2.6761E-09  2.0392E-09  2.6481E-09  3.0248E-09  2.1541E-09  2.5659E-09  1.9486E-09
       2.3761E-09  2.3125E-09  2.2179E-09  2.3042E-09  2.2930E-09  2.3218E-09  2.1486E-09  1.9875E-09  2.1821E-09  2.4523E-09
       2.5076E-09  2.5278E-09  2.3315E-09  2.0512E-09  2.4074E-09  2.5244E-09  2.4427E-09  2.4874E-09  2.4835E-09  2.4874E-09
       2.2094E-09  2.3687E-09  2.4802E-09  2.1741E-09  2.2105E-09  2.4304E-09  2.2979E-09  2.2239E-09  2.2179E-09  2.1637E-09
       2.0768E-09  2.1461E-09  2.1512E-09  2.2777E-09  2.2669E-09  1.9527E-09  1.9554E-09  2.0398E-09  2.1099E-09  2.2054E-09
       2.0385E-09  2.0344E-09  2.0192E-09  2.2352E-09  1.9632E-09  1.9165E-09  2.0465E-09  1.8306E-09  1.7802E-09  1.8951E-09
       1.7729E-09  1.6260E-09  1.7044E-09  1.7111E-09  1.6979E-09  1.7096E-09  1.6141E-09  1.5658E-09  1.6274E-09  1.5204E-09
       1.5915E-09  1.4922E-09  1.4757E-09  1.5569E-09  1.3271E-09  1.4425E-09  1.4373E-09  1.3117E-09  1.3385E-09  1.2946E-09
       1.3073E-09  1.2688E-09  1.2415E-09  1.2173E-09  1.2350E-09  1.0985E-09  1.1703E-09  1.1838E-09  1.1890E-09  1.2103E-09
       1.0598E-09  1.1664E-09  1.1373E-09  1.0626E-09  1.0325E-09  1.0271E-09  9.6754E-10  8.7641E-10  1.0096E-09  9.4747E-10
       3.2045E-09  1.5885E-09  1.8374E-09  2.4600E-09  2.7961E-09  2.3946E-09  2.3036E-09  2.2073E-09  2.2774E-09  2.6999E-09
       2.2273E-09  2.4076E-09  1.7635E-09  2.8447E-09  1.9849E-09  2.3977E-09  2.2999E-09  2.5259E-09  2.2738E-09  2.9897E-09
       2.2930E-09  2.4699E-09  2.8801E-09  2.4693E-09  2.3396E-09  2.4766E-09  2.3545E-09  2.5587E-09  2.5137E-09  2.2550E-09
       2.4847E-09  2.2629E-09  2.6065E-09  2.5183E-09  2.4494E-09  2.3548E-09  2.3544E-09  2.3756E-09  2.2821E-09  2.3443E-09
       2.2391E-09  2.1847E-09  2.0735E-09  2.2200E-09  2.0897E-09  2.0448E-09  2.3349E-09  2.2487E-09  2.2304E-09  1.9861E-09
       1.9097E-09  1.9514E-09  2.0559E-09  1.9544E-09  2.1673E-09  1.9259E-09  1.9347E-09  1.9566E-09  1.7693E-09  1.8563E-09
       1.8424E-09  1.8155E-09  1.8248E-09  1.7259E-09  1.6731E-09  1.6219E-09  1.6575E-09  1.6232E-09  1.7410E-09  1.6142E-09
       1.5036E-09  1.5733E-09  1.4561E-09  1.3869E-09  1.5387E-09  1.4427E-09  1.4362E-09  1.2377E-09  1.3935E-09  1.3388E-09
       1.2318E-09  1.3435E-09  1.4255E-09  1.3155E-09  1.1821E-09  1.2701E-09  1.2053E-09  1.1638E-09  1.0384E-09  1.0678E-09
       1.1757E-09  1.0350E-09  1.1045E-09  1.0089E-09  1.0094E-09  9.9071E-10  1.0997E-09  9.9454E-10  8.4156E-10  9.3841E-10
       7.2921E-11  2.3715E-09  1.4303E-09  2.6310E-09  2.4021E-09  2.5077E-09  2.6013E-09  3.1973E-09  2.4121E-09  1.8920E-09
       2.0574E-09  2.5016E-09  2.3718E-09  2.6454E-09  2.1410E-09  2.4730E-09  2.7086E-09  2.3367E-09  2.3260E-09  2.9506E-09
       2.4854E-09  2.7771E-09  2.4010E-09  2.2296E-09  2.6924E-09  2.3432E-09  2.6692E-09  2.3737E-09  2.6700E-09  2.5468E-09
       2.6596E-09  2.2027E-09  2.7319E-09  2.6014E-09  2.5594E-09  2.5505E-09  2.5698E-09  2.3842E-09  2.6256E-09  2.2592E-09
       2.5250E-09  2.2340E-09  2.4894E-09  2.3495E-09  2.3295E-09  2.1364E-09  2.2505E-09  2.1780E-09  2.0795E-09  2.1535E-09
       2.0382E-09  2.1652E-09  2.0823E-09  2.1162E-09  2.1490E-09  1.8484E-09  1.9202E-09  1.9063E-09  1.9920E-09  1.9696E-09
       1.8247E-09  1.8384E-09  1.7104E-09  1.8601E-09  1.7784E-09  1.5953E-09  1.7213E-09  1.6116E-09  1.6890E-09  1.5814E-09
       1.6114E-09  1.6384E-09  1.5239E-09  1.5143E-09  1.5499E-09  1.5520E-09  1.3653E-09  1.5158E-09  1.3122E-09  1.3617E-09
       1.2405E-09  1.3901E-09  1.3000E-09  1.1853E-09  1.3515E-09  1.3245E-09  1.2138E-09  1.2162E-09  1.2283E-09  1.2162E-09
       1.0406E-09  1.2021E-09  1.0636E-09  1.0812E-09  1.0433E-09  1.0986E-09  1.0749E-09  9.6937E-10  1.0021E-09  9.0408E-10
       1.9061E-09  3.4632E-09  2.5745E-09  2.2469E-09  2.5284E-09  2.9390E-09  2.7528E-09  2.3678E-09  2.0616E-09  2.3841E-09
       2.3475E-09  2.4846E-09  2.6044E-09  2.6004E-09  2.4695E-09  2.2947E-09  2.5962E-09  2.3269E-09  2.5384E-09  2.5213E-09
       2.5189E-09  2.7679E-09  2.7392E-09  2.3862E-09  2.0581E-09  2.8088E-09  2.5388E-09  2.7737E-09  2.7419E-09  2.4083E-09
       2.8067E-09  2.5719E-09  2.6026E-09  2.4702E-09  2.3779E-09  2.6117E-09  2.4191E-09  2.3981E-09  2.6512E-09  2.8244E-09
       2.5970E-09  2.4088E-09  2.6316E-09  2.3561E-09  2.4493E-09  2.4645E-09  2.2568E-09  2.5231E-09  2.2031E-09  2.2319E-09
       2.3274E-09  2.4166E-09  2.2008E-09  2.0491E-09  2.1843E-09  2.0694E-09  2.1004E-09  1.8903E-09  1.9121E-09  2.0559E-09
       1.9296E-09  1.9701E-09  1.9506E-09  1.8329E-09  1.7146E-09  1.7816E-09  1.6504E-09  1.8126E-09  1.7557E-09  1.5353E-09
       1.9623E-09  1.6271E-09  1.5516E-09  1.5781E-09  1.5472E-09  1.4087E-09  1.4583E-09  1.4660E-09  1.4870E-09  1.4565E-09
       1.1760E-09  1.3697E-09  1.3479E-09  1.2331E-09  1.3712E-09  1.2682E-09  1.1425E-09  1.3174E-09  1.2480E-09  1.1871E-09
       1.2559E-09  1.2096E-09  1.1489E-09  1.1140E-09  1.0955E-09  9.5367E-10  1.0511E-09  1.0062E-09  1.0633E-09  9.8225E-10
       8.5755E-10  2.2964E-09  1.8183E-09  2.6352E-09  2.2533E-09  3.4750E-09  2.4461E-09  2.3437E-09  2.5698E-09  2.5690E-09
       2.4789E-09  3.0545E-09  2.6803E-09  2.7942E-09  2.5506E-09  2.6421E-09  2.5614E-09  2.9508E-09  2.8508E-09  2.7393E-09
       2.8682E-09  2.5952E-09  2.4933E-09  2.7137E-09  2.8069E-09  2.3870E-09  2.7719E-09  2.7841E-09  2.5223E-09  2.6470E-09
       2.6348E-09  2.9646E-09  2.6148E-09  2.5156E-09  2.4943E-09  2.4495E-09  2.5741E-09  2.7050E-09  2.4557E-09  2.5538E-09
       2.3636E-09  2.5451E-09  2.5339E-09  2.3082E-09  2.6661E-09  2.5308E-09  2.1799E-09  2.1791E-09  2.4865E-09  2.5550E-09
       2.3749E-09  2.2943E-09  2.1397E-09  2.1527E-09  2.0201E-09  2.2678E-09  2.2123E-09  2.2050E-09  2.1039E-09  1.9018E-09
       2.0944E-09  1.9019E-09  1.8152E-09  2.0404E-09  2.0281E-09  1.7822E-09  1.8360E-09  1.8948E-09  1.7847E-09  1.7381E-09
       1.6683E-09  1.5227E-09  1.7111E-09  1.7497E-09  1.6803E-09  1.4693E-09  1.6311E-09  1.5519E-09  1.4989E-09  1.3731E-09
       1.4479E-09  1.4486E-09  1.4114E-09  1.3333E-09  1.3491E-09  1.2186E-09  1.1666E-09  1.2500E-09  1.2044E-09  1.2068E-09
       1.2389E-09  1.2430E-09  1.1307E-09  1.1590E-09  1.1525E-09  1.1380E-09  9.3961E-10  9.7661E-10  8.8298E-10  9.8483E-10
       5.8141E-10  9.2895E-10  1.8437E-09  2.6503E-09  3.5137E-09  2.9312E-09  3.4228E-09  2.6541E-09  2.8383E-09  3.5241E-09
       2.5471E-09  2.0611E-09  2.3456E-09  3.0100E-09  2.8640E-09  2.6486E-09  2.5405E-09  2.8889E-09  2.7506E-09  2.6434E-09
       2.8290E-09  2.8881E-09  2.8137E-09  2.5291E-09  3.3664E-09  2.8586E-09  3.0116E-09  2.9158E-09  2.6996E-09  2.7292E-09
       2.9025E-09  2.9685E-09  2.8012E-09  2.8093E-09  2.8364E-09  2.7234E-09  2.5068E-09  2.8721E-09  2.6743E-09  2.7604E-09
       2.6492E-09  2.6207E-09  2.1889E-09  2.5681E-09  2.7043E-09  2.5055E-09  2.7071E-09  2.2648E-09  2.3401E-09  2.1711E-09
       2.3809E-09  2.2357E-09  2.4200E-09  2.3042E-09  2.2088E-09  2.2019E-09  2.1891E-09  2.3596E-09  2.3153E-09  2.0047E-09
       2.0519E-09  2.0869E-09  1.8909E-09  2.0187E-09  1.9889E-09  1.8694E-09  1.7952E-09  2.0199E-09  1.7753E-09  1.7490E-09
       1.9448E-09  1.7287E-09  1.7885E-09  1.5764E-09  1.5764E-09  1.5772E-09  1.5593E-09  1.5708E-09  1.4771E-09  1.3442E-09
       1.5413E-09  1.4680E-09  1.4602E-09  1.4360E-09  1.3500E-09  1.3430E-09  1.2156E-09  1.3400E-09  1.2304E-09  1.2137E-09
       1.1524E-09  1.2624E-09  1.1751E-09  1.1598E-09  1.1234E-09  9.1741E-10  1.0642E-09  9.7736E-10  1.0308E-09  1.0248E-09
       2.3614E-10  3.0666E-09  3.0703E-09  3.2916E-09  2.9286E-09  2.6612E-09  3.3093E-09  2.3212E-09  2.7516E-09  2.3864E-09
       2.4933E-09  2.7209E-09  3.1538E-09  2.6216E-09  2.9504E-09  2.9530E-09  2.7180E-09  2.7429E-09  2.7523E-09  3.3784E-09
       2.9851E-09  2.9530E-09  2.8336E-09  2.6561E-09  3.0338E-09  2.5956E-09  2.7434E-09  2.7311E-09  2.8537E-09  2.9540E-09
       3.0304E-09  2.8770E-09  2.9695E-09  2.7130E-09  2.7939E-09  2.8349E-09  2.9165E-09  2.8767E-09  2.9844E-09  3.0136E-09
       2.4103E-09  2.6505E-09  2.6167E-09  2.6526E-09  2.4224E-09  2.8252E-09  2.6812E-09  2.2275E-09  2.5850E-09  2.4914E-09
       2.2281E-09  2.3098E-09  2.1664E-09  2.2393E-09  2.3477E-09  1.9989E-09  2.1617E-09  2.2861E-09  2.1444E-09  2.0236E-09
       2.1149E-09  1.9427E-09  2.0741E-09  1.9898E-09  1.9515E-09  2.0616E-09  1.8584E-09  1.8517E-09  1.9073E-09  1.9522E-09
       1.8211E-09  1.9052E-09  1.7908E-09  1.7488E-09  1.7904E-09  1.6744E-09  1.7108E-09  1.7799E-09  1.6685E-09  1.5883E-09
       1.4357E-09  1.4607E-09  1.4401E-09  1.2795E-09  1.3524E-09  1.3597E-09  1.3751E-09  1.2659E-09  1.2860E-09  1.2460E-09
       1.2443E-09  1.1817E-09  1.1898E-09  1.1727E-09  1.1436E-09  9.8194E-10  1.1516E-09  1.0157E-09  1.0039E-09  1.0563E-09
       8.3123E-10  2.0466E-09  2.2712E-09  2.6377E-09  2.6386E-09  2.7440E-09  1.9949E-09  2.8082E-09  3.5619E-09  2.8362E-09
       3.0366E-09  3.0453E-09  2.7673E-09  2.9599E-09  2.5323E-09  3.2195E-09  2.6514E-09  2.8654E-09  2.8821E-09  2.7657E-09
       2.6528E-09  3.2772E-09  2.9329E-09  2.9107E-09  3.1420E-09  3.0253E-09  2.8633E-09  2.7853E-09  2.9452E-09  3.0837E-09
       3.1911E-09  3.2651E-09  3.2382E-09  2.9526E-09  2.6532E-09  3.1851E-09  2.7765E-09  2.6868E-09  2.7903E-09  2.8775E-09
       3.0147E-09  2.6877E-09  2.9211E-09  2.6376E-09  2.9176E-09  2.6905E-09  2.6200E-09  2.6851E-09  2.5644E-09  2.4196E-09
       2.4190E-09  2.7409E-09  2.5407E-09  2.4556E-09  2.3477E-09  2.3635E-09  2.2993E-09  2.2716E-09  2.1894E-09  2.3296E-09
       2.1778E-09  2.1257E-09  1.9881E-09  2.0369E-09  1.9981E-09  2.1211E-09  1.8528E-09  1.7980E-09  1.8679E-09  1.6627E-09
       1.9090E-09  1.7416E-09  1.7778E-09  1.7272E-09  1.6341E-09  1.6608E-09  1.7974E-09  1.5817E-09  1.7071E-09  1.6048E-09
       1.6504E-09  1.4306E-09  1.4824E-09  1.3940E-09  1.4145E-09  1.3337E-09  1.4069E-09  1.3801E-09  1.3981E-09  1.3478E-09
       1.2289E-09  1.2234E-09  1.1771E-09  1.1020E-09  1.1449E-09  1.0800E-09  1.2296E-09  1.0444E-09  1.0822E-09  1.0865E-09
       3.1605E-09  2.0215E-09  2.6971E-09  2.5962E-09  2.8547E-09  2.9393E-09  3.3795E-09  3.1108E-09  3.5342E-09  2.5672E-09
       3.1222E-09  2.6841E-09  3.3852E-09  2.4895E-09  3.5174E-09  3.1750E-09  3.1185E-09  3.3040E-09  2.9345E-09  2.9926E-09
       3.1077E-09  3.0193E-09  3.2614E-09  3.0766E-09  3.1816E-09  3.0472E-09  3.1202E-09  3.2372E-09  3.1827E-09  2.8265E-09
       2.9372E-09  3.1412E-09  3.1018E-09  2.7401E-09  2.9176E-09  3.1620E-09  3.0033E-09  2.8391E-09  2.9754E-09  2.7060E-09
       2.7216E-09  3.0112E-09  2.9260E-09  2.8692E-09  2.9771E-09  2.8461E-09  2.6399E-09  2.9500E-09  2.7556E-09  2.8263E-09
       2.5268E-09  2.6141E-09  2.5368E-09  2.7560E-09  2.3012E-09  2.3990E-09  2.5413E-09  2.2768E-09  2.3584E-09  2.2617E-09
       2.3961E-09  2.1305E-09  2.1393E-09  2.1093E-09  2.0830E-09  2.2340E-09  1.9953E-09  1.7918E-09  2.1326E-09  1.8963E-09
       1.9153E-09  1.9757E-09  1.8060E-09  1.6784E-09  1.6143E-09  1.8418E-09  1.7493E-09  1.8234E-09  1.6201E-09  1.6530E-09
       1.5176E-09  1.5946E-09  1.5923E-09  1.4149E-09  1.4477E-09  1.3637E-09  1.2890E-09  1.5127E-09  1.4074E-09  1.2791E-09
       1.3321E-09  1.2100E-09  1.2394E-09  1.2856E-09  1.1412E-09  1.2357E-09  1.2067E-09  1.1045E-09  1.0343E-09  1.1966E-09
       2.6788E-09  2.7415E-09  2.9516E-09  3.4176E-09  3.1459E-09  3.2058E-09  2.6831E-09  3.0703E-09  3.6963E-09  2.9342E-09
       2.9914E-09  3.0733E-09  3.1408E-09  2.9629E-09  3.1536E-09  2.9910E-09  3.3939E-09  2.4971E-09  2.8729E-09  3.0592E-09
       3.0919E-09  3.1105E-09  3.1590E-09  3.0417E-09  3.3917E-09  2.9422E-09  3.4415E-09  3.2080E-09  3.0692E-09  3.2246E-09
       2.9399E-09  3.1896E-09  3.0732E-09  2.9146E-09  3.0350E-09  2.9577E-09  3.1067E-09  3.0529E-09  2.9546E-09  2.9988E-09
       2.9011E-09  3.0888E-09  3.0166E-09  2.6782E-09  2.7779E-09  2.7208E-09  2.7792E-09  2.6173E-09  2.6273E-09  2.6954E-09
       2.6392E-09  2.6100E-09  2.4088E-09  2.4066E-09  2.3406E-09  2.3030E-09  2.3708E-09  2.5217E-09  2.4066E-09  2.2694E-09
       2.2149E-09  2.3060E-09  2.1434E-09  2.1073E-09  2.0074E-09  2.0835E-09  2.0995E-09  2.1710E-09  2.0250E-09  2.0704E-09
       1.9728E-09  1.9844E-09  1.8196E-09  1.9525E-09  1.7040E-09  1.7640E-09  1.5994E-09  1.6980E-09  1.5691E-09  1.5959E-09
       1.6785E-09  1.5476E-09  1.6191E-09  1.4891E-09  1.5276E-09  1.4615E-09  1.4826E-09  1.3108E-09  1.4316E-09  1.4555E-09
       1.2874E-09  1.2542E-09  1.2371E-09  1.2505E-09  1.3107E-09  1.1932E-09  1.1691E-09  1.2131E-09  1.2323E-09  1.1536E-09
       1.5042E-09  3.1459E-09  2.8064E-09  2.4514E-09  2.8915E-09  3.5959E-09  3.0821E-09  3.0431E-09  2.8821E-09  3.0844E-09
       3.0927E-09  3.4023E-09  3.0682E-09  2.7492E-09  3.2017E-09  3.4417E-09  3.1720E-09  3.6101E-09  3.2482E-09  3.4146E-09
       3.1482E-09  3.4571E-09  3.1550E-09  3.4644E-09  3.4611E-09  3.7187E-09  3.3695E-09  3.2033E-09  3.2144E-09  3.5313E-09
       3.0674E-09  3.3544E-09  3.4487E-09  3.0916E-09  3.4248E-09  3.1416E-09  3.0595E-09  3.3773E-09  3.3133E-09  3.1929E-09
       3.2417E-09  2.9424E-09  3.0243E-09  2.7183E-09  2.8749E-09  2.7587E-09  3.2035E-09  2.8784E-09  2.6937E-09  2.7926E-09
       2.7322E-09  2.5942E-09  2.5431E-09  2.6701E-09  2.6560E-09  2.6819E-09  2.4311E-09  2.6252E-09  2.5424E-09  2.5205E-09
       2.4468E-09  2.2114E-09  2.4636E-09  2.2017E-09  2.4904E-09  2.0997E-09  2.2793E-09  2.0101E-09  2.0832E-09  1.7873E-09
       2.1102E-09  1.8814E-09  2.0345E-09  2.0429E-09  1.8067E-09  1.8200E-09  1.7569E-09  1.8193E-09  1.7251E-09  1.7270E-09
       1.6758E-09  1.5916E-09  1.5976E-09  1.4988E-09  1.6990E-09  1.5026E-09  1.5334E-09  1.4481E-09  1.5315E-09  1.4194E-09
       1.4260E-09  1.2997E-09  1.2849E-09  1.3999E-09  1.2247E-09  1.2835E-09  1.2466E-09  1.1852E-09  1.1959E-09  1.0433E-09
       1.8796E-09  2.7692E-09  2.7142E-09  4.1775E-09  2.3984E-09  3.1100E-09  3.5680E-09  2.9449E-09  3.2774E-09  3.4244E-09
       3.0639E-09  3.2229E-09  3.3662E-09  3.3315E-09  3.4057E-09  3.0948E-09  3.4132E-09  2.9872E-09  3.5810E-09  3.3339E-09
       3.3822E-09  3.3768E-09  3.4808E-09  3.4114E-09  3.6121E-09  3.3722E-09  3.3250E-09  3.6661E-09  3.5869E-09  3.2632E-09
       3.2297E-09  3.1737E-09  3.5446E-09  3.2915E-09  3.2269E-09  3.4613E-09  3.3063E-09  3.2414E-09  3.1888E-09  3.0275E-09
       2.9317E-09  3.0200E-09  3.0340E-09  3.1689E-09  2.7837E-09  2.9156E-09  3.1327E-09  2.8538E-09  2.9835E-09  2.7232E-09
       2.7065E-09  2.9547E-09  2.7210E-09  2.8455E-09  2.5886E-09  2.9392E-09  2.6397E-09  2.8606E-09  2.5334E-09  2.4070E-09
       2.5229E-09  2.4145E-09  2.1729E-09  2.3986E-09  2.1730E-09  2.2277E-09  2.2937E-09  2.1515E-09  2.0544E-09  2.2112E-09
       2.0192E-09  1.9594E-09  2.0595E-09  1.8456E-09  1.7533E-09  1.9119E-09  1.8410E-09  1.8654E-09  1.8057E-09  1.6641E-09
       1.6508E-09  1.6622E-09  1.6541E-09  1.6529E-09  1.5897E-09  1.5387E-09  1.5526E-09  1.4083E-09  1.4818E-09  1.4559E-09
       1.3938E-09  1.4132E-09  1.3535E-09  1.2870E-09  1.2482E-09  1.2373E-09  1.1900E-09  1.1220E-09  1.2033E-09  1.1153E-09
       7.7350E-10  3.8177E-09  3.4452E-09  3.4672E-09  3.3878E-09  2.6523E-09  3.1185E-09  3.1426E-09  3.3559E-09  2.8743E-09
       3.2139E-09  3.1453E-09  3.7626E-09  3.6697E-09  3.2959E-09  3.6139E-09  3.1309E-09  3.4925E-09  3.4590E-09  3.8733E-09
       3.7438E-09  3.6768E-09  3.6298E-09  3.4811E-09  3.4808E-09  3.0539E-09  3.3981E-09  3.0649E-09  3.5136E-09  3.5634E-09
       3.9785E-09  3.3603E-09  3.3926E-09  3.9562E-09  3.3633E-09  3.2111E-09  3.4425E-09  3.3749E-09  3.2434E-09  3.3565E-09
       3.5084E-09  3.4456E-09  3.1382E-09  3.0948E-09  3.2847E-09  3.1596E-09  3.0273E-09  2.8105E-09  3.0440E-09  3.0645E-09
       3.0215E-09  2.9506E-09  2.8986E-09  2.6881E-09  3.0049E-09  2.6564E-09  2.6722E-09  2.6874E-09  2.6260E-09  2.6613E-09
       2.4063E-09  2.5340E-09  2.5053E-09  2.4232E-09  2.1350E-09  2.3668E-09  2.2267E-09  2.2808E-09  2.2707E-09  2.0738E-09
       2.0892E-09  2.0696E-09  1.9219E-09  2.2428E-09  1.8225E-09  2.0349E-09  2.1526E-09  2.0352E-09  1.8740E-09  1.7029E-09
       1.9517E-09  1.7105E-09  1.5972E-09  1.6541E-09  1.5860E-09  1.5034E-09  1.4105E-09  1.4547E-09  1.4691E-09  1.5200E-09
       1.4168E-09  1.3802E-09  1.3991E-09  1.4425E-09  1.4115E-09  1.3506E-09  1.2808E-09  1.2618E-09  1.1630E-09  1.2106E-09
       4.6141E-09  3.8786E-09  3.4988E-09  4.0019E-09  3.2128E-09  3.7755E-09  3.2971E-09  2.9865E-09  3.5616E-09  3.8929E-09
       3.3236E-09  3.4787E-09  3.7366E-09  3.4010E-09  3.8521E-09  3.4824E-09  3.8424E-09  3.8035E-09  3.7221E-09  4.0772E-09
       3.4433E-09  3.7299E-09  3.4156E-09  4.3328E-09  3.7224E-09  3.2707E-09  3.8037E-09  3.8059E-09  3.7404E-09  3.8008E-09
       3.7018E-09  3.5403E-09  3.5054E-09  3.8367E-09  3.5205E-09  3.7303E-09  3.4482E-09  3.3805E-09  3.4462E-09  3.7763E-09
       3.3347E-09  3.6664E-09  3.1440E-09  3.1757E-09  3.3999E-09  3.2361E-09  2.9559E-09  3.3604E-09  3.4669E-09  3.1476E-09
       3.0043E-09  2.8342E-09  2.9158E-09  2.9772E-09  2.9709E-09  2.7871E-09  2.7030E-09  2.7391E-09  2.6406E-09  2.7436E-09
       2.6360E-09  2.4350E-09  2.5734E-09  2.2592E-09  2.4322E-09  2.3601E-09  2.4467E-09  2.2835E-09  2.3024E-09  2.3301E-09
       2.1246E-09  2.2279E-09  2.2181E-09  1.8982E-09  1.9632E-09  2.0469E-09  2.0514E-09  1.8553E-09  1.8327E-09  1.8633E-09
       1.8451E-09  1.8076E-09  1.7607E-09  1.6924E-09  1.6919E-09  1.6302E-09  1.4414E-09  1.6402E-09  1.4944E-09  1.3462E-09
       1.4095E-09  1.4365E-09  1.3774E-09  1.3785E-09  1.3210E-09  1.2724E-09  1.2023E-09  1.3287E-09  1.2501E-09  1.2001E-09
       3.5398E-09  3.5412E-09  4.1125E-09  4.7759E-09  4.0054E-09  3.5163E-09  3.3584E-09  3.8543E-09  3.3827E-09  3.1380E-09
       3.5871E-09  3.4766E-09  3.3463E-09  4.0074E-09  3.7332E-09  4.0061E-09  4.2799E-09  3.7338E-09  3.3808E-09  4.0354E-09
       3.8834E-09  3.8909E-09  3.9659E-09  3.9193E-09  3.4806E-09  3.8058E-09  3.9810E-09  3.7363E-09  3.5329E-09  3.7380E-09
       3.7205E-09  3.7258E-09  3.9134E-09  3.7990E-09  3.9262E-09  3.7333E-09  3.6234E-09  3.6165E-09  3.5792E-09  3.5463E-09
       3.3646E-09  3.6221E-09  3.2392E-09  3.5105E-09  3.2365E-09  3.6123E-09  3.4729E-09  3.1861E-09  3.1764E-09  3.1210E-09
       3.3722E-09  2.9978E-09  3.1197E-09  3.0182E-09  2.8793E-09  2.6091E-09  2.7890E-09  2.7867E-09  2.9377E-09  2.8729E-09
       2.7122E-09  2.4357E-09  2.5004E-09  2.3067E-09  2.5412E-09  2.4626E-09  2.3093E-09  2.4813E-09  2.1849E-09  2.4910E-09
       2.2137E-09  2.2727E-09  2.0615E-09  2.0906E-09  1.8881E-09  1.9477E-09  2.0538E-09  1.9765E-09  1.8189E-09  1.8569E-09
       1.8775E-09  1.6695E-09  1.8432E-09  1.7124E-09  1.6374E-09  1.6976E-09  1.5545E-09  1.4893E-09  1.6148E-09  1.4153E-09
       1.4663E-09  1.4077E-09  1.4873E-09  1.4790E-09  1.4041E-09  1.3280E-09  1.3061E-09  1.2072E-09  1.2305E-09  1.2207E-09
       6.1651E-09  3.9307E-09  3.8573E-09  3.5606E-09  3.7046E-09  2.9133E-09  3.4264E-09  3.7242E-09  3.3528E-09  3.4885E-09
       4.3215E-09  3.6418E-09  4.0528E-09  3.4028E-09  3.7972E-09  3.4786E-09  3.7447E-09  3.7921E-09  3.6872E-09  3.7823E-09
       3.7805E-09  4.3066E-09  4.1078E-09  4.2379E-09  4.0827E-09  4.0414E-09  3.8362E-09  3.5443E-09  4.1232E-09  3.8664E-09
       3.9799E-09  4.1537E-09  3.8907E-09  3.9376E-09  3.9218E-09  3.6089E-09  3.8048E-09  3.8534E-09  3.5762E-09  3.4176E-09
       3.6602E-09  3.6248E-09  3.7508E-09  3.4323E-09  3.5494E-09  3.6983E-09  3.3265E-09  3.3526E-09  3.1671E-09  3.1867E-09
       3.2092E-09  3.1334E-09  3.3059E-09  3.1724E-09  2.9826E-09  2.9887E-09  3.0775E-09  2.9183E-09  2.8077E-09  2.8107E-09
       2.8556E-09  2.6436E-09  2.6853E-09  2.7222E-09  2.6768E-09  2.7123E-09  2.5229E-09  2.5059E-09  2.5169E-09  2.2372E-09
       2.3565E-09  2.1789E-09  2.2948E-09  2.1324E-09  2.0893E-09  2.0497E-09  2.1136E-09  1.9212E-09  2.0163E-09  1.9243E-09
       1.8756E-09  1.9104E-09  1.8341E-09  1.8269E-09  1.7156E-09  1.7217E-09  1.6276E-09  1.4940E-09  1.4688E-09  1.4994E-09
       1.6721E-09  1.4600E-09  1.5131E-09  1.4135E-09  1.5209E-09  1.3180E-09  1.3390E-09  1.3649E-09  1.2296E-09  1.2117E-09
       3.8702E-09  2.5393E-09  3.0178E-09  4.1301E-09  3.5731E-09  4.7551E-09  4.2399E-09  4.0116E-09  3.5770E-09  3.7485E-09
       3.6644E-09  4.2703E-09  3.8369E-09  4.1209E-09  4.5329E-09  3.9426E-09  3.7079E-09  4.3006E-09  4.1351E-09  4.4082E-09
       4.3707E-09  3.8522E-09  3.8827E-09  4.1687E-09  4.7386E-09  4.1387E-09  3.7799E-09  3.8093E-09  4.2236E-09  4.1174E-09
       4.0500E-09  3.6896E-09  3.9111E-09  3.9486E-09  4.0461E-09  3.9474E-09  4.0237E-09  3.9822E-09  3.9647E-09  3.6826E-09
       3.8286E-09  3.8886E-09  3.6677E-09  3.9529E-09  3.4309E-09  3.5675E-09  3.7225E-09  3.7276E-09  3.6261E-09  3.3394E-09
       3.1426E-09  3.1344E-09  3.2683E-09  3.3154E-09  3.0182E-09  3.0886E-09  2.9203E-09  2.8818E-09  2.8076E-09  2.8430E-09
       2.9920E-09  2.7971E-09  2.8812E-09  2.4424E-09  2.6894E-09  2.3552E-09  2.5624E-09  2.4125E-09  2.2502E-09  2.4482E-09
       2.3892E-09  2.2862E-09  2.3216E-09  2.3872E-09  2.1180E-09  2.1320E-09  2.0965E-09  2.0344E-09  2.0500E-09  2.0486E-09
       1.9189E-09  1.8596E-09  1.9092E-09  1.6596E-09  1.8143E-09  1.7391E-09  1.5019E-09  1.6711E-09  1.6758E-09  1.5257E-09
       1.5642E-09  1.3584E-09  1.5380E-09  1.4845E-09  1.3473E-09  1.5484E-09  1.3188E-09  1.3506E-09  1.3602E-09  1.3224E-09
       2.5419E-09  5.3889E-09  4.2125E-09  3.8199E-09  3.1896E-09  3.9861E-09  3.8038E-09  3.4662E-09  4.4934E-09  3.9150E-09
       3.6494E-09  4.2398E-09  4.1202E-09  4.6169E-09  4.1822E-09  4.1855E-09  4.0709E-09  3.9842E-09  4.3057E-09  4.3726E-09
       4.4925E-09  4.0681E-09  4.8519E-09  4.4363E-09  4.1817E-09  4.4396E-09  4.4387E-09  4.0584E-09  4.2315E-09  4.1038E-09
       4.1450E-09  4.0720E-09  4.4041E-09  4.2860E-09  4.0002E-09  4.0385E-09  3.9568E-09  4.6300E-09  3.9950E-09  4.0571E-09
       4.1683E-09  3.8370E-09  3.8348E-09  3.6809E-09  3.6682E-09  3.7264E-09  3.5411E-09  3.6140E-09  3.5318E-09  3.5623E-09
       3.4341E-09  3.3356E-09  3.1085E-09  3.4894E-09  3.1708E-09  3.4516E-09  3.0226E-09  3.0790E-09  2.9152E-09  3.0534E-09
       2.9282E-09  2.6739E-09  2.7228E-09  2.7395E-09  2.7727E-09  2.7442E-09  2.4910E-09  2.5130E-09  2.4313E-09  2.4730E-09
       2.3493E-09  2.2908E-09  2.1688E-09  2.2294E-09  2.1119E-09  2.1707E-09  2.2319E-09  1.9947E-09  2.0928E-09  2.0818E-09
       2.0007E-09  1.9414E-09  1.9566E-09  2.0072E-09  1.7806E-09  1.7183E-09  1.8066E-09  1.8752E-09  1.7120E-09  1.5485E-09
       1.6250E-09  1.4849E-09  1.5609E-09  1.5843E-09  1.4702E-09  1.4706E-09  1.4710E-09  1.2555E-09  1.2753E-09  1.4228E-09
       4.8773E-09  5.1828E-09  4.9973E-09  4.5127E-09  3.3477E-09  4.1103E-09  3.6352E-09  3.7367E-09  4.6694E-09  4.9584E-09
       4.1462E-09  4.2143E-09  4.3451E-09  4.3513E-09  4.5764E-09  4.5451E-09  4.8796E-09  4.3985E-09  4.4716E-09  4.5863E-09
       4.6532E-09  5.2781E-09  4.3202E-09  4.8350E-09  4.8280E-09  4.3031E-09  5.0239E-09  3.9428E-09  4.5389E-09  4.7822E-09
       4.1081E-09  4.1355E-09  4.4124E-09  4.4531E-09  4.4953E-09  4.3916E-09  4.1184E-09  4.3766E-09  4.1087E-09  3.8749E-09
       4.0854E-09  4.0663E-09  3.9897E-09  3.8772E-09  3.5768E-09  3.9969E-09  3.6512E-09  3.3122E-09  3.7211E-09  3.5906E-09
       3.2502E-09  3.4520E-09  3.5177E-09  3.6399E-09  3.5021E-09  3.4339E-09  3.0786E-09  3.2435E-09  3.1651E-09  2.9544E-09
       2.9730E-09  2.8354E-09  2.7324E-09  2.7182E-09  2.7864E-09  2.7340E-09  2.6933E-09  2.7666E-09  2.5950E-09  2.3642E-09
       2.5421E-09  2.5959E-09  2.4525E-09  2.3223E-09  2.3675E-09  2.3606E-09  2.1474E-09  2.2067E-09  2.2040E-09  2.2308E-09
       1.9570E-09  2.1429E-09  1.9496E-09  1.8822E-09  1.9612E-09  1.7817E-09  1.7870E-09  1.6781E-09  1.6615E-09  1.6607E-09
       1.6849E-09  1.5618E-09  1.6203E-09  1.5593E-09  1.4393E-09  1.3884E-09  1.4715E-09  1.3707E-09  1.3328E-09  1.2561E-09
       3.6139E-09  4.0154E-09  5.3456E-09  4.0604E-09  5.1807E-09  4.5109E-09  4.9390E-09  3.2171E-09  3.7359E-09  4.7779E-09
       4.4824E-09  5.2348E-09  5.0590E-09  4.9845E-09  4.8153E-09  4.7615E-09  4.6770E-09  4.8148E-09  4.9146E-09  5.0453E-09
       4.3319E-09  4.4522E-09  4.8311E-09  4.3736E-09  4.6217E-09  4.8684E-09  4.6842E-09  4.8123E-09  5.0919E-09  4.7120E-09
       4.5111E-09  4.7766E-09  4.5232E-09  4.4891E-09  4.3470E-09  4.3680E-09  4.3400E-09  4.3018E-09  4.2770E-09  4.6161E-09
       4.2137E-09  4.0988E-09  4.0135E-09  4.0845E-09  4.0480E-09  3.7889E-09  3.7802E-09  3.5673E-09  3.6280E-09  3.8294E-09
       3.6895E-09  3.5716E-09  3.8287E-09  3.6048E-09  3.2692E-09  3.2009E-09  3.3102E-09  3.2646E-09  3.2371E-09  3.0540E-09
       2.9045E-09  2.9200E-09  2.8970E-09  2.9436E-09  2.7243E-09  2.6616E-09  2.8396E-09  2.8657E-09  2.6608E-09  2.9351E-09
       2.4979E-09  2.5222E-09  2.4366E-09  2.4434E-09  2.2108E-09  2.3995E-09  2.3834E-09  2.3470E-09  2.2587E-09  2.1517E-09
       2.0803E-09  1.8819E-09  2.0159E-09  2.0724E-09  1.9957E-09  1.7579E-09  1.7812E-09  1.7915E-09  1.8731E-09  1.7421E-09
       1.6808E-09  1.5853E-09  1.4952E-09  1.5738E-09  1.5841E-09  1.5886E-09  1.4681E-09  1.4295E-09  1.3216E-09  1.3136E-09
       2.8089E-09  4.3738E-09  3.5339E-09  3.9760E-09  4.8888E-09  3.7356E-09  4.2834E-09  4.7696E-09  4.5274E-09  3.6960E-09
       3.5658E-09  4.6879E-09  4.7696E-09  4.1561E-09  4.3266E-09  4.2733E-09  4.5796E-09  4.3380E-09  5.3392E-09  5.3227E-09
       5.0320E-09  5.3401E-09  5.0268E-09  4.9623E-09  4.6837E-09  4.8498E-09  4.6055E-09  4.7841E-09  4.7601E-09  4.7177E-09
       4.7517E-09  4.5519E-09  4.5488E-09  5.1563E-09  4.5539E-09  4.4538E-09  4.4655E-09  4.6839E-09  4.4450E-09  4.4150E-09
       4.2236E-09  4.4651E-09  4.3260E-09  4.1967E-09  4.3421E-09  4.1716E-09  3.8845E-09  4.0447E-09  3.8271E-09  4.2184E-09
       3.4415E-09  3.4959E-09  3.5502E-09  3.6050E-09  3.3389E-09  3.5860E-09  3.3872E-09  3.3846E-09  3.0833E-09  3.1563E-09
       3.1854E-09  3.1721E-09  2.9837E-09  2.9192E-09  2.8355E-09  2.8589E-09  2.7856E-09  2.8808E-09  2.8992E-09  2.6429E-09
       2.5236E-09  2.4527E-09  2.3992E-09  2.5907E-09  2.4932E-09  2.3860E-09  2.4008E-09  2.4422E-09  2.1984E-09  2.2544E-09
       2.0791E-09  2.1826E-09  2.1220E-09  1.9667E-09  2.0848E-09  1.9491E-09  1.9348E-09  1.8711E-09  1.7787E-09  1.7782E-09
       1.6071E-09  1.7137E-09  1.6585E-09  1.4856E-09  1.6405E-09  1.5190E-09  1.4005E-09  1.4789E-09  1.4913E-09  1.4962E-09
       1.0198E-08  5.3458E-09  4.1557E-09  5.6827E-09  4.4050E-09  4.9887E-09  4.4031E-09  4.6100E-09  4.8095E-09  4.8457E-09
       5.0701E-09  4.5962E-09  4.6171E-09  4.0816E-09  5.2219E-09  4.5398E-09  5.2314E-09  5.0964E-09  5.0151E-09  4.7151E-09
       5.6009E-09  5.0719E-09  4.3786E-09  5.1917E-09  5.1596E-09  5.1352E-09  5.3454E-09  4.9440E-09  5.1536E-09  4.7411E-09
       4.8676E-09  4.9331E-09  4.6741E-09  4.7347E-09  4.9266E-09  4.6123E-09  4.8326E-09  4.7992E-09  4.6232E-09  4.4853E-09
       4.4586E-09  4.5942E-09  4.1250E-09  4.1913E-09  4.6742E-09  4.2061E-09  4.0097E-09  3.9274E-09  4.2029E-09  3.7979E-09
       4.1089E-09  3.6993E-09  3.8484E-09  3.8505E-09  3.5479E-09  3.6024E-09  3.7751E-09  3.4754E-09  3.6090E-09  3.1822E-09
       3.3214E-09  3.2594E-09  2.9959E-09  3.0388E-09  3.1400E-09  3.1923E-09  2.7253E-09  2.8481E-09  2.7955E-09  2.7095E-09
       2.6741E-09  2.5701E-09  2.6683E-09  2.6735E-09  2.4651E-09  2.3890E-09  2.3433E-09  2.4659E-09  2.2958E-09  2.1488E-09
       2.2245E-09  2.1770E-09  1.9251E-09  2.0804E-09  2.1906E-09  1.9354E-09  1.9505E-09  1.9210E-09  1.7854E-09  1.6807E-09
       1.7056E-09  1.6155E-09  1.6359E-09  1.5896E-09  1.6290E-09  1.5359E-09  1.4690E-09  1.4830E-09  1.4967E-09  1.3954E-09
       3.1557E-09  4.8843E-09  4.4357E-09  4.3138E-09  4.4886E-09  5.0112E-09  3.9086E-09  4.0731E-09  4.8559E-09  4.8393E-09
       4.9856E-09  4.8612E-09  4.8660E-09  4.7005E-09  5.3820E-09  5.4081E-09  5.4724E-09  5.3720E-09  5.0264E-09  5.1478E-09
       5.3085E-09  5.5787E-09  5.3265E-09  4.9085E-09  4.8950E-09  5.1608E-09  4.8160E-09  5.0529E-09  5.2588E-09  4.6970E-09
       4.6640E-09  5.1032E-09  5.3493E-09  5.0460E-09  5.2977E-09  5.5857E-09  4.5893E-09  4.8525E-09  4.7182E-09  4.4323E-09
       4.6094E-09  4.9814E-09  4.1152E-09  4.2761E-09  4.1812E-09  4.4789E-09  4.4548E-09  4.3355E-09  3.8447E-09  4.2466E-09
       4.0460E-09  3.8378E-09  3.9716E-09  4.1390E-09  3.9250E-09  3.7501E-09  3.3128E-09  3.5184E-09  3.5975E-09  3.4212E-09
       3.1746E-09  3.3851E-09  3.3536E-09  3.0758E-09  3.1013E-09  2.8704E-09  3.0339E-09  2.7605E-09  2.9219E-09  2.8477E-09
       2.7823E-09  2.6497E-09  2.5354E-09  2.6268E-09  2.5207E-09  2.5460E-09  2.4522E-09  2.2930E-09  2.4847E-09  2.1204E-09
       2.2333E-09  2.1981E-09  2.1522E-09  2.0696E-09  2.0257E-09  1.8354E-09  1.8960E-09  1.8934E-09  1.7842E-09  1.8484E-09
       1.8345E-09  1.6937E-09  1.8033E-09  1.6568E-09  1.5939E-09  1.4801E-09  1.4515E-09  1.6064E-09  1.4662E-09  1.4457E-09
       3.7006E-09  2.7533E-09  5.9642E-09  5.4141E-09  5.2208E-09  4.3147E-09  5.2926E-09  5.2184E-09  4.9881E-09  4.8823E-09
       4.9459E-09  5.0278E-09  5.5149E-09  5.3291E-09  5.3966E-09  5.3941E-09  5.2549E-09  5.8232E-09  5.1553E-09  5.0247E-09
       5.6482E-09  5.5905E-09  5.7996E-09  5.3903E-09  5.3622E-09  5.3713E-09  5.4989E-09  5.7381E-09  5.1255E-09  5.0822E-09
       5.5678E-09  5.2878E-09  5.2342E-09  5.3608E-09  5.0106E-09  5.0846E-09  4.7901E-09  4.6337E-09  4.6846E-09  4.9409E-09
       4.7189E-09  4.9839E-09  4.5768E-09  4.4927E-09  4.6217E-09  4.5936E-09  4.0901E-09  4.7180E-09  4.6132E-09  4.1411E-09
       3.9371E-09  3.9689E-09  3.6742E-09  3.8682E-09  3.8463E-09  3.5533E-09  3.6644E-09  3.7430E-09  3.6579E-09  3.4323E-09
       3.5693E-09  3.4313E-09  3.2348E-09  3.3428E-09  3.1179E-09  3.4187E-09  3.2873E-09  2.7855E-09  3.0105E-09  2.9556E-09
       2.9076E-09  2.5925E-09  2.8772E-09  2.6423E-09  2.3333E-09  2.5893E-09  2.4123E-09  2.4217E-09  2.2851E-09  2.4132E-09
       2.2792E-09  2.3601E-09  2.0435E-09  2.0368E-09  1.9584E-09  2.1284E-09  2.0394E-09  1.9608E-09  1.8571E-09  1.9807E-09
       1.8969E-09  1.8710E-09  1.7088E-09  1.7545E-09  1.7845E-09  1.5925E-09  1.5935E-09  1.6478E-09  1.5420E-09  1.4980E-09
       1.4932E-09  5.2435E-09  4.6233E-09  5.8616E-09  5.5008E-09  5.8879E-09  5.1657E-09  4.8079E-09  5.4448E-09  5.4913E-09
       5.0051E-09  5.4757E-09  5.5970E-09  5.2954E-09  5.2756E-09  5.1456E-09  6.1877E-09  5.2281E-09  4.9191E-09  5.5024E-09
       5.4570E-09  4.9475E-09  6.1917E-09  5.7959E-09  6.0287E-09  5.3250E-09  5.7278E-09  6.1382E-09  5.4059E-09  5.3444E-09
       5.3523E-09  5.5898E-09  5.6568E-09  5.4860E-09  5.2345E-09  4.9678E-09  5.0144E-09  5.1259E-09  4.8762E-09  4.9666E-09
       5.1113E-09  4.8675E-09  5.1462E-09  4.6960E-09  4.7200E-09  4.6530E-09  4.3827E-09  4.5857E-09  4.6286E-09  4.1947E-09
       4.4460E-09  4.0738E-09  4.3634E-09  4.1010E-09  4.0481E-09  3.9216E-09  3.7971E-09  3.7874E-09  3.8197E-09  3.8065E-09
       3.4506E-09  3.5337E-09  3.4567E-09  3.2175E-09  3.5356E-09  3.3248E-09  2.9542E-09  3.0852E-09  3.0201E-09  2.8886E-09
       2.8917E-09  2.9142E-09  2.8110E-09  2.5518E-09  2.8247E-09  2.7219E-09  2.4661E-09  2.3467E-09  2.3052E-09  2.4428E-09
       2.2804E-09  2.2835E-09  2.1626E-09  2.2096E-09  2.1845E-09  1.9845E-09  2.0648E-09  2.0021E-09  1.9276E-09  1.9023E-09
       1.9419E-09  1.7962E-09  1.7430E-09  1.7233E-09  1.6866E-09  1.7014E-09  1.6114E-09  1.5484E-09  1.4172E-09  1.5514E-09
       4.8079E-09  5.1868E-09  3.2903E-09  5.7185E-09  5.5845E-09  4.7149E-09  5.0241E-09  5.2207E-09  6.0323E-09  5.4989E-09
       5.7060E-09  5.8048E-09  5.6442E-09  4.8796E-09  5.5846E-09  5.6269E-09  5.8695E-09  5.5586E-09  5.6941E-09  6.3493E-09
       5.9574E-09  5.5257E-09  5.5025E-09  5.9019E-09  5.6839E-09  5.9995E-09  6.2696E-09  5.9133E-09  6.0176E-09  5.8179E-09
       5.7796E-09  6.1593E-09  5.7538E-09  5.7547E-09  5.6421E-09  5.8691E-09  5.8432E-09  5.0862E-09  5.0825E-09  5.3441E-09
       5.1681E-09  5.2161E-09  5.2447E-09  4.8510E-09  4.9926E-09  4.7657E-09  4.7871E-09  4.5026E-09  4.7419E-09  4.6532E-09
       4.9184E-09  4.2595E-09  4.1977E-09  3.8924E-09  4.3869E-09  3.8148E-09  4.0363E-09  3.7327E-09  3.9115E-09  3.7993E-09
       3.5702E-09  3.6402E-09  3.4814E-09  3.6285E-09  3.2042E-09  3.2943E-09  3.3276E-09  3.5423E-09  2.9405E-09  2.9671E-09
       3.0538E-09  3.0159E-09  3.0431E-09  2.6033E-09  2.7058E-09  2.6384E-09  2.7216E-09  2.6215E-09  2.4161E-09  2.6413E-09
       2.2686E-09  2.1528E-09  2.2210E-09  2.2274E-09  2.3299E-09  2.0967E-09  2.0080E-09  1.9765E-09  1.9396E-09  1.9476E-09
       1.7679E-09  1.9456E-09  1.8734E-09  1.6777E-09  1.8217E-09  1.7242E-09  1.6103E-09  1.6585E-09  1.4785E-09  1.4833E-09
       3.4138E-09  4.3183E-09  5.8493E-09  6.2247E-09  5.6660E-09  6.3334E-09  5.3484E-09  6.5114E-09  5.7878E-09  5.6272E-09
       6.1460E-09  5.2405E-09  5.4885E-09  6.1347E-09  5.5545E-09  5.9245E-09  5.8868E-09  6.6338E-09  6.0904E-09  5.7190E-09
       5.5652E-09  6.0955E-09  6.1267E-09  6.2298E-09  6.6269E-09  6.0555E-09  6.2274E-09  6.1708E-09  6.2666E-09  5.9093E-09
       6.1411E-09  6.0113E-09  5.8226E-09  5.6610E-09  5.6417E-09  5.5702E-09  5.6520E-09  5.6769E-09  5.5864E-09  5.9024E-09
       5.8285E-09  5.4006E-09  5.3460E-09  5.2275E-09  5.0699E-09  4.9144E-09  4.7810E-09  4.6697E-09  4.7328E-09  4.6913E-09
       4.4555E-09  4.7118E-09  4.4183E-09  4.4235E-09  4.1090E-09  4.2460E-09  4.0090E-09  4.1690E-09  3.8575E-09  3.8599E-09
       3.8411E-09  3.8742E-09  3.5609E-09  3.6297E-09  3.6744E-09  3.4685E-09  3.1346E-09  3.2939E-09  2.9598E-09  3.1135E-09
       2.9331E-09  2.8860E-09  2.9377E-09  2.9509E-09  2.8539E-09  2.7603E-09  2.8147E-09  2.5732E-09  2.4833E-09  2.4362E-09
       2.4422E-09  2.3735E-09  2.3469E-09  2.2049E-09  2.2074E-09  2.1617E-09  2.2269E-09  2.1334E-09  1.9938E-09  1.8759E-09
       1.9055E-09  1.9955E-09  1.9822E-09  1.8198E-09  1.8296E-09  1.7641E-09  1.6578E-09  1.5637E-09  1.4722E-09  1.5348E-09
       6.1028E-09  4.1428E-09  7.4201E-09  6.4774E-09  6.4856E-09  6.1435E-09  5.1165E-09  5.5155E-09  5.1394E-09  5.9587E-09
       6.2783E-09  5.7825E-09  6.4378E-09  6.0712E-09  5.8189E-09  6.5134E-09  6.1446E-09  6.7937E-09  6.8291E-09  5.8361E-09
       6.4771E-09  6.4072E-09  6.7299E-09  6.0827E-09  6.5358E-09  6.2814E-09  5.7892E-09  6.4132E-09  6.6082E-09  5.8411E-09
       6.2289E-09  6.2648E-09  6.2017E-09  5.9992E-09  5.7254E-09  5.8858E-09  5.7017E-09  6.0981E-09  5.8475E-09  5.9789E-09
       5.1559E-09  5.3786E-09  5.3896E-09  5.1434E-09  4.9897E-09  5.0460E-09  5.1426E-09  4.6779E-09  4.9055E-09  4.8242E-09
       4.6720E-09  4.5507E-09  4.5418E-09  4.4228E-09  4.4240E-09  4.3922E-09  4.3775E-09  4.3653E-09  4.1014E-09  4.0649E-09
       4.0534E-09  3.6656E-09  3.5613E-09  3.7156E-09  3.7610E-09  3.4516E-09  3.5546E-09  3.8705E-09  3.2780E-09  3.3193E-09
       3.2736E-09  3.1327E-09  2.9140E-09  2.7516E-09  2.9429E-09  2.6202E-09  2.6478E-09  2.6562E-09  2.7931E-09  2.5530E-09
       2.4435E-09  2.4600E-09  2.4419E-09  2.3434E-09  2.5303E-09  2.3081E-09  2.2534E-09  2.0754E-09  1.9947E-09  2.0622E-09
       1.9205E-09  2.0443E-09  1.8969E-09  1.8083E-09  1.7887E-09  1.8014E-09  1.8206E-09  1.7480E-09  1.5136E-09  1.7008E-09
       6.5534E-09  5.6957E-09  5.9163E-09  5.9150E-09  5.9542E-09  6.4745E-09  6.2901E-09  6.3109E-09  5.7996E-09  6.5855E-09
       5.7280E-09  6.6298E-09  6.2855E-09  6.4679E-09  6.5465E-09  6.9802E-09  6.7897E-09  6.9915E-09  6.3285E-09  6.3334E-09
       6.0826E-09  6.3049E-09  6.2844E-09  6.7509E-09  7.0115E-09  6.3524E-09  6.9299E-09  6.6097E-09  6.8415E-09  6.2595E-09
       6.2408E-09  5.9195E-09  6.0710E-09  6.2997E-09  6.2997E-09  6.0413E-09  5.9430E-09  5.7626E-09  5.7746E-09  5.7824E-09
       5.5908E-09  5.8633E-09  5.6607E-09  5.5341E-09  5.4337E-09  5.3519E-09  5.3946E-09  5.1430E-09  5.2600E-09  4.9424E-09
       5.1770E-09  4.8259E-09  4.7974E-09  5.0374E-09  4.3867E-09  4.3808E-09  4.4605E-09  4.5076E-09  4.2310E-09  4.0587E-09
       4.2672E-09  4.0758E-09  3.8478E-09  3.4843E-09  3.7864E-09  3.6003E-09  3.3935E-09  3.3103E-09  3.5963E-09  3.1926E-09
       3.1800E-09  3.1640E-09  3.1101E-09  2.9662E-09  3.1833E-09  2.7695E-09  3.0648E-09  2.7820E-09  2.6352E-09  2.4987E-09
       2.5401E-09  2.4425E-09  2.5001E-09  2.3213E-09  2.3600E-09  2.4882E-09  2.2287E-09  2.1045E-09  2.0370E-09  2.1299E-09
       2.2111E-09  1.9135E-09  1.8727E-09  1.8506E-09  1.6865E-09  1.7847E-09  1.8232E-09  1.8248E-09  1.7127E-09  1.5509E-09
       3.0122E-09  4.7240E-09  7.3683E-09  6.2276E-09  6.1920E-09  5.5252E-09  6.1364E-09  6.5826E-09  5.6944E-09  6.3168E-09
       6.7125E-09  6.7174E-09  6.3218E-09  6.5085E-09  6.8699E-09  6.8902E-09  7.1865E-09  6.9668E-09  6.5921E-09  7.2611E-09
       6.9993E-09  7.3130E-09  7.0811E-09  6.7148E-09  6.4801E-09  6.4770E-09  6.7081E-09  7.0228E-09  6.2895E-09  6.8904E-09
       6.6164E-09  6.7425E-09  6.6216E-09  6.5869E-09  6.5009E-09  5.9541E-09  6.2243E-09  6.0967E-09  6.1132E-09  5.8547E-09
       6.1946E-09  5.4850E-09  5.6987E-09  6.1129E-09  5.9713E-09  5.2207E-09  5.4419E-09  5.2119E-09  4.9559E-09  5.1195E-09
       5.0287E-09  5.1012E-09  4.8206E-09  4.7688E-09  4.8744E-09  4.5522E-09  4.3641E-09  4.4637E-09  3.9000E-09  4.1999E-09
       4.1660E-09  4.0599E-09  4.0979E-09  3.8828E-09  3.7106E-09  3.6279E-09  3.6370E-09  3.7526E-09  3.3871E-09  3.1517E-09
       3.4535E-09  3.0072E-09  3.2956E-09  3.2796E-09  2.9635E-09  2.9446E-09  2.9320E-09  2.8241E-09  2.7780E-09  2.7117E-09
       2.7446E-09  2.6201E-09  2.6308E-09  2.5230E-09  2.2819E-09  2.3010E-09  2.4926E-09  2.3059E-09  2.0013E-09  2.0505E-09
       1.9279E-09  2.3240E-09  1.8747E-09  1.9696E-09  1.8428E-09  1.7198E-09  1.8660E-09  1.7266E-09  1.8460E-09  1.6319E-09
       6.2089E-09  5.8980E-09  6.5932E-09  7.0699E-09  6.4013E-09  6.1065E-09  6.5707E-09  6.8658E-09  7.6801E-09  6.3916E-09
       7.0078E-09  6.4067E-09  6.8831E-09  7.1519E-09  7.5950E-09  7.1291E-09  7.2463E-09  6.6148E-09  6.7986E-09  7.4501E-09
       8.1086E-09  7.4577E-09  7.7638E-09  7.0986E-09  6.9760E-09  7.2906E-09  7.0473E-09  6.9500E-09  6.5332E-09  7.1567E-09
       6.6065E-09  7.6598E-09  6.4495E-09  6.7141E-09  6.7600E-09  6.6010E-09  6.6531E-09  6.6322E-09  5.6669E-09  6.1835E-09
       6.3048E-09  6.2292E-09  5.8019E-09  5.8889E-09  5.5759E-09  5.7216E-09  5.6864E-09  5.5283E-09  5.4287E-09  5.3609E-09
       5.2664E-09  5.0796E-09  4.7369E-09  4.9139E-09  4.8265E-09  4.6167E-09  4.4409E-09  4.6137E-09  4.5895E-09  4.5344E-09
       4.2339E-09  4.1514E-09  3.9023E-09  3.8248E-09  3.8352E-09  3.7161E-09  3.7750E-09  3.6543E-09  3.4700E-09  3.5112E-09
       3.2837E-09  3.2422E-09  3.2331E-09  3.2889E-09  3.0823E-09  3.0300E-09  3.1169E-09  2.8672E-09  2.7379E-09  2.9052E-09
       2.6944E-09  2.7219E-09  2.5967E-09  2.6958E-09  2.4174E-09  2.3552E-09  2.3560E-09  2.3233E-09  2.3158E-09  2.2745E-09
       1.9738E-09  2.0170E-09  1.9790E-09  1.9293E-09  2.1409E-09  2.0505E-09  1.8633E-09  1.7340E-09  1.6721E-09  1.6745E-09
       6.1242E-09  6.8897E-09  7.4801E-09  7.6926E-09  6.6600E-09  6.8496E-09  7.1866E-09  6.1139E-09  5.6859E-09  6.8469E-09
       6.9741E-09  7.4045E-09  8.1568E-09  7.7574E-09  7.2651E-09  7.4160E-09  7.2149E-09  7.1867E-09  7.6718E-09  7.3125E-09
       7.3474E-09  7.8003E-09  7.9444E-09  7.5137E-09  7.4113E-09  7.7229E-09  7.5208E-09  6.9526E-09  7.1098E-09  7.2844E-09
       7.2380E-09  6.7493E-09  6.9022E-09  6.6032E-09  6.6380E-09  6.8911E-09  6.7904E-09  6.7862E-09  6.3924E-09  6.2623E-09
       6.1448E-09  6.1776E-09  6.1497E-09  5.6120E-09  5.6671E-09  5.9246E-09  5.9866E-09  5.8667E-09  5.6721E-09  5.5139E-09
       5.2841E-09  4.8779E-09  5.3750E-09  5.0878E-09  5.0932E-09  4.7126E-09  4.7863E-09  4.6499E-09  4.7192E-09  4.4252E-09
       4.2647E-09  4.1215E-09  4.4616E-09  3.8815E-09  4.0932E-09  4.2248E-09  3.9213E-09  3.7175E-09  3.7034E-09  3.2964E-09
       3.5922E-09  3.7267E-09  3.4348E-09  3.1452E-09  3.2313E-09  3.1446E-09  3.0387E-09  2.9206E-09  2.8590E-09  2.8322E-09
       2.5279E-09  2.7868E-09  2.7442E-09  2.5665E-09  2.4041E-09  2.2972E-09  2.4397E-09  2.4128E-09  2.4055E-09  2.1589E-09
       2.1389E-09  2.2108E-09  2.1177E-09  1.9561E-09  1.9784E-09  2.0067E-09  1.7553E-09  1.8245E-09  1.8372E-09  1.6731E-09
       7.0378E-09  8.0528E-09  6.7980E-09  6.5971E-09  7.9094E-09  8.1416E-09  7.1028E-09  7.3835E-09  6.1505E-09  7.2814E-09
       7.0241E-09  7.7474E-09  7.6282E-09  7.8682E-09  7.7368E-09  8.6406E-09  7.6767E-09  8.0885E-09  8.0705E-09  7.9019E-09
       8.4118E-09  7.7568E-09  7.6167E-09  7.6426E-09  7.6611E-09  7.4019E-09  7.5884E-09  8.1719E-09  7.4332E-09  8.0037E-09
       7.7175E-09  6.9718E-09  7.3997E-09  7.7231E-09  7.4946E-09  6.7770E-09  6.9498E-09  6.7533E-09  6.9062E-09  6.6810E-09
       6.4375E-09  6.5402E-09  6.8993E-09  6.5292E-09  5.9244E-09  5.8463E-09  6.0154E-09  6.2126E-09  5.5871E-09  5.4079E-09
       5.4173E-09  5.6450E-09  5.4162E-09  5.0554E-09  5.3127E-09  4.9019E-09  4.9275E-09  4.7159E-09  4.6067E-09  4.4299E-09
       4.5321E-09  4.3777E-09  4.3533E-09  4.3104E-09  4.1622E-09  4.0853E-09  4.1658E-09  3.9206E-09  3.7588E-09  3.7430E-09
       3.4958E-09  3.5337E-09  3.3202E-09  3.3726E-09  3.1300E-09  3.1805E-09  3.1266E-09  3.0863E-09  3.0424E-09  3.0838E-09
       2.8268E-09  2.8644E-09  2.6007E-09  2.5953E-09  2.6321E-09  2.3856E-09  2.3737E-09  2.2311E-09  2.3215E-09  2.3130E-09
       2.3169E-09  2.0955E-09  2.2206E-09  1.9406E-09  2.0855E-09  2.0481E-09  1.9568E-09  1.7786E-09  1.8595E-09  1.7723E-09
       5.4411E-09  8.1767E-09  8.1971E-09  8.0104E-09  6.3118E-09  7.4630E-09  8.0043E-09  7.6000E-09  7.4638E-09  7.4630E-09
       7.2793E-09  7.6564E-09  7.6461E-09  8.4496E-09  8.1732E-09  8.4893E-09  7.6504E-09  7.3999E-09  8.0990E-09  8.0183E-09
       8.8555E-09  7.4783E-09  8.3272E-09  7.7291E-09  7.9576E-09  8.2010E-09  8.4327E-09  7.4224E-09  7.5533E-09  7.6368E-09
       7.0841E-09  8.0008E-09  7.5641E-09  7.5107E-09  7.4695E-09  7.6046E-09  7.5834E-09  6.8782E-09  7.0475E-09  7.6487E-09
       6.8242E-09  6.4950E-09  6.5617E-09  6.7340E-09  6.5149E-09  6.5871E-09  6.0584E-09  6.0140E-09  6.1488E-09  6.0454E-09
       5.5871E-09  5.5309E-09  5.2708E-09  5.1102E-09  5.1354E-09  5.0644E-09  5.2285E-09  5.1140E-09  4.7022E-09  4.9786E-09
       4.6048E-09  4.8647E-09  4.3525E-09  4.2175E-09  3.9424E-09  4.3516E-09  4.1899E-09  4.0416E-09  3.9326E-09  3.7478E-09
       3.8157E-09  3.5459E-09  3.3968E-09  3.8145E-09  3.3988E-09  3.2719E-09  3.1546E-09  3.2287E-09  3.1474E-09  3.1449E-09
       2.8309E-09  2.8338E-09  2.7694E-09  2.6731E-09  2.8678E-09  2.4007E-09  2.4067E-09  2.5220E-09  2.4107E-09  2.3080E-09
       2.2884E-09  2.1426E-09  2.1637E-09  2.1315E-09  1.9889E-09  1.9360E-09  1.9495E-09  2.0183E-09  1.8216E-09  1.7538E-09
       6.4288E-09  6.6181E-09  5.8694E-09  6.4574E-09  8.2713E-09  7.8166E-09  8.1588E-09  8.4120E-09  8.7582E-09  8.4373E-09
       8.0373E-09  8.1438E-09  8.3555E-09  7.5978E-09  7.7593E-09  8.5956E-09  8.6548E-09  8.4364E-09  8.1588E-09  8.6081E-09
       8.8629E-09  8.4046E-09  8.2268E-09  9.3636E-09  8.1193E-09  7.6598E-09  8.0361E-09  7.9019E-09  8.2600E-09  8.5950E-09
       8.3954E-09  7.9901E-09  7.4377E-09  7.8198E-09  7.8141E-09  7.5577E-09  7.5861E-09  7.4778E-09  7.2721E-09  7.3920E-09
       7.7345E-09  7.2365E-09  6.8014E-09  6.8747E-09  6.6296E-09  6.3748E-09  5.9591E-09  6.0404E-09  5.9157E-09  6.3474E-09
       6.2906E-09  5.8602E-09  5.2424E-09  5.5556E-09  5.4297E-09  5.4584E-09  5.3992E-09  5.1258E-09  5.2168E-09  4.8991E-09
       4.8141E-09  4.7116E-09  4.8871E-09  4.3358E-09  4.2587E-09  4.3290E-09  4.2037E-09  4.0499E-09  3.8561E-09  3.7704E-09
       3.9714E-09  3.7216E-09  3.5722E-09  3.5808E-09  3.4124E-09  3.2795E-09  3.2683E-09  3.2981E-09  2.9695E-09  3.0080E-09
       2.6622E-09  2.9961E-09  2.9603E-09  2.6162E-09  2.7858E-09  2.6971E-09  2.5382E-09  2.4708E-09  2.4501E-09  2.4405E-09
       2.4981E-09  1.9331E-09  2.1675E-09  2.1843E-09  1.9777E-09  1.8526E-09  1.9828E-09  2.0318E-09  1.8186E-09  1.7301E-09
       6.5317E-09  8.3771E-09  6.4825E-09  9.3568E-09  8.6696E-09  8.8219E-09  8.6802E-09  8.5058E-09  9.2381E-09  9.0283E-09
       8.6153E-09  9.4197E-09  8.5996E-09  8.8761E-09  8.4032E-09  9.1203E-09  8.9387E-09  8.0118E-09  9.2604E-09  8.8322E-09
       9.3329E-09  8.9886E-09  8.5286E-09  8.9746E-09  8.6624E-09  8.3959E-09  8.8136E-09  9.1167E-09  8.5889E-09  8.8015E-09
       8.4356E-09  8.5817E-09  8.6211E-09  8.2273E-09  8.0698E-09  7.9065E-09  7.8804E-09  7.4960E-09  7.5710E-09  7.1652E-09
       7.9337E-09  7.2225E-09  7.4440E-09  7.4755E-09  6.8629E-09  6.7380E-09  6.4482E-09  6.7249E-09  6.6975E-09  6.6104E-09
       6.1245E-09  5.7928E-09  5.8666E-09  5.5824E-09  5.2000E-09  5.6949E-09  5.3684E-09  5.4225E-09  4.9727E-09  4.9262E-09
       4.9601E-09  4.7169E-09  5.0518E-09  4.5015E-09  4.6473E-09  4.3679E-09  4.3652E-09  4.2546E-09  4.3003E-09  3.8003E-09
       3.8291E-09  3.8120E-09  3.6503E-09  3.7147E-09  3.3756E-09  3.3073E-09  3.5277E-09  3.2580E-09  3.1305E-09  3.1027E-09
       2.9743E-09  2.8478E-09  2.6723E-09  2.6222E-09  2.7161E-09  2.6609E-09  2.4861E-09  2.5593E-09  2.3328E-09  2.4477E-09
       2.3098E-09  2.2174E-09  2.0697E-09  2.3081E-09  2.1122E-09  2.0779E-09  1.9738E-09  1.8725E-09  2.0105E-09  1.8483E-09
       8.3007E-09  9.4680E-09  7.6343E-09  8.6122E-09  8.2333E-09  8.9363E-09  8.4367E-09  7.5553E-09  8.2510E-09  8.7774E-09
       8.7842E-09  9.6237E-09  8.8043E-09  8.8157E-09  9.7192E-09  8.9148E-09  9.7775E-09  9.2434E-09  9.6707E-09  9.4857E-09
       9.3369E-09  9.3496E-09  9.2486E-09  9.2843E-09  9.4001E-09  9.2684E-09  9.0168E-09  9.1512E-09  9.2718E-09  8.8163E-09
       8.9588E-09  8.8567E-09  8.4134E-09  9.3237E-09  7.6109E-09  8.0830E-09  7.7223E-09  7.9236E-09  7.4722E-09  7.8555E-09
       7.1585E-09  7.7796E-09  7.1117E-09  7.2450E-09  7.5554E-09  7.0034E-09  6.8216E-09  6.8519E-09  6.6772E-09  6.2896E-09
       6.3896E-09  6.0244E-09  5.8091E-09  5.5395E-09  5.7771E-09  5.5283E-09  5.7325E-09  5.4947E-09  5.3163E-09  5.1240E-09
       5.1347E-09  4.8998E-09  5.1807E-09  4.6261E-09  4.6843E-09  4.2596E-09  4.5120E-09  4.3485E-09  4.1136E-09  3.9885E-09
       4.0063E-09  4.1019E-09  3.7935E-09  3.5534E-09  3.5254E-09  3.4584E-09  3.3358E-09  3.2540E-09  3.2604E-09  3.2041E-09
       2.9576E-09  3.1178E-09  3.0630E-09  2.7968E-09  2.7811E-09  2.6483E-09  2.7169E-09  2.5850E-09  2.5052E-09  2.3298E-09
       2.3994E-09  2.2710E-09  2.3660E-09  2.1775E-09  2.1194E-09  2.1018E-09  1.9847E-09  2.1192E-09  1.8430E-09  1.9310E-09
       5.3412E-09  8.3938E-09  9.8447E-09  7.1235E-09  8.1565E-09  9.3471E-09  8.5499E-09  8.5072E-09  8.1742E-09  9.5718E-09
       8.9597E-09  8.9106E-09  1.0438E-08  1.0019E-08  1.0268E-08  1.0057E-08  1.0280E-08  9.5343E-09  9.9373E-09  9.9045E-09
       9.4931E-09  9.7712E-09  1.0497E-08  9.2562E-09  1.0373E-08  9.7138E-09  9.4790E-09  9.3475E-09  9.3847E-09  9.5361E-09
       1.0417E-08  8.6407E-09  8.8518E-09  9.0535E-09  9.0547E-09  9.0571E-09  8.6612E-09  8.2831E-09  7.7136E-09  7.9264E-09
       7.8769E-09  7.6318E-09  7.5893E-09  7.2123E-09  7.8298E-09  7.2886E-09  6.9459E-09  7.1832E-09  6.7974E-09  6.8181E-09
       6.6536E-09  6.3450E-09  6.4509E-09  6.3137E-09  6.0329E-09  5.7987E-09  5.7365E-09  5.6813E-09  5.4096E-09  5.4213E-09
       5.0191E-09  5.0339E-09  4.9202E-09  4.5540E-09  4.7734E-09  4.7952E-09  4.5421E-09  4.4082E-09  4.1168E-09  4.0760E-09
       3.8886E-09  4.0774E-09  3.7288E-09  3.8281E-09  3.4795E-09  3.4861E-09  3.4151E-09  3.3467E-09  3.4041E-09  3.1386E-09
       2.9539E-09  3.0126E-09  2.9133E-09  2.7285E-09  2.7858E-09  2.8083E-09  2.7922E-09  2.5487E-09  2.4959E-09  2.5955E-09
       2.5355E-09  2.3178E-09  2.3216E-09  2.1226E-09  2.1543E-09  2.1104E-09  1.9422E-09  2.0542E-09  1.9040E-09  1.9135E-09
       5.8509E-09  8.3801E-09  9.0707E-09  8.7130E-09  9.1513E-09  1.0669E-08  8.5235E-09  8.1437E-09  9.3516E-09  9.3401E-09
       9.4544E-09  9.4364E-09  1.0895E-08  1.0969E-08  1.0588E-08  1.0532E-08  1.0413E-08  9.6094E-09  9.8587E-09  1.0080E-08
       1.0076E-08  1.0581E-08  1.0459E-08  1.0429E-08  1.0419E-08  9.9162E-09  9.4502E-09  9.9880E-09  1.0036E-08  9.6116E-09
       9.7141E-09  9.2231E-09  9.1262E-09  8.9492E-09  9.6037E-09  8.8152E-09  9.2305E-09  8.6085E-09  8.8472E-09  7.9256E-09
       8.3189E-09  8.1343E-09  8.0001E-09  7.8394E-09  7.9185E-09  7.7668E-09  7.1710E-09  7.5516E-09  6.9479E-09  7.2073E-09
       6.5995E-09  6.2566E-09  6.7644E-09  5.9080E-09  6.4165E-09  6.1098E-09  5.7831E-09  5.7472E-09  5.6819E-09  5.6158E-09
       5.2889E-09  4.9884E-09  5.1799E-09  5.2445E-09  4.7502E-09  4.7805E-09  4.5807E-09  4.5527E-09  4.3812E-09  4.4138E-09
       4.2833E-09  3.7404E-09  3.8513E-09  3.9033E-09  3.7613E-09  3.5841E-09  3.4315E-09  3.5541E-09  3.3931E-09  3.2853E-09
       3.3998E-09  3.1385E-09  3.0423E-09  2.8416E-09  2.9383E-09  2.7714E-09  2.6552E-09  2.8792E-09  2.7130E-09  2.5887E-09
       2.3516E-09  2.2657E-09  2.3826E-09  2.2219E-09  2.2094E-09  2.2334E-09  2.0193E-09  2.2039E-09  2.0269E-09  1.9925E-09
       6.6927E-09  9.0498E-09  9.5784E-09  8.8040E-09  8.3906E-09  9.4621E-09  8.2643E-09  1.0373E-08  1.0421E-08  9.7780E-09
       9.8063E-09  9.2649E-09  9.5812E-09  1.0564E-08  1.1368E-08  9.8109E-09  1.0153E-08  1.0626E-08  1.1418E-08  1.1010E-08
       9.9845E-09  1.0514E-08  1.0642E-08  1.0883E-08  1.0508E-08  1.0635E-08  1.0035E-08  1.0156E-08  9.6265E-09  1.0621E-08
       1.0036E-08  9.6374E-09  9.3228E-09  1.0101E-08  9.4319E-09  8.9614E-09  9.1017E-09  9.4954E-09  9.1949E-09  8.9285E-09
       8.8964E-09  8.5802E-09  8.2224E-09  8.2905E-09  8.0492E-09  7.4754E-09  7.6000E-09  7.2680E-09  6.9279E-09  7.2558E-09
       7.0421E-09  6.7195E-09  6.7202E-09  6.4867E-09  6.5317E-09  6.3176E-09  6.1494E-09  5.6867E-09  5.8708E-09  5.6361E-09
       5.5258E-09  5.6355E-09  5.2351E-09  4.9757E-09  5.2048E-09  4.9472E-09  4.8403E-09  4.4885E-09  4.3170E-09  4.4690E-09
       4.1176E-09  4.0544E-09  4.0501E-09  3.9307E-09  3.7034E-09  3.6692E-09  3.7209E-09  3.6284E-09  3.5156E-09  3.3249E-09
       3.3674E-09  3.3358E-09  3.2464E-09  3.0258E-09  3.1530E-09  2.9519E-09  2.7488E-09  2.8984E-09  2.5918E-09  2.5920E-09
       2.6624E-09  2.6526E-09  2.4822E-09  2.2923E-09  2.4478E-09  2.4077E-09  2.0902E-09  2.1906E-09  2.0787E-09  2.0107E-09
       5.8897E-09  9.7399E-09  7.9929E-09  1.0389E-08  9.1559E-09  1.0862E-08  9.1711E-09  9.7611E-09  9.8072E-09  1.0315E-08
       1.0738E-08  1.1303E-08  1.0747E-08  1.0678E-08  1.1544E-08  1.0676E-08  1.1367E-08  1.0758E-08  1.2085E-08  1.1683E-08
       9.9493E-09  1.0751E-08  1.1286E-08  1.1152E-08  1.1965E-08  1.1622E-08  1.0404E-08  1.0666E-08  1.1205E-08  1.0568E-08
       1.0265E-08  1.0093E-08  1.0106E-08  9.5659E-09  1.0128E-08  9.8628E-09  9.5441E-09  9.2797E-09  9.4377E-09  9.1444E-09
       8.8392E-09  8.9077E-09  8.6283E-09  8.3196E-09  8.0342E-09  7.9444E-09  7.9973E-09  7.8534E-09  7.4369E-09  7.3036E-09
       7.4327E-09  7.0810E-09  6.9212E-09  6.7135E-09  6.4778E-09  6.0012E-09  6.0371E-09  6.4086E-09  6.0904E-09  5.8876E-09
       5.9276E-09  5.3545E-09  5.4667E-09  5.1799E-09  5.3924E-09  4.7688E-09  4.9462E-09  4.6472E-09  4.8802E-09  4.2796E-09
       4.5386E-09  4.2910E-09  3.9672E-09  4.1039E-09  3.9391E-09  3.9978E-09  3.6609E-09  3.6843E-09  3.4260E-09  3.5796E-09
       3.3568E-09  3.3371E-09  3.4006E-09  3.1003E-09  2.9695E-09  3.0242E-09  2.8477E-09  2.8447E-09  2.6520E-09  2.5531E-09
       2.4198E-09  2.4863E-09  2.4083E-09  2.4386E-09  2.3081E-09  2.3794E-09  2.1315E-09  2.1356E-09  1.9527E-09  2.0559E-09
       8.2052E-09  1.0735E-08  1.1363E-08  1.1561E-08  1.0142E-08  1.1695E-08  1.3033E-08  1.0471E-08  9.9766E-09  1.0574E-08
       1.1278E-08  1.0581E-08  1.2604E-08  1.1331E-08  1.1993E-08  1.1402E-08  1.1446E-08  1.1477E-08  1.2500E-08  1.2270E-08
       1.2100E-08  1.1496E-08  1.2006E-08  1.1481E-08  1.2229E-08  1.1238E-08  1.1479E-08  1.1347E-08  1.0935E-08  1.0848E-08
       1.1265E-08  1.0409E-08  1.0730E-08  1.0229E-08  1.0260E-08  9.8013E-09  1.0002E-08  9.8331E-09  9.3664E-09  9.4279E-09
       9.5460E-09  8.7621E-09  8.9261E-09  9.2040E-09  8.3065E-09  8.2311E-09  7.9351E-09  7.3506E-09  8.0265E-09  8.0545E-09
       7.4694E-09  7.1319E-09  6.9642E-09  6.4697E-09  6.7585E-09  6.4121E-09  6.3957E-09  6.1299E-09  6.2259E-09  6.0974E-09
       6.0453E-09  5.9431E-09  5.5436E-09  5.2581E-09  5.2965E-09  5.3506E-09  4.7631E-09  4.8088E-09  4.7948E-09  4.6081E-09
       4.3730E-09  4.3472E-09  4.3583E-09  4.2087E-09  3.9575E-09  4.1017E-09  3.8599E-09  3.7867E-09  3.7701E-09  3.5343E-09
       3.4495E-09  3.4127E-09  3.2265E-09  3.0249E-09  3.2971E-09  2.9399E-09  2.8544E-09  2.9091E-09  2.7238E-09  2.8068E-09
       2.7688E-09  2.4503E-09  2.5304E-09  2.2703E-09  2.3415E-09  2.4005E-09  2.2484E-09  2.2075E-09  2.1091E-09  2.2065E-09
       1.1391E-08  1.0385E-08  9.8023E-09  1.0752E-08  1.2719E-08  1.1669E-08  1.1562E-08  1.1461E-08  1.0753E-08  1.1487E-08
       1.1935E-08  1.1722E-08  1.2624E-08  1.1908E-08  1.1783E-08  1.1910E-08  1.1875E-08  1.1793E-08  1.2699E-08  1.1648E-08
       1.1799E-08  1.2613E-08  1.1696E-08  1.2558E-08  1.1433E-08  1.2812E-08  1.2184E-08  1.1668E-08  1.1970E-08  1.1361E-08
       1.1378E-08  1.1631E-08  1.0670E-08  1.0399E-08  1.0957E-08  9.9256E-09  9.7588E-09  1.0262E-08  1.0069E-08  1.0057E-08
       9.6758E-09  8.8754E-09  9.0242E-09  9.0035E-09  9.0560E-09  8.6397E-09  8.4862E-09  8.3105E-09  8.1828E-09  7.8126E-09
       7.6475E-09  7.1873E-09  7.1472E-09  6.9778E-09  7.1945E-09  7.0838E-09  6.4737E-09  6.4672E-09  6.2043E-09  6.1704E-09
       6.0749E-09  5.6158E-09  5.5987E-09  5.5494E-09  5.3790E-09  5.6674E-09  5.1517E-09  5.0362E-09  4.6816E-09  4.8084E-09
       4.8535E-09  4.5640E-09  4.2880E-09  4.4144E-09  4.0301E-09  3.7637E-09  4.0784E-09  3.9732E-09  3.6718E-09  3.6887E-09
       3.5141E-09  3.3221E-09  3.3693E-09  3.1461E-09  3.2642E-09  3.0607E-09  2.9300E-09  3.0372E-09  2.8538E-09  2.7095E-09
       2.6418E-09  2.6478E-09  2.4564E-09  2.4098E-09  2.4337E-09  2.3461E-09  2.1972E-09  2.3627E-09  2.2994E-09  1.8762E-09
       7.0139E-09  1.1086E-08  1.2695E-08  1.0814E-08  1.1202E-08  1.1573E-08  1.1191E-08  1.1618E-08  1.2074E-08  1.2134E-08
       1.2461E-08  1.2105E-08  1.4213E-08  1.2716E-08  1.3487E-08  1.2648E-08  1.3862E-08  1.2769E-08  1.3691E-08  1.3161E-08
       1.2828E-08  1.2855E-08  1.3105E-08  1.2419E-08  1.2670E-08  1.2123E-08  1.2329E-08  1.1850E-08  1.2054E-08  1.2208E-08
       1.1798E-08  1.2037E-08  1.1595E-08  1.1188E-08  1.0923E-08  1.0733E-08  1.0742E-08  1.0620E-08  1.0208E-08  1.0984E-08
       1.0146E-08  1.0047E-08  9.3020E-09  1.0001E-08  8.8864E-09  9.4188E-09  8.7456E-09  8.6067E-09  8.1710E-09  8.1080E-09
       8.1688E-09  7.1814E-09  7.3189E-09  7.2950E-09  7.3065E-09  6.7675E-09  6.8678E-09  6.4359E-09  6.6406E-09  6.2422E-09
       6.2083E-09  6.1110E-09  5.9882E-09  5.5895E-09  5.3862E-09  5.2719E-09  5.0110E-09  5.2023E-09  5.0335E-09  4.6230E-09
       4.7100E-09  4.5397E-09  4.5421E-09  4.2991E-09  4.0718E-09  3.9706E-09  4.0590E-09  3.7523E-09  3.7913E-09  3.6435E-09
       3.5328E-09  3.5309E-09  3.4755E-09  3.3032E-09  3.1199E-09  3.2829E-09  2.9522E-09  3.1586E-09  2.7613E-09  2.8108E-09
       2.8571E-09  2.5924E-09  2.5523E-09  2.5309E-09  2.5287E-09  2.2735E-09  2.2142E-09  2.0709E-09  2.1280E-09  1.9568E-09
       7.9989E-09  8.8653E-09  1.2122E-08  1.0801E-08  1.1270E-08  1.2164E-08  1.1377E-08  1.1992E-08  1.1606E-08  1.1847E-08
       1.2510E-08  1.2979E-08  1.3675E-08  1.3883E-08  1.3986E-08  1.3866E-08  1.3333E-08  1.4068E-08  1.3479E-08  1.3968E-08
       1.2718E-08  1.3921E-08  1.3586E-08  1.3438E-08  1.2987E-08  1.3243E-08  1.3162E-08  1.2933E-08  1.2970E-08  1.2137E-08
       1.2183E-08  1.2252E-08  1.1904E-08  1.1264E-08  1.1396E-08  1.1478E-08  1.1515E-08  1.1332E-08  1.0714E-08  1.0646E-08
       1.0083E-08  1.0171E-08  9.6547E-09  9.6444E-09  9.4281E-09  9.2168E-09  8.6651E-09  8.4301E-09  8.5328E-09  8.3767E-09
       8.0561E-09  8.1441E-09  7.4771E-09  7.1466E-09  7.1016E-09  7.3543E-09  6.8813E-09  6.5657E-09  6.7192E-09  6.1752E-09
       6.2230E-09  6.4516E-09  5.9992E-09  5.8022E-09  5.7202E-09  5.2570E-09  5.6346E-09  4.9358E-09  5.2109E-09  5.0848E-09
       5.0831E-09  4.8893E-09  4.4801E-09  4.3787E-09  4.5097E-09  4.3637E-09  4.2291E-09  3.8893E-09  3.8364E-09  3.7644E-09
       3.6270E-09  3.6066E-09  3.3870E-09  3.4771E-09  3.1937E-09  3.1663E-09  3.2771E-09  3.3274E-09  2.9756E-09  2.7989E-09
       2.7770E-09  2.5667E-09  2.4254E-09  2.5670E-09  2.5335E-09  2.5042E-09  2.3537E-09  2.1834E-09  2.1209E-09  2.0796E-09
       9.4025E-09  1.2407E-08  1.3170E-08  1.2081E-08  1.2822E-08  1.2350E-08  1.2650E-08  1.2190E-08  1.3218E-08  1.2576E-08
       1.3072E-08  1.3238E-08  1.3111E-08  1.4666E-08  1.3691E-08  1.4151E-08  1.4250E-08  1.4184E-08  1.4831E-08  1.4676E-08
       1.3262E-08  1.4167E-08  1.4428E-08  1.3919E-08  1.3644E-08  1.2870E-08  1.3815E-08  1.3391E-08  1.3395E-08  1.3185E-08
       1.2801E-08  1.2928E-08  1.3051E-08  1.2382E-08  1.2301E-08  1.2001E-08  1.1438E-08  1.1340E-08  1.1804E-08  1.0591E-08
       1.0469E-08  9.9499E-09  1.0151E-08  1.0216E-08  9.5715E-09  9.5755E-09  9.3487E-09  9.1940E-09  8.7313E-09  8.9738E-09
       8.2813E-09  8.7974E-09  8.3737E-09  7.6057E-09  8.0334E-09  7.2852E-09  7.5791E-09  6.9809E-09  6.9401E-09  6.5736E-09
       6.7556E-09  6.4789E-09  6.4584E-09  5.9698E-09  5.9020E-09  5.5103E-09  5.6769E-09  5.1716E-09  5.6292E-09  5.1459E-09
       4.8807E-09  4.9080E-09  4.4538E-09  4.5135E-09  4.5826E-09  4.1437E-09  4.1806E-09  3.8900E-09  3.7856E-09  4.0202E-09
       3.7826E-09  3.6430E-09  3.6329E-09  3.2837E-09  3.1669E-09  3.2759E-09  3.2735E-09  3.1262E-09  3.0054E-09  2.9594E-09
       2.8409E-09  2.6501E-09  2.6049E-09  2.4961E-09  2.4573E-09  2.5530E-09  2.5828E-09  2.1379E-09  2.1727E-09  2.0126E-09
       7.8742E-09  1.2406E-08  1.3752E-08  1.3461E-08  1.4306E-08  1.2489E-08  1.2659E-08  1.1683E-08  1.3985E-08  1.3343E-08
       1.4553E-08  1.4528E-08  1.4341E-08  1.3559E-08  1.5350E-08  1.4759E-08  1.3805E-08  1.4276E-08  1.4707E-08  1.4224E-08
       1.5334E-08  1.4997E-08  1.4276E-08  1.4411E-08  1.4193E-08  1.4716E-08  1.3956E-08  1.3866E-08  1.3603E-08  1.3308E-08
       1.2980E-08  1.2924E-08  1.3299E-08  1.3282E-08  1.2469E-08  1.1907E-08  1.1890E-08  1.1516E-08  1.1026E-08  1.1258E-08
       1.1364E-08  1.1046E-08  1.0928E-08  1.0385E-08  9.6600E-09  9.5692E-09  9.5691E-09  9.3198E-09  9.6548E-09  9.1251E-09
       8.6103E-09  8.3633E-09  8.0914E-09  7.9423E-09  7.7068E-09  7.5580E-09  7.4856E-09  6.9798E-09  6.8703E-09  6.6978E-09
       6.8007E-09  7.0899E-09  6.6959E-09  5.9466E-09  6.1695E-09  5.7749E-09  5.6478E-09  5.3470E-09  5.5379E-09  5.2537E-09
       5.1975E-09  5.0978E-09  4.9511E-09  4.5964E-09  4.5383E-09  4.3941E-09  4.0903E-09  4.1815E-09  4.1918E-09  3.9253E-09
       3.7781E-09  3.7670E-09  3.7409E-09  3.4114E-09  3.1848E-09  3.3080E-09  3.3843E-09  3.2367E-09  3.2139E-09  3.0149E-09
       2.8185E-09  2.8625E-09  2.9508E-09  2.5712E-09  2.6396E-09  2.4747E-09  2.4587E-09  2.4121E-09  2.3501E-09  2.2503E-09
       1.5527E-08  1.4032E-08  1.3871E-08  1.2075E-08  1.5482E-08  1.2835E-08  1.2483E-08  1.4774E-08  1.4989E-08  1.4715E-08
       1.4586E-08  1.5530E-08  1.5905E-08  1.6101E-08  1.5245E-08  1.6062E-08  1.5452E-08  1.5153E-08  1.6314E-08  1.5075E-08
       1.5248E-08  1.5787E-08  1.5764E-08  1.5052E-08  1.5173E-08  1.4778E-08  1.5022E-08  1.4018E-08  1.4368E-08  1.4994E-08
       1.3094E-08  1.4318E-08  1.4058E-08  1.3660E-08  1.2585E-08  1.2586E-08  1.2310E-08  1.2125E-08  1.1587E-08  1.1894E-08
       1.1869E-08  1.1176E-08  1.0634E-08  1.0789E-08  1.0691E-08  1.0601E-08  1.0120E-08  1.0072E-08  9.1040E-09  9.2566E-09
       9.2513E-09  8.4789E-09  8.7218E-09  8.0746E-09  8.0910E-09  7.8602E-09  7.4696E-09  7.4723E-09  7.0920E-09  7.0997E-09
       6.7636E-09  6.2833E-09  6.6711E-09  6.4253E-09  6.3616E-09  5.9711E-09  5.6891E-09  5.7099E-09  5.6871E-09  5.4942E-09
       5.2069E-09  4.9313E-09  4.6507E-09  4.7421E-09  4.7141E-09  4.3745E-09  4.5243E-09  4.2004E-09  4.2414E-09  3.9097E-09
       4.0090E-09  3.7995E-09  3.6793E-09  3.5475E-09  3.4014E-09  3.4543E-09  3.2150E-09  3.0842E-09  2.9527E-09  3.1006E-09
       2.9752E-09  2.8202E-09  2.6786E-09  2.5994E-09  2.7284E-09  2.5286E-09  2.4948E-09  2.3857E-09  2.3602E-09  2.3061E-09
       8.4264E-09  1.0776E-08  1.3864E-08  1.5231E-08  1.4268E-08  1.3260E-08  1.4192E-08  1.4883E-08  1.4306E-08  1.5445E-08
       1.5892E-08  1.5988E-08  1.4968E-08  1.5189E-08  1.7460E-08  1.6097E-08  1.6542E-08  1.6587E-08  1.6967E-08  1.6058E-08
       1.6443E-08  1.6611E-08  1.6171E-08  1.6563E-08  1.6656E-08  1.5899E-08  1.5972E-08  1.4938E-08  1.5492E-08  1.5591E-08
       1.4799E-08  1.4419E-08  1.4151E-08  1.3516E-08  1.2649E-08  1.2825E-08  1.2409E-08  1.2372E-08  1.1908E-08  1.2408E-08
       1.1791E-08  1.0711E-08  1.1879E-08  1.0763E-08  1.1407E-08  1.0415E-08  1.0099E-08  9.8431E-09  9.9249E-09  9.2659E-09
       9.4581E-09  8.9100E-09  8.7150E-09  8.6952E-09  8.2181E-09  8.0726E-09  7.8179E-09  7.5360E-09  7.7066E-09  7.5969E-09
       6.7286E-09  7.1865E-09  6.6874E-09  6.4639E-09  6.6942E-09  6.3590E-09  5.7281E-09  5.7025E-09  5.8373E-09  5.4617E-09
       5.2906E-09  5.0937E-09  5.0663E-09  4.8030E-09  4.8624E-09  4.6046E-09  4.3770E-09  4.2564E-09  4.1388E-09  3.9842E-09
       4.0440E-09  3.8895E-09  3.7451E-09  3.8863E-09  3.6286E-09  3.3703E-09  3.3051E-09  3.1004E-09  3.1050E-09  2.9432E-09
       3.1096E-09  2.8398E-09  2.8374E-09  2.8917E-09  2.7222E-09  2.6030E-09  2.5436E-09  2.4159E-09  2.4762E-09  2.3313E-09
       1.7583E-08  1.2151E-08  1.6336E-08  1.7277E-08  1.3662E-08  1.3341E-08  1.5032E-08  1.5890E-08  1.6298E-08  1.8004E-08
       1.7140E-08  1.8118E-08  1.6195E-08  1.6582E-08  1.6394E-08  1.7445E-08  1.6952E-08  1.7905E-08  1.7063E-08  1.7267E-08
       1.8169E-08  1.6334E-08  1.7328E-08  1.5678E-08  1.6506E-08  1.5807E-08  1.7281E-08  1.6600E-08  1.5698E-08  1.5743E-08
       1.5001E-08  1.5047E-08  1.4487E-08  1.4433E-08  1.4077E-08  1.2833E-08  1.3876E-08  1.3834E-08  1.2652E-08  1.2440E-08
       1.2497E-08  1.2423E-08  1.1634E-08  1.1119E-08  1.1171E-08  1.1060E-08  1.0903E-08  1.0305E-08  1.0014E-08  1.0275E-08
       1.0172E-08  9.2161E-09  9.5452E-09  8.9703E-09  8.4845E-09  8.0790E-09  7.9372E-09  8.0110E-09  7.5012E-09  7.5456E-09
       6.8365E-09  7.3174E-09  6.7512E-09  6.6292E-09  6.6110E-09  6.2529E-09  6.0622E-09  5.7426E-09  5.5885E-09  5.7326E-09
       5.3667E-09  5.2959E-09  5.1747E-09  4.9357E-09  5.0256E-09  4.7813E-09  4.5571E-09  4.4478E-09  4.3604E-09  4.1498E-09
       3.9753E-09  4.1607E-09  3.7813E-09  3.7709E-09  3.6978E-09  3.5162E-09  3.5769E-09  3.2136E-09  3.2263E-09  3.0897E-09
       3.1262E-09  3.0419E-09  3.0005E-09  2.6721E-09  2.6811E-09  2.7587E-09  2.4876E-09  2.5314E-09  2.3332E-09  2.3750E-09
       1.2888E-08  1.6266E-08  1.4247E-08  1.4529E-08  1.3621E-08  1.5773E-08  1.5470E-08  1.6798E-08  1.6880E-08  1.7284E-08
       1.7717E-08  1.7230E-08  1.7926E-08  1.8401E-08  1.8435E-08  1.7652E-08  1.8137E-08  1.7933E-08  1.9013E-08  1.7776E-08
       1.7981E-08  1.8014E-08  1.7981E-08  1.7673E-08  1.7308E-08  1.6387E-08  1.6737E-08  1.7307E-08  1.6694E-08  1.6425E-08
       1.5883E-08  1.6399E-08  1.5497E-08  1.4113E-08  1.5335E-08  1.4755E-08  1.3972E-08  1.3907E-08  1.3237E-08  1.3151E-08
       1.3309E-08  1.2780E-08  1.2074E-08  1.1988E-08  1.2349E-08  1.1734E-08  1.0814E-08  1.0857E-08  1.0148E-08  1.0444E-08
       1.0007E-08  9.9085E-09  9.5431E-09  9.0229E-09  9.1099E-09  8.6731E-09  8.5294E-09  8.3646E-09  8.0064E-09  7.6509E-09
       7.4738E-09  7.2820E-09  6.6078E-09  6.9479E-09  6.7768E-09  6.5968E-09  6.1393E-09  5.8818E-09  5.9907E-09  6.0122E-09
       5.7032E-09  5.4784E-09  4.8530E-09  5.3652E-09  5.2023E-09  4.5910E-09  4.7453E-09  4.5500E-09  4.4142E-09  4.1621E-09
       4.2152E-09  3.8584E-09  3.7637E-09  3.9686E-09  3.7868E-09  3.6531E-09  3.5851E-09  3.5313E-09  3.4556E-09  3.1577E-09
       3.1994E-09  2.9937E-09  2.8956E-09  2.7160E-09  2.9499E-09  2.5854E-09  2.6484E-09  2.5362E-09  2.4780E-09  2.5707E-09
       1.9558E-08  1.5280E-08  1.5727E-08  1.8320E-08  1.6761E-08  1.6806E-08  1.7063E-08  1.6617E-08  1.6721E-08  1.7847E-08
       1.8360E-08  1.8694E-08  1.8985E-08  1.8552E-08  1.9425E-08  1.9786E-08  1.7971E-08  1.8231E-08  1.8806E-08  1.9256E-08
       1.8163E-08  1.9874E-08  1.9493E-08  1.8662E-08  1.7952E-08  1.8750E-08  1.6909E-08  1.6745E-08  1.6429E-08  1.6905E-08
       1.6143E-08  1.6920E-08  1.6311E-08  1.6090E-08  1.5527E-08  1.5581E-08  1.4143E-08  1.5120E-08  1.4264E-08  1.3365E-08
       1.3746E-08  1.3046E-08  1.2979E-08  1.2278E-08  1.2288E-08  1.2088E-08  1.1708E-08  1.1132E-08  1.0898E-08  1.1136E-08
       1.0264E-08  9.5963E-09  1.0019E-08  9.5366E-09  9.2031E-09  9.0627E-09  8.4161E-09  8.3272E-09  7.9072E-09  8.0616E-09
       7.3178E-09  7.3258E-09  7.2899E-09  6.9798E-09  6.5426E-09  6.6486E-09  6.6239E-09  6.3374E-09  6.1062E-09  5.8547E-09
       5.7266E-09  5.5483E-09  5.4664E-09  4.7737E-09  5.0770E-09  5.0974E-09  4.7196E-09  4.6850E-09  4.4754E-09  4.2733E-09
       4.2033E-09  4.2210E-09  4.0525E-09  3.8894E-09  4.0720E-09  3.6163E-09  3.7468E-09  3.6070E-09  3.3475E-09  3.1218E-09
       2.9365E-09  3.0119E-09  2.7590E-09  2.7138E-09  2.6168E-09  2.7948E-09  2.5574E-09  2.4151E-09  2.4545E-09  2.3567E-09
       1.0981E-08  1.2857E-08  1.6952E-08  1.8949E-08  1.7015E-08  1.8051E-08  1.8453E-08  1.9357E-08  1.8535E-08  1.8926E-08
       1.9198E-08  1.9802E-08  2.0227E-08  2.0429E-08  2.0730E-08  2.2506E-08  2.0709E-08  2.1315E-08  2.0315E-08  1.8954E-08
       2.0137E-08  1.9044E-08  1.9299E-08  1.9402E-08  1.8325E-08  1.9420E-08  1.8298E-08  1.8299E-08  1.8189E-08  1.7072E-08
       1.7642E-08  1.6659E-08  1.6957E-08  1.7369E-08  1.5828E-08  1.5573E-08  1.5134E-08  1.4967E-08  1.4165E-08  1.4122E-08
       1.3468E-08  1.3743E-08  1.3302E-08  1.2450E-08  1.2139E-08  1.1713E-08  1.1563E-08  1.1317E-08  1.1221E-08  1.1404E-08
       1.0271E-08  9.9160E-09  1.0025E-08  9.3858E-09  9.3433E-09  9.1281E-09  8.7951E-09  8.8309E-09  8.1780E-09  7.9533E-09
       8.1548E-09  7.5756E-09  7.3902E-09  6.9857E-09  6.8434E-09  7.1413E-09  6.4882E-09  6.1981E-09  6.1175E-09  5.9223E-09
       5.7636E-09  5.5725E-09  5.7389E-09  5.7645E-09  5.0076E-09  4.9618E-09  5.0541E-09  4.6154E-09  4.6451E-09  4.4340E-09
       4.4832E-09  4.2198E-09  4.0424E-09  4.0135E-09  3.8508E-09  3.7378E-09  3.7199E-09  3.3345E-09  3.3729E-09  3.3791E-09
       3.0727E-09  3.0967E-09  2.9588E-09  2.9411E-09  2.9335E-09  2.8889E-09  2.8058E-09  2.5217E-09  2.5467E-09  2.5757E-09
       1.1021E-08  2.0062E-08  1.7201E-08  1.4302E-08  1.7473E-08  1.7833E-08  1.8161E-08  1.9506E-08  1.9644E-08  2.0155E-08
       2.0491E-08  2.0794E-08  2.1334E-08  2.0869E-08  2.0532E-08  2.0784E-08  2.2067E-08  2.1292E-08  2.1435E-08  2.2513E-08
       2.0415E-08  2.1295E-08  2.0468E-08  2.0598E-08  2.0521E-08  2.0555E-08  1.9384E-08  1.8941E-08  1.9083E-08  1.8867E-08
       1.8316E-08  1.7764E-08  1.7062E-08  1.6754E-08  1.6796E-08  1.5153E-08  1.6039E-08  1.5798E-08  1.5292E-08  1.5271E-08
       1.4243E-08  1.4016E-08  1.4262E-08  1.3549E-08  1.2991E-08  1.3181E-08  1.1578E-08  1.1608E-08  1.1423E-08  1.1227E-08
       1.0723E-08  1.0803E-08  1.0523E-08  9.9458E-09  9.3797E-09  9.3010E-09  8.8742E-09  8.6685E-09  8.4911E-09  8.1777E-09
       8.0866E-09  7.9456E-09  7.4425E-09  7.5185E-09  7.3934E-09  7.1074E-09  6.8304E-09  6.4413E-09  6.4729E-09  6.2376E-09
       6.0880E-09  5.6615E-09  5.7624E-09  5.3231E-09  5.1531E-09  5.1894E-09  4.8606E-09  4.9917E-09  4.6876E-09  4.3551E-09
       4.2410E-09  4.2588E-09  4.0849E-09  4.1733E-09  3.8248E-09  3.5786E-09  3.5127E-09  3.4782E-09  3.3661E-09  3.2956E-09
       3.1350E-09  3.1474E-09  2.9955E-09  3.0485E-09  2.9165E-09  2.8181E-09  2.7699E-09  2.5879E-09  2.5410E-09  2.5246E-09
       1.4050E-08  2.2833E-08  1.9581E-08  1.9961E-08  1.8916E-08  1.8855E-08  1.8258E-08  2.0460E-08  2.0104E-08  2.0275E-08
       2.1869E-08  2.1332E-08  2.1501E-08  2.4039E-08  2.1669E-08  2.2336E-08  2.3470E-08  2.2320E-08  2.1436E-08  2.2177E-08
       2.2182E-08  2.2000E-08  2.1461E-08  2.2605E-08  2.1043E-08  2.0745E-08  1.9952E-08  1.9851E-08  1.9591E-08  1.9204E-08
       1.9459E-08  1.8303E-08  1.8903E-08  1.8570E-08  1.7511E-08  1.7342E-08  1.6592E-08  1.6663E-08  1.6100E-08  1.5124E-08
       1.4940E-08  1.4489E-08  1.4246E-08  1.4310E-08  1.3506E-08  1.3002E-08  1.2953E-08  1.2626E-08  1.1800E-08  1.1468E-08
       1.1254E-08  1.1091E-08  1.0548E-08  1.0646E-08  9.8459E-09  9.6257E-09  9.1400E-09  8.7786E-09  8.9658E-09  8.2888E-09
       8.7021E-09  8.3690E-09  7.6959E-09  7.7977E-09  7.3889E-09  7.3873E-09  6.7752E-09  6.4496E-09  6.6911E-09  6.2891E-09
       5.9909E-09  5.7693E-09  5.6948E-09  5.4708E-09  5.7200E-09  5.3112E-09  4.9881E-09  4.6814E-09  5.0112E-09  4.4641E-09
       4.5960E-09  4.6162E-09  4.3565E-09  4.1321E-09  3.8919E-09  3.6697E-09  3.7342E-09  3.7753E-09  3.5486E-09  3.3641E-09
       3.2801E-09  3.1732E-09  3.1423E-09  2.8408E-09  2.8907E-09  3.0845E-09  2.6487E-09  2.8765E-09  2.6774E-09  2.5953E-09
       1.3006E-08  1.8125E-08  2.1707E-08  1.9342E-08  2.0700E-08  2.1570E-08  2.0505E-08  2.2117E-08  2.0607E-08  2.2999E-08
       2.2480E-08  2.2678E-08  2.5104E-08  2.3964E-08  2.4415E-08  2.4022E-08  2.4434E-08  2.5452E-08  2.3471E-08  2.4241E-08
       2.3857E-08  2.3873E-08  2.2510E-08  2.1665E-08  2.2097E-08  2.1545E-08  2.1596E-08  2.1284E-08  2.0172E-08  2.0159E-08
       1.9965E-08  1.9237E-08  1.8897E-08  1.8430E-08  1.8289E-08  1.7486E-08  1.7019E-08  1.7137E-08  1.6311E-08  1.5867E-08
       1.5138E-08  1.5638E-08  1.4118E-08  1.4522E-08  1.4031E-08  1.3513E-08  1.2890E-08  1.2520E-08  1.2496E-08  1.2350E-08
       1.2155E-08  1.1021E-08  1.1026E-08  1.0744E-08  1.0648E-08  9.7828E-09  9.7677E-09  9.4106E-09  9.2683E-09  8.8542E-09
       8.4459E-09  8.3803E-09  8.0095E-09  8.0673E-09  7.3917E-09  7.4219E-09  7.0996E-09  6.7436E-09  6.6698E-09  6.2787E-09
       6.0227E-09  6.2190E-09  6.2560E-09  5.8724E-09  5.7871E-09  5.5406E-09  5.3726E-09  4.8779E-09  4.8747E-09  4.8664E-09
       4.5176E-09  4.5523E-09  4.3071E-09  4.0293E-09  3.9454E-09  4.0706E-09  3.8501E-09  3.5652E-09  3.3953E-09  3.5499E-09
       3.4193E-09  3.2032E-09  3.2597E-09  3.1359E-09  2.9189E-09  2.8189E-09  2.8923E-09  2.7112E-09  2.4518E-09  2.5808E-09
       1.5968E-08  2.1193E-08  2.0652E-08  2.0014E-08  2.1519E-08  1.9882E-08  2.1747E-08  2.1957E-08  2.3787E-08  2.4385E-08
       2.5145E-08  2.2679E-08  2.3861E-08  2.5192E-08  2.5861E-08  2.5629E-08  2.5587E-08  2.5264E-08  2.6430E-08  2.5261E-08
       2.4403E-08  2.4667E-08  2.4061E-08  2.3243E-08  2.2708E-08  2.2847E-08  2.1978E-08  2.2614E-08  2.1424E-08  2.1407E-08
       2.1052E-08  2.0679E-08  1.9919E-08  1.9799E-08  1.9455E-08  1.7673E-08  1.8183E-08  1.8375E-08  1.6893E-08  1.6992E-08
       1.6177E-08  1.4760E-08  1.5415E-08  1.5303E-08  1.4013E-08  1.3931E-08  1.3295E-08  1.2969E-08  1.2721E-08  1.2219E-08
       1.2047E-08  1.1514E-08  1.1164E-08  1.1266E-08  1.0683E-08  1.0123E-08  9.8715E-09  9.6158E-09  9.3168E-09  9.0087E-09
       8.5422E-09  8.3847E-09  8.4712E-09  7.9602E-09  7.6484E-09  7.3007E-09  7.2206E-09  7.1158E-09  6.7241E-09  6.7673E-09
       6.3019E-09  6.3883E-09  5.6902E-09  5.5480E-09  5.4715E-09  5.1852E-09  5.0536E-09  5.1194E-09  4.7147E-09  4.8990E-09
       4.8723E-09  4.4559E-09  4.1150E-09  4.2194E-09  3.9622E-09  3.9700E-09  3.8275E-09  3.9004E-09  3.5499E-09  3.3294E-09
       3.2980E-09  3.2787E-09  3.1188E-09  3.0872E-09  2.9632E-09  3.0810E-09  2.9332E-09  2.7941E-09  2.7382E-09  2.6906E-09
       2.4923E-08  2.1669E-08  1.9044E-08  2.1402E-08  2.3418E-08  2.5046E-08  2.4542E-08  2.2277E-08  2.5386E-08  2.6328E-08
       2.5634E-08  2.5538E-08  2.6949E-08  2.7749E-08  2.7431E-08  2.6096E-08  2.6559E-08  2.5787E-08  2.7230E-08  2.5945E-08
       2.5961E-08  2.4643E-08  2.5227E-08  2.4772E-08  2.4569E-08  2.4479E-08  2.3324E-08  2.3291E-08  2.2351E-08  2.2703E-08
       2.1717E-08  2.1166E-08  2.1818E-08  1.9834E-08  1.9827E-08  1.9252E-08  1.8575E-08  1.8529E-08  1.7587E-08  1.7588E-08
       1.7233E-08  1.6011E-08  1.5581E-08  1.5356E-08  1.5256E-08  1.3910E-08  1.3488E-08  1.4064E-08  1.3379E-08  1.2338E-08
       1.2578E-08  1.1677E-08  1.1096E-08  1.1412E-08  1.0748E-08  1.0237E-08  1.0440E-08  9.6686E-09  9.9359E-09  9.2751E-09
       9.6537E-09  8.9484E-09  8.3124E-09  8.1656E-09  7.9051E-09  7.5093E-09  7.4288E-09  7.0640E-09  7.2782E-09  6.7668E-09
       6.5564E-09  6.3682E-09  6.1130E-09  5.9171E-09  5.7924E-09  5.4505E-09  5.5382E-09  5.0732E-09  4.8972E-09  5.0481E-09
       4.6226E-09  4.4135E-09  4.4897E-09  4.2943E-09  4.1175E-09  3.7825E-09  4.0312E-09  3.8179E-09  3.6913E-09  3.5209E-09
       3.5484E-09  3.3999E-09  3.2280E-09  3.1880E-09  3.2929E-09  3.0197E-09  2.8904E-09  2.8657E-09  2.7815E-09  2.6444E-09
       2.6076E-08  2.1182E-08  2.4629E-08  2.3877E-08  2.3784E-08  2.2226E-08  2.3421E-08  2.4681E-08  2.5813E-08  2.5214E-08
       2.8363E-08  2.8626E-08  2.8867E-08  2.8169E-08  2.8284E-08  2.7840E-08  2.8670E-08  2.9578E-08  2.8258E-08  2.9235E-08
       2.7917E-08  2.7623E-08  2.5835E-08  2.6894E-08  2.6059E-08  2.6541E-08  2.4270E-08  2.3622E-08  2.4064E-08  2.2807E-08
       2.2119E-08  2.2309E-08  2.1486E-08  2.0881E-08  2.1469E-08  2.0150E-08  1.9283E-08  1.9525E-08  1.8559E-08  1.7796E-08
       1.7794E-08  1.6978E-08  1.6757E-08  1.5781E-08  1.5296E-08  1.5300E-08  1.4285E-08  1.3720E-08  1.3599E-08  1.3299E-08
       1.3189E-08  1.2300E-08  1.2130E-08  1.1287E-08  1.1375E-08  1.0800E-08  1.0252E-08  9.8142E-09  9.8091E-09  9.3008E-09
       9.2430E-09  9.0196E-09  8.3894E-09  8.0329E-09  8.2078E-09  7.5968E-09  7.5504E-09  7.2732E-09  7.0814E-09  6.6440E-09
       6.6418E-09  6.2740E-09  6.2649E-09  6.1755E-09  5.6755E-09  5.7705E-09  5.4514E-09  5.3348E-09  5.3086E-09  5.0356E-09
       4.6904E-09  4.6723E-09  4.7980E-09  4.3567E-09  4.4344E-09  4.2191E-09  3.8471E-09  3.9118E-09  3.6095E-09  3.4735E-09
       3.5981E-09  3.2041E-09  3.2743E-09  3.2083E-09  3.1165E-09  2.9897E-09  2.9009E-09  2.8398E-09  2.7864E-09  2.7300E-09
       2.6428E-08  2.1670E-08  2.3798E-08  2.5233E-08  2.8444E-08  2.5291E-08  2.7798E-08  2.6320E-08  2.7335E-08  2.9339E-08
       2.7836E-08  3.0906E-08  3.1267E-08  2.9669E-08  3.0251E-08  2.9999E-08  3.0439E-08  3.0478E-08  3.0319E-08  2.9459E-08
       2.9380E-08  2.8393E-08  2.7907E-08  2.8446E-08  2.7936E-08  2.6535E-08  2.6003E-08  2.6326E-08  2.4772E-08  2.4284E-08
       2.4705E-08  2.2821E-08  2.1446E-08  2.3021E-08  2.0887E-08  2.1890E-08  2.0293E-08  1.9350E-08  1.8396E-08  1.8189E-08
       1.7897E-08  1.7232E-08  1.6906E-08  1.6747E-08  1.5972E-08  1.5655E-08  1.4806E-08  1.4582E-08  1.4112E-08  1.4026E-08
       1.3511E-08  1.3050E-08  1.2436E-08  1.2349E-08  1.1166E-08  1.1234E-08  1.0900E-08  1.0297E-08  1.0370E-08  9.8030E-09
       9.4629E-09  8.7571E-09  9.0262E-09  8.2762E-09  8.3840E-09  8.0941E-09  7.7155E-09  7.4638E-09  6.9179E-09  7.0255E-09
       6.4335E-09  6.6681E-09  6.4812E-09  6.0666E-09  6.1558E-09  5.5486E-09  5.5192E-09  5.3353E-09  5.4557E-09  4.8208E-09
       4.8911E-09  4.7512E-09  4.8693E-09  4.4220E-09  4.4320E-09  4.2631E-09  4.0270E-09  3.9205E-09  3.6711E-09  3.8715E-09
       3.5432E-09  3.6009E-09  3.3425E-09  3.3872E-09  3.1681E-09  2.9495E-09  3.1408E-09  2.8957E-09  2.7988E-09  2.8371E-09
       2.2673E-08  2.5198E-08  2.7732E-08  2.7214E-08  2.6750E-08  2.7081E-08  2.7532E-08  2.9892E-08  3.0723E-08  2.9372E-08
       3.0751E-08  3.2166E-08  2.9663E-08  3.1894E-08  3.2295E-08  3.2829E-08  3.2449E-08  3.1846E-08  3.2051E-08  3.0836E-08
       3.1215E-08  3.0101E-08  2.9706E-08  2.8982E-08  2.9436E-08  2.8115E-08  2.8271E-08  2.6669E-08  2.5238E-08  2.5335E-08
       2.4231E-08  2.4131E-08  2.3152E-08  2.2515E-08  2.2420E-08  2.0975E-08  2.1776E-08  2.0499E-08  2.0056E-08  1.9672E-08
       1.8544E-08  1.7833E-08  1.7691E-08  1.7826E-08  1.6180E-08  1.5671E-08  1.5875E-08  1.4870E-08  1.4485E-08  1.4166E-08
       1.3523E-08  1.3216E-08  1.2927E-08  1.2311E-08  1.1897E-08  1.1642E-08  1.0975E-08  1.1475E-08  1.0452E-08  1.0276E-08
       9.5996E-09  8.9920E-09  9.0951E-09  9.0429E-09  8.5063E-09  8.0097E-09  7.7048E-09  7.4258E-09  7.5960E-09  7.3263E-09
       7.0072E-09  6.5688E-09  6.3880E-09  6.5692E-09  5.9291E-09  5.9574E-09  5.6253E-09  5.5287E-09  5.2697E-09  5.0827E-09
       4.6837E-09  4.6648E-09  4.8706E-09  4.6181E-09  4.1857E-09  4.3841E-09  4.0807E-09  4.0816E-09  3.9119E-09  3.7641E-09
       3.5019E-09  3.6211E-09  3.3795E-09  3.2384E-09  3.0749E-09  3.0864E-09  2.8671E-09  3.1973E-09  2.8430E-09  2.8718E-09
       2.3005E-08  2.6252E-08  2.7496E-08  2.9570E-08  2.4762E-08  3.1109E-08  2.9504E-08  3.1337E-08  3.2253E-08  3.5031E-08
       3.1843E-08  3.4112E-08  3.4464E-08  3.3716E-08  3.3984E-08  3.4787E-08  3.3240E-08  3.3526E-08  3.2958E-08  3.2792E-08
       3.2512E-08  3.2208E-08  3.1768E-08  3.1906E-08  2.9913E-08  2.8526E-08  2.8622E-08  2.8201E-08  2.6908E-08  2.7017E-08
       2.5300E-08  2.4270E-08  2.5711E-08  2.3229E-08  2.2896E-08  2.3129E-08  2.1634E-08  2.1446E-08  2.0164E-08  1.9509E-08
       1.9475E-08  1.8818E-08  1.7777E-08  1.7762E-08  1.6625E-08  1.5955E-08  1.5798E-08  1.5131E-08  1.4548E-08  1.4577E-08
       1.4065E-08  1.3564E-08  1.3066E-08  1.2561E-08  1.2117E-08  1.1238E-08  1.0839E-08  1.0945E-08  1.0384E-08  1.0311E-08
       9.7007E-09  9.1843E-09  9.1460E-09  8.9678E-09  8.6978E-09  8.7056E-09  8.0991E-09  7.6417E-09  7.4879E-09  7.5186E-09
       7.3855E-09  6.9514E-09  6.4840E-09  6.5244E-09  6.0081E-09  6.1259E-09  6.0784E-09  5.6149E-09  5.3082E-09  5.3165E-09
       4.9651E-09  5.0684E-09  4.8160E-09  4.5878E-09  4.5032E-09  4.4050E-09  4.2987E-09  3.9487E-09  3.9994E-09  3.6890E-09
       3.6805E-09  3.5718E-09  3.4042E-09  3.4669E-09  3.1746E-09  3.1649E-09  3.0959E-09  3.0038E-09  2.8458E-09  2.6805E-09
       2.7246E-08  2.6470E-08  2.8705E-08  2.9602E-08  3.2043E-08  3.0338E-08  3.3695E-08  3.2006E-08  3.5179E-08  3.2592E-08
       3.5454E-08  3.6901E-08  3.5942E-08  3.6813E-08  3.5974E-08  3.5882E-08  3.5502E-08  3.6630E-08  3.5307E-08  3.6095E-08
       3.4121E-08  3.3287E-08  3.4273E-08  3.2393E-08  3.2785E-08  3.1603E-08  3.0928E-08  3.0006E-08  2.8957E-08  2.7595E-08
       2.7136E-08  2.7172E-08  2.5556E-08  2.5336E-08  2.4821E-08  2.2975E-08  2.3109E-08  2.1802E-08  2.0987E-08  2.0860E-08
       2.0210E-08  1.9835E-08  1.8850E-08  1.8226E-08  1.7682E-08  1.7148E-08  1.6704E-08  1.5843E-08  1.5104E-08  1.4780E-08
       1.4168E-08  1.3727E-08  1.3355E-08  1.3046E-08  1.2821E-08  1.1881E-08  1.1635E-08  1.1685E-08  1.0954E-08  1.0652E-08
       1.0144E-08  9.9054E-09  9.2703E-09  9.1271E-09  8.8389E-09  8.6868E-09  8.0700E-09  8.1870E-09  7.8975E-09  7.4287E-09
       7.2768E-09  6.7945E-09  6.9343E-09  6.3707E-09  6.1996E-09  6.0325E-09  6.0590E-09  5.3630E-09  5.3597E-09  5.2504E-09
       5.1555E-09  4.9249E-09  4.6900E-09  4.8124E-09  4.6163E-09  4.3597E-09  4.2906E-09  4.3119E-09  4.1404E-09  3.8499E-09
       3.7124E-09  3.5707E-09  3.4400E-09  3.4138E-09  3.2142E-09  2.9339E-09  2.9653E-09  2.9272E-09  3.0982E-09  2.9462E-09
       2.6725E-08  2.7730E-08  3.1335E-08  3.1304E-08  3.0248E-08  3.5469E-08  3.3844E-08  3.6770E-08  3.5585E-08  3.8500E-08
       3.7834E-08  3.7295E-08  3.7718E-08  3.8434E-08  4.0215E-08  3.9477E-08  3.9271E-08  3.8923E-08  3.8091E-08  3.7249E-08
       3.6577E-08  3.4251E-08  3.5672E-08  3.3903E-08  3.3836E-08  3.4168E-08  3.3212E-08  3.1278E-08  3.0786E-08  2.8584E-08
       2.8408E-08  2.8146E-08  2.7333E-08  2.5675E-08  2.5516E-08  2.5057E-08  2.3952E-08  2.3291E-08  2.2634E-08  2.1281E-08
       1.9939E-08  2.0700E-08  1.8964E-08  1.8643E-08  1.8635E-08  1.7205E-08  1.6700E-08  1.6113E-08  1.5961E-08  1.5283E-08
       1.4570E-08  1.4125E-08  1.3729E-08  1.3466E-08  1.2733E-08  1.2548E-08  1.2015E-08  1.1563E-08  1.1244E-08  1.0923E-08
       1.0859E-08  9.9882E-09  9.8564E-09  9.5924E-09  9.1085E-09  8.4006E-09  8.3466E-09  8.2047E-09  8.3631E-09  7.5946E-09
       7.4417E-09  7.3882E-09  7.1648E-09  6.6061E-09  6.4672E-09  6.1879E-09  6.2755E-09  5.7725E-09  5.4597E-09  5.5584E-09
       5.3528E-09  4.7523E-09  4.9906E-09  4.6504E-09  4.3769E-09  4.3970E-09  4.3744E-09  4.1368E-09  4.1914E-09  3.8442E-09
       3.9480E-09  3.5321E-09  3.5829E-09  3.4763E-09  3.2911E-09  3.0296E-09  3.1409E-09  3.0904E-09  2.9632E-09  2.7969E-09
       3.0308E-08  3.4259E-08  3.4405E-08  3.1044E-08  3.3681E-08  3.3903E-08  3.5690E-08  3.8152E-08  4.0911E-08  3.8041E-08
       4.0013E-08  4.1564E-08  4.3031E-08  4.0918E-08  4.2504E-08  4.0227E-08  4.0832E-08  3.9917E-08  3.9288E-08  3.9292E-08
       4.1141E-08  3.8587E-08  3.6102E-08  3.5882E-08  3.5669E-08  3.5468E-08  3.2543E-08  3.4301E-08  3.2011E-08  3.0399E-08
       3.0459E-08  2.9219E-08  2.8370E-08  2.7139E-08  2.6002E-08  2.5621E-08  2.4566E-08  2.3900E-08  2.3160E-08  2.2812E-08
       2.1589E-08  2.1027E-08  2.0075E-08  1.9818E-08  1.8704E-08  1.7424E-08  1.7936E-08  1.6456E-08  1.6222E-08  1.5857E-08
       1.4852E-08  1.4437E-08  1.4641E-08  1.3852E-08  1.3270E-08  1.2604E-08  1.2157E-08  1.1773E-08  1.1821E-08  1.0904E-08
       1.0844E-08  1.0196E-08  9.8287E-09  9.7725E-09  9.1779E-09  9.1880E-09  8.7570E-09  8.5888E-09  8.0617E-09  7.8846E-09
       7.5186E-09  7.3379E-09  7.2921E-09  6.6932E-09  6.2733E-09  6.4126E-09  5.9798E-09  6.2596E-09  5.7614E-09  5.5738E-09
       5.3822E-09  5.1384E-09  4.8837E-09  4.8845E-09  4.6162E-09  4.6207E-09  4.3897E-09  4.3916E-09  4.0031E-09  4.0312E-09
       3.9527E-09  3.7468E-09  3.8627E-09  3.3677E-09  3.2402E-09  3.3544E-09  3.1940E-09  3.0261E-09  3.0665E-09  2.8278E-09
       2.2360E-08  3.2548E-08  3.4779E-08  3.7047E-08  3.5183E-08  3.8539E-08  4.1879E-08  4.1791E-08  4.1258E-08  4.2130E-08
       4.3962E-08  4.4938E-08  4.2088E-08  4.2687E-08  4.5017E-08  4.4105E-08  4.3724E-08  4.3481E-08  4.2673E-08  4.1830E-08
       4.1436E-08  4.0701E-08  4.0261E-08  3.7800E-08  3.6389E-08  3.7341E-08  3.5252E-08  3.4657E-08  3.3383E-08  3.2415E-08
       3.1023E-08  2.9963E-08  2.9675E-08  2.8674E-08  2.6571E-08  2.6596E-08  2.4680E-08  2.4980E-08  2.4202E-08  2.3185E-08
       2.2740E-08  2.1523E-08  2.1568E-08  1.9994E-08  1.9412E-08  1.9041E-08  1.7423E-08  1.7161E-08  1.6583E-08  1.6485E-08
       1.5327E-08  1.5283E-08  1.4695E-08  1.3975E-08  1.3327E-08  1.2951E-08  1.2623E-08  1.2141E-08  1.1816E-08  1.0832E-08
       1.0910E-08  1.0471E-08  1.0080E-08  9.8658E-09  9.6384E-09  8.9400E-09  8.8006E-09  8.3620E-09  8.4621E-09  7.8967E-09
       7.6027E-09  7.6051E-09  7.0102E-09  6.9896E-09  6.5252E-09  6.5490E-09  6.2978E-09  5.8676E-09  5.5529E-09  5.4325E-09
       5.5097E-09  5.2819E-09  4.8340E-09  5.1422E-09  4.7959E-09  4.4355E-09  4.3987E-09  4.3027E-09  3.9512E-09  3.9603E-09
       4.0140E-09  3.9151E-09  3.7037E-09  3.5925E-09  3.5659E-09  3.3111E-09  3.2343E-09  3.1333E-09  3.0078E-09  2.8592E-09
       2.3955E-08  3.6021E-08  3.5135E-08  3.7751E-08  3.9073E-08  4.0289E-08  4.1474E-08  4.2859E-08  4.3939E-08  4.5508E-08
       4.7315E-08  4.8322E-08  4.6491E-08  4.6348E-08  4.6270E-08  4.6704E-08  4.5734E-08  4.6369E-08  4.3904E-08  4.3997E-08
       4.2468E-08  4.2549E-08  4.2609E-08  3.9145E-08  3.9701E-08  3.8990E-08  3.7270E-08  3.6457E-08  3.5052E-08  3.4317E-08
       3.2214E-08  3.1164E-08  3.0967E-08  3.0563E-08  2.8739E-08  2.8333E-08  2.6508E-08  2.5966E-08  2.4654E-08  2.4747E-08
       2.3295E-08  2.2041E-08  2.1256E-08  2.0335E-08  1.9949E-08  1.9098E-08  1.8918E-08  1.7731E-08  1.7819E-08  1.6731E-08
       1.6486E-08  1.5106E-08  1.5264E-08  1.4575E-08  1.3465E-08  1.3158E-08  1.3072E-08  1.2468E-08  1.1971E-08  1.1654E-08
       1.1218E-08  1.0697E-08  1.0255E-08  9.5011E-09  9.6345E-09  9.2533E-09  9.2337E-09  8.4249E-09  8.6617E-09  8.0720E-09
       7.6342E-09  7.3632E-09  7.4108E-09  6.9486E-09  6.5412E-09  6.3796E-09  6.3515E-09  5.9550E-09  5.8923E-09  5.6305E-09
       5.3572E-09  5.2980E-09  5.2097E-09  5.1601E-09  4.6487E-09  4.6381E-09  4.2717E-09  4.2119E-09  4.1365E-09  4.2612E-09
       4.0768E-09  3.9677E-09  3.7452E-09  3.6338E-09  3.4482E-09  3.2155E-09  3.1988E-09  3.1253E-09  2.9149E-09  2.9610E-09
       3.9120E-08  4.3985E-08  3.7214E-08  3.7860E-08  4.2644E-08  4.2196E-08  4.5933E-08  4.7934E-08  4.7468E-08  5.0395E-08
       4.9384E-08  5.1988E-08  5.2110E-08  5.0195E-08  5.1200E-08  4.8562E-08  5.0718E-08  4.8833E-08  5.0158E-08  4.7296E-08
       4.5697E-08  4.5859E-08  4.4832E-08  4.2237E-08  4.2050E-08  4.1011E-08  4.0044E-08  3.7358E-08  3.7116E-08  3.6269E-08
       3.4585E-08  3.2750E-08  3.3399E-08  3.0971E-08  2.9291E-08  2.8753E-08  2.8013E-08  2.6714E-08  2.6533E-08  2.4759E-08
       2.4090E-08  2.2894E-08  2.1891E-08  2.1487E-08  1.9959E-08  1.9623E-08  1.9745E-08  1.8698E-08  1.7259E-08  1.7387E-08
       1.6499E-08  1.6614E-08  1.5398E-08  1.4535E-08  1.4574E-08  1.3353E-08  1.2987E-08  1.2271E-08  1.2472E-08  1.1865E-08
       1.1047E-08  1.0741E-08  1.0189E-08  1.0550E-08  9.5361E-09  9.0626E-09  8.7996E-09  8.8035E-09  8.3738E-09  8.2159E-09
       7.9865E-09  7.4515E-09  7.5660E-09  6.9713E-09  6.9903E-09  6.3186E-09  6.6603E-09  6.3391E-09  5.9641E-09  5.9550E-09
       5.7799E-09  5.2650E-09  5.0960E-09  4.8035E-09  4.8604E-09  4.7738E-09  4.3897E-09  4.2874E-09  3.9813E-09  4.2994E-09
       4.0489E-09  3.9199E-09  3.8358E-09  3.5760E-09  3.4289E-09  3.3530E-09  3.3309E-09  3.1915E-09  3.0642E-09  2.9338E-09
       3.6613E-08  4.5038E-08  3.8497E-08  4.4847E-08  4.5532E-08  4.5108E-08  4.8544E-08  4.7573E-08  5.3021E-08  5.4463E-08
       5.3903E-08  5.4970E-08  5.4404E-08  5.2702E-08  5.7395E-08  5.3543E-08  5.2776E-08  5.2709E-08  5.2495E-08  5.0936E-08
       4.8829E-08  4.8141E-08  4.6595E-08  4.5970E-08  4.3155E-08  4.1846E-08  4.0415E-08  3.9519E-08  3.7896E-08  3.8055E-08
       3.5683E-08  3.4659E-08  3.3377E-08  3.2548E-08  3.1099E-08  3.0503E-08  2.8804E-08  2.7987E-08  2.7153E-08  2.6435E-08
       2.4852E-08  2.3500E-08  2.3132E-08  2.2468E-08  2.1255E-08  2.0467E-08  2.0080E-08  1.9190E-08  1.8378E-08  1.7629E-08
       1.6694E-08  1.6589E-08  1.6054E-08  1.4612E-08  1.4005E-08  1.3409E-08  1.3100E-08  1.2633E-08  1.2461E-08  1.1634E-08
       1.1538E-08  1.1380E-08  1.0538E-08  1.0109E-08  9.8127E-09  9.6960E-09  9.2247E-09  8.6132E-09  8.2536E-09  8.5735E-09
       7.8939E-09  7.7702E-09  7.7389E-09  7.2787E-09  6.5867E-09  6.7910E-09  6.1919E-09  6.4398E-09  5.9499E-09  5.8764E-09
       5.4192E-09  5.4486E-09  5.2616E-09  5.1560E-09  4.8071E-09  4.7121E-09  4.7432E-09  4.5390E-09  4.4544E-09  4.2388E-09
       4.0462E-09  3.8407E-09  3.5913E-09  3.7715E-09  3.4911E-09  3.6795E-09  3.3047E-09  3.1296E-09  2.9583E-09  2.9032E-09
       3.6120E-08  4.5018E-08  4.4015E-08  4.6790E-08  4.8089E-08  4.8911E-08  5.2382E-08  5.5471E-08  5.6063E-08  5.7736E-08
       6.0710E-08  6.0614E-08  6.1258E-08  5.9847E-08  5.8597E-08  5.5960E-08  5.7125E-08  5.7204E-08  5.3744E-08  5.4772E-08
       5.1670E-08  5.0548E-08  4.7737E-08  4.8608E-08  4.6689E-08  4.4903E-08  4.4301E-08  4.1026E-08  3.9858E-08  3.8527E-08
       3.6365E-08  3.5840E-08  3.5481E-08  3.4551E-08  3.2398E-08  3.1799E-08  2.9378E-08  2.8763E-08  2.7807E-08  2.6935E-08
       2.6035E-08  2.5179E-08  2.4161E-08  2.2854E-08  2.3095E-08  2.1011E-08  2.0825E-08  1.9554E-08  1.9176E-08  1.8488E-08
       1.7639E-08  1.6711E-08  1.6316E-08  1.5476E-08  1.4982E-08  1.4302E-08  1.3741E-08  1.3193E-08  1.3023E-08  1.2607E-08
       1.1764E-08  1.1488E-08  1.0670E-08  1.0651E-08  9.8945E-09  1.0002E-08  9.2710E-09  9.2239E-09  8.5067E-09  8.4813E-09
       8.4160E-09  7.9217E-09  7.4011E-09  7.0219E-09  7.3274E-09  7.0367E-09  6.6770E-09  6.3001E-09  5.9942E-09  6.1169E-09
       5.7082E-09  5.5907E-09  5.6941E-09  5.1183E-09  5.0694E-09  4.7572E-09  4.5743E-09  4.4017E-09  4.3628E-09  4.1776E-09
       4.1629E-09  4.0083E-09  3.8625E-09  3.8452E-09  3.5225E-09  3.4408E-09  3.3180E-09  3.2528E-09  3.0231E-09  2.9398E-09
       3.9348E-08  4.4734E-08  4.7724E-08  4.8989E-08  5.4322E-08  5.7319E-08  5.6511E-08  6.2245E-08  6.0708E-08  6.3366E-08
       6.2541E-08  6.4317E-08  6.5233E-08  6.3147E-08  6.1725E-08  6.1736E-08  6.1924E-08  5.7387E-08  5.9040E-08  5.6925E-08
       5.4850E-08  5.3612E-08  5.3712E-08  4.8983E-08  5.0536E-08  4.7185E-08  4.5500E-08  4.4361E-08  4.1668E-08  4.0863E-08
       4.1104E-08  3.8270E-08  3.7152E-08  3.6180E-08  3.4083E-08  3.2881E-08  3.1657E-08  3.0573E-08  2.9356E-08  2.8799E-08
       2.6821E-08  2.5453E-08  2.4770E-08  2.3982E-08  2.2525E-08  2.1861E-08  2.0818E-08  2.0641E-08  1.9068E-08  1.9105E-08
       1.8142E-08  1.7496E-08  1.6579E-08  1.5852E-08  1.4849E-08  1.4389E-08  1.4310E-08  1.3686E-08  1.3299E-08  1.2879E-08
       1.2000E-08  1.1991E-08  1.1416E-08  1.1118E-08  1.0482E-08  9.7604E-09  9.3459E-09  8.8769E-09  8.9597E-09  8.6210E-09
       8.2075E-09  8.1007E-09  7.7606E-09  7.4840E-09  7.1329E-09  7.2327E-09  6.5878E-09  6.6493E-09  6.1104E-09  5.6958E-09
       5.6748E-09  5.5315E-09  5.5168E-09  5.4906E-09  5.1271E-09  4.8771E-09  4.6205E-09  4.6157E-09  4.3994E-09  4.0404E-09
       4.1210E-09  3.9454E-09  4.0608E-09  3.8657E-09  3.4246E-09  3.3527E-09  3.2301E-09  3.1320E-09  3.0976E-09  3.0623E-09
       4.7326E-08  5.2337E-08  5.3586E-08  5.0020E-08  5.6710E-08  6.0907E-08  6.3920E-08  6.4493E-08  6.7042E-08  6.8610E-08
       6.7324E-08  7.2300E-08  6.7966E-08  6.6149E-08  6.7121E-08  6.6870E-08  6.5455E-08  6.3106E-08  6.0536E-08  6.0814E-08
       5.6745E-08  5.7084E-08  5.5427E-08  5.3785E-08  5.1441E-08  5.0057E-08  4.9936E-08  4.5994E-08  4.5039E-08  4.3002E-08
       4.0845E-08  3.8684E-08  3.9237E-08  3.7199E-08  3.5292E-08  3.3140E-08  3.2005E-08  3.1163E-08  2.9530E-08  2.8972E-08
       2.7866E-08  2.6351E-08  2.5281E-08  2.4825E-08  2.3413E-08  2.3086E-08  2.2199E-08  2.0663E-08  1.9628E-08  1.9182E-08
       1.7804E-08  1.7043E-08  1.6480E-08  1.5991E-08  1.5749E-08  1.5067E-08  1.4644E-08  1.3693E-08  1.3733E-08  1.2579E-08
       1.2600E-08  1.1886E-08  1.1286E-08  1.1142E-08  1.0651E-08  1.0503E-08  1.0030E-08  9.4109E-09  8.8014E-09  8.6405E-09
       8.4427E-09  8.2536E-09  8.0753E-09  7.1353E-09  7.3274E-09  6.7574E-09  6.8508E-09  6.8972E-09  6.4278E-09  6.3911E-09
       5.9862E-09  5.5500E-09  5.6611E-09  5.3945E-09  5.1169E-09  5.2271E-09  4.7318E-09  4.6488E-09  4.4573E-09  4.3205E-09
       4.0093E-09  4.1046E-09  4.0086E-09  3.7794E-09  3.7053E-09  3.5976E-09  3.4110E-09  3.3508E-09  3.3195E-09  3.2048E-09
       5.0408E-08  4.9448E-08  6.4495E-08  5.8507E-08  6.4752E-08  6.8714E-08  6.9557E-08  6.8019E-08  7.2793E-08  7.4368E-08
       7.5925E-08  7.3999E-08  7.4464E-08  7.3551E-08  7.1872E-08  6.9268E-08  6.9179E-08  6.8351E-08  6.7419E-08  6.3854E-08
       6.2611E-08  6.0126E-08  5.7664E-08  5.8448E-08  5.4723E-08  5.1870E-08  5.1080E-08  4.8576E-08  4.7528E-08  4.4945E-08
       4.3305E-08  4.0866E-08  4.1373E-08  3.7943E-08  3.6433E-08  3.4387E-08  3.4367E-08  3.2360E-08  3.1094E-08  2.9913E-08
       2.8851E-08  2.7067E-08  2.5836E-08  2.5287E-08  2.4470E-08  2.3345E-08  2.2067E-08  2.0912E-08  1.9670E-08  1.9317E-08
       1.8722E-08  1.8217E-08  1.7324E-08  1.6456E-08  1.5820E-08  1.5603E-08  1.4833E-08  1.3961E-08  1.3553E-08  1.2933E-08
       1.2232E-08  1.1802E-08  1.1535E-08  1.1347E-08  1.0656E-08  1.0781E-08  9.9028E-09  9.7186E-09  9.6875E-09  9.3879E-09
       8.7631E-09  8.3351E-09  8.2264E-09  7.6269E-09  7.2930E-09  7.1641E-09  7.0455E-09  6.7622E-09  6.6136E-09  6.3358E-09
       5.8630E-09  5.7401E-09  5.3772E-09  5.4087E-09  4.9305E-09  5.0747E-09  5.0350E-09  4.6459E-09  4.4951E-09  4.4116E-09
       4.1048E-09  4.0378E-09  3.9061E-09  3.9778E-09  3.6357E-09  3.7076E-09  3.4669E-09  3.4164E-09  3.1715E-09  3.2148E-09
       5.7803E-08  6.0768E-08  5.8777E-08  6.9459E-08  6.7984E-08  6.8011E-08  7.3619E-08  7.6406E-08  7.9841E-08  8.2114E-08
       7.9230E-08  8.1611E-08  8.3420E-08  8.0573E-08  7.7361E-08  7.7043E-08  7.4572E-08  7.4723E-08  7.1467E-08  6.9417E-08
       6.6126E-08  6.4549E-08  6.3086E-08  5.9390E-08  5.7010E-08  5.5660E-08  5.3885E-08  5.0877E-08  4.9791E-08  4.8827E-08
       4.5476E-08  4.3264E-08  4.3868E-08  3.9925E-08  3.8637E-08  3.6666E-08  3.4803E-08  3.3497E-08  3.2192E-08  3.1710E-08
       2.9199E-08  2.7623E-08  2.6973E-08  2.6217E-08  2.4502E-08  2.3203E-08  2.3155E-08  2.2061E-08  2.1099E-08  2.0303E-08
       1.9848E-08  1.8657E-08  1.7667E-08  1.6658E-08  1.6294E-08  1.6002E-08  1.5452E-08  1.4648E-08  1.4149E-08  1.3330E-08
       1.2906E-08  1.2373E-08  1.1611E-08  1.1285E-08  1.1191E-08  1.0707E-08  1.0331E-08  9.8645E-09  9.5284E-09  8.9039E-09
       8.9059E-09  8.4711E-09  8.4816E-09  7.7264E-09  7.3701E-09  7.2187E-09  6.9845E-09  6.9168E-09  6.2521E-09  6.3107E-09
       5.9827E-09  6.1964E-09  5.6378E-09  5.4101E-09  5.3882E-09  4.9161E-09  4.7647E-09  4.6716E-09  4.4962E-09  4.2804E-09
       4.1523E-09  4.3108E-09  4.1174E-09  3.9372E-09  3.9060E-09  3.4669E-09  3.4905E-09  3.5067E-09  3.3458E-09  3.1864E-09
       4.6007E-08  6.5053E-08  6.0049E-08  6.6271E-08  7.3605E-08  7.9643E-08  8.0028E-08  8.2516E-08  8.3404E-08  8.7510E-08
       9.0121E-08  8.5827E-08  8.6616E-08  8.5644E-08  8.7262E-08  8.2356E-08  8.1326E-08  7.8683E-08  7.4605E-08  7.4671E-08
       7.1653E-08  6.7744E-08  6.5238E-08  6.4464E-08  6.2633E-08  5.8820E-08  5.9264E-08  5.3804E-08  5.0928E-08  4.9967E-08
       4.6882E-08  4.5092E-08  4.2622E-08  4.1322E-08  3.8058E-08  3.7410E-08  3.7546E-08  3.5128E-08  3.2769E-08  3.2326E-08
       2.9994E-08  2.8979E-08  2.7622E-08  2.6273E-08  2.5121E-08  2.4390E-08  2.3063E-08  2.2816E-08  2.1243E-08  1.9942E-08
       1.8761E-08  1.8611E-08  1.8296E-08  1.7961E-08  1.6513E-08  1.6145E-08  1.5593E-08  1.4953E-08  1.4414E-08  1.3507E-08
       1.2901E-08  1.2593E-08  1.1837E-08  1.1762E-08  1.1399E-08  1.0897E-08  1.0340E-08  9.6940E-09  9.3296E-09  8.9039E-09
       8.9244E-09  8.6650E-09  8.0684E-09  7.8347E-09  7.4968E-09  7.0499E-09  6.7184E-09  6.9206E-09  6.5933E-09  6.6216E-09
       6.2545E-09  6.1158E-09  5.9007E-09  5.4884E-09  5.2121E-09  4.9903E-09  4.8775E-09  4.9520E-09  4.6144E-09  4.3735E-09
       4.1761E-09  4.3957E-09  3.8711E-09  3.8727E-09  3.7171E-09  3.6463E-09  3.8091E-09  3.4711E-09  3.3223E-09  3.3140E-09
       5.3673E-08  6.5761E-08  7.1933E-08  7.8348E-08  8.0030E-08  8.1534E-08  8.9593E-08  9.2798E-08  9.4072E-08  9.8671E-08
       9.8117E-08  9.5516E-08  9.4024E-08  9.5916E-08  9.2869E-08  9.0515E-08  8.6580E-08  8.6232E-08  8.1267E-08  7.8896E-08
       7.3941E-08  7.2161E-08  6.9548E-08  6.7679E-08  6.4089E-08  6.2930E-08  5.9795E-08  5.6777E-08  5.5117E-08  5.1026E-08
       4.9655E-08  4.7706E-08  4.4174E-08  4.3853E-08  4.1035E-08  3.8990E-08  3.8479E-08  3.6265E-08  3.4356E-08  3.2973E-08
       3.1655E-08  3.0693E-08  2.8727E-08  2.7814E-08  2.6228E-08  2.4165E-08  2.3667E-08  2.3253E-08  2.1324E-08  2.1965E-08
       1.9939E-08  1.9255E-08  1.8777E-08  1.7816E-08  1.7176E-08  1.6204E-08  1.5720E-08  1.5165E-08  1.4280E-08  1.3673E-08
       1.3350E-08  1.2303E-08  1.2432E-08  1.1988E-08  1.1221E-08  1.0978E-08  1.0482E-08  1.0269E-08  9.8816E-09  9.2824E-09
       9.0731E-09  8.8316E-09  8.4249E-09  8.0982E-09  7.5622E-09  7.3542E-09  7.4460E-09  6.7691E-09  6.6644E-09  6.3059E-09
       6.1654E-09  6.1577E-09  5.9587E-09  5.5587E-09  5.2074E-09  5.1899E-09  4.8660E-09  4.8217E-09  4.4939E-09  4.3846E-09
       4.4414E-09  4.3025E-09  4.0944E-09  3.9061E-09  3.6945E-09  3.7464E-09  3.5071E-09  3.4057E-09  3.3592E-09  3.1995E-09
       5.7977E-08  7.6167E-08  7.4066E-08  8.8777E-08  9.0165E-08  9.7739E-08  1.0113E-07  1.0326E-07  1.0231E-07  1.0569E-07
       1.0919E-07  1.0497E-07  1.0214E-07  1.0014E-07  9.9550E-08  9.7254E-08  9.3739E-08  9.0277E-08  8.6860E-08  8.3573E-08
       7.9744E-08  7.7594E-08  7.2252E-08  7.1306E-08  6.8208E-08  6.3709E-08  6.2459E-08  5.9877E-08  5.7068E-08  5.4717E-08
       5.1848E-08  4.9506E-08  4.6396E-08  4.4621E-08  4.2378E-08  4.0455E-08  3.8853E-08  3.7414E-08  3.5569E-08  3.4819E-08
       3.2722E-08  3.1249E-08  2.9539E-08  2.8029E-08  2.7143E-08  2.5679E-08  2.4903E-08  2.3414E-08  2.3212E-08  2.1385E-08
       2.0672E-08  2.0015E-08  1.9272E-08  1.8531E-08  1.7733E-08  1.6648E-08  1.5999E-08  1.5679E-08  1.4341E-08  1.4050E-08
       1.3436E-08  1.3261E-08  1.2455E-08  1.1600E-08  1.1654E-08  1.0953E-08  1.0449E-08  1.0047E-08  9.9834E-09  9.6529E-09
       9.5171E-09  8.5420E-09  8.4682E-09  8.1948E-09  7.7239E-09  7.8229E-09  7.2665E-09  7.0943E-09  6.8837E-09  6.2503E-09
       6.2146E-09  6.1193E-09  5.5931E-09  5.7615E-09  5.4638E-09  5.1796E-09  4.8840E-09  4.7488E-09  4.7426E-09  4.6274E-09
       4.4748E-09  4.2028E-09  3.9070E-09  4.0418E-09  3.9488E-09  3.8713E-09  3.5333E-09  3.5779E-09  3.4757E-09  3.2166E-09
       6.1602E-08  8.0510E-08  8.5063E-08  9.4512E-08  9.7863E-08  1.0384E-07  1.1358E-07  1.1138E-07  1.1328E-07  1.1417E-07
       1.1673E-07  1.1423E-07  1.1119E-07  1.0852E-07  1.0517E-07  1.0346E-07  9.9341E-08  9.4269E-08  9.1683E-08  8.9209E-08
       8.5732E-08  8.3688E-08  7.8292E-08  7.5794E-08  7.1381E-08  7.0593E-08  6.5057E-08  6.1691E-08  5.8864E-08  5.6621E-08
       5.3966E-08  5.2075E-08  4.9316E-08  4.7930E-08  4.4417E-08  4.1904E-08  4.1338E-08  3.8389E-08  3.7066E-08  3.4704E-08
       3.3781E-08  3.1927E-08  2.9989E-08  2.9047E-08  2.8704E-08  2.6683E-08  2.5634E-08  2.4419E-08  2.2760E-08  2.1735E-08
       2.1063E-08  2.0434E-08  1.9579E-08  1.8488E-08  1.7361E-08  1.7266E-08  1.6136E-08  1.5566E-08  1.4577E-08  1.4365E-08
       1.3421E-08  1.3108E-08  1.2326E-08  1.2129E-08  1.1788E-08  1.1427E-08  1.1100E-08  1.0100E-08  9.9565E-09  9.7473E-09
       9.1353E-09  8.8120E-09  8.4051E-09  8.4531E-09  8.0513E-09  7.3873E-09  7.4178E-09  6.9489E-09  6.4411E-09  6.6783E-09
       6.3495E-09  6.2198E-09  5.8417E-09  5.5966E-09  5.3983E-09  5.3203E-09  5.1114E-09  5.0552E-09  5.1020E-09  4.4738E-09
       4.3935E-09  4.1238E-09  3.8711E-09  4.2927E-09  3.7814E-09  3.9741E-09  3.4709E-09  3.5605E-09  3.5375E-09  3.0937E-09
       6.6030E-08  8.4324E-08  9.3773E-08  1.0030E-07  1.0515E-07  1.1941E-07  1.2203E-07  1.2491E-07  1.2662E-07  1.2581E-07
       1.2884E-07  1.2365E-07  1.2479E-07  1.1932E-07  1.1656E-07  1.1135E-07  1.0968E-07  1.0352E-07  1.0070E-07  9.6883E-08
       9.3052E-08  8.7114E-08  8.2425E-08  7.9101E-08  7.5958E-08  7.2029E-08  7.0641E-08  6.6957E-08  6.2885E-08  5.9260E-08
       5.4690E-08  5.4125E-08  5.0724E-08  4.9576E-08  4.5735E-08  4.4581E-08  4.1729E-08  3.9314E-08  3.7871E-08  3.5793E-08
       3.4373E-08  3.2781E-08  3.1704E-08  3.0173E-08  2.8168E-08  2.7091E-08  2.5488E-08  2.5155E-08  2.3671E-08  2.1929E-08
       2.1145E-08  2.0962E-08  2.0023E-08  1.9277E-08  1.8062E-08  1.7468E-08  1.7163E-08  1.6096E-08  1.5268E-08  1.4886E-08
       1.4138E-08  1.3742E-08  1.2709E-08  1.2237E-08  1.1511E-08  1.1258E-08  1.1133E-08  1.0795E-08  9.6214E-09  1.0020E-08
       9.3940E-09  8.8269E-09  8.4879E-09  8.4962E-09  7.9847E-09  7.7029E-09  7.2130E-09  7.0171E-09  6.6820E-09  6.7760E-09
       6.2691E-09  6.1334E-09  6.0194E-09  5.7897E-09  5.3918E-09  5.1683E-09  4.9585E-09  5.0212E-09  4.6587E-09  4.3942E-09
       4.5636E-09  4.2825E-09  4.1163E-09  4.0348E-09  3.9611E-09  3.6976E-09  3.5808E-09  3.4961E-09  3.3888E-09  3.4654E-09
       8.5527E-08  1.0013E-07  1.0264E-07  1.1133E-07  1.2328E-07  1.3273E-07  1.3419E-07  1.4130E-07  1.4440E-07  1.4042E-07
       1.4169E-07  1.3993E-07  1.3334E-07  1.3109E-07  1.2786E-07  1.2283E-07  1.1795E-07  1.1295E-07  1.0550E-07  1.0195E-07
       9.7978E-08  9.0377E-08  9.0271E-08  8.5602E-08  8.1106E-08  7.6439E-08  7.3412E-08  6.9106E-08  6.5433E-08  6.0727E-08
       5.8090E-08  5.5120E-08  5.3053E-08  4.9679E-08  4.8254E-08  4.5621E-08  4.4334E-08  4.1078E-08  3.9712E-08  3.6050E-08
       3.6195E-08  3.3471E-08  3.1335E-08  3.0412E-08  2.8807E-08  2.7762E-08  2.6510E-08  2.4815E-08  2.3585E-08  2.3071E-08
       2.2237E-08  2.0910E-08  1.9819E-08  1.8841E-08  1.8638E-08  1.7509E-08  1.6493E-08  1.6219E-08  1.5315E-08  1.4899E-08
       1.3907E-08  1.3436E-08  1.3000E-08  1.2828E-08  1.2544E-08  1.1170E-08  1.1265E-08  1.0876E-08  1.0547E-08  9.7169E-09
       9.4315E-09  9.1655E-09  8.4045E-09  8.3293E-09  7.8092E-09  7.8980E-09  8.0175E-09  7.3200E-09  6.7665E-09  6.5513E-09
       6.3743E-09  6.1570E-09  6.0367E-09  5.8334E-09  5.4236E-09  5.2495E-09  5.1570E-09  5.2061E-09  5.0572E-09  4.6212E-09
       4.3527E-09  4.4634E-09  4.0701E-09  4.0160E-09  4.1262E-09  3.7600E-09  3.5970E-09  3.6010E-09  3.3437E-09  3.2585E-09
       8.0378E-08  1.0719E-07  1.1084E-07  1.2752E-07  1.3534E-07  1.4789E-07  1.5220E-07  1.5888E-07  1.6175E-07  1.5428E-07
       1.5376E-07  1.5249E-07  1.5038E-07  1.4028E-07  1.3713E-07  1.3114E-07  1.2352E-07  1.2067E-07  1.1615E-07  1.0877E-07
       1.0705E-07  9.8438E-08  9.1342E-08  9.0624E-08  8.6427E-08  8.1969E-08  7.6935E-08  7.0504E-08  6.8094E-08  6.2475E-08
       6.1786E-08  5.8056E-08  5.5508E-08  5.2020E-08  5.0042E-08  4.5889E-08  4.4097E-08  4.2721E-08  4.0041E-08  3.8171E-08
       3.6504E-08  3.4571E-08  3.2215E-08  3.0657E-08  3.0940E-08  2.7833E-08  2.7141E-08  2.6285E-08  2.4797E-08  2.3076E-08
       2.2084E-08  2.1638E-08  2.0808E-08  1.8876E-08  1.8663E-08  1.8225E-08  1.6842E-08  1.6403E-08  1.5898E-08  1.4929E-08
       1.3799E-08  1.3442E-08  1.3153E-08  1.2739E-08  1.2311E-08  1.1526E-08  1.1074E-08  1.0462E-08  1.0494E-08  1.0257E-08
       9.4145E-09  9.1538E-09  9.1654E-09  8.5479E-09  7.8900E-09  8.0756E-09  7.6256E-09  7.4930E-09  7.2046E-09  6.7466E-09
       6.4224E-09  5.9331E-09  6.0305E-09  5.7074E-09  5.6318E-09  5.5218E-09  5.0015E-09  4.8625E-09  5.0378E-09  4.5033E-09
       4.3526E-09  4.2749E-09  4.2843E-09  4.1036E-09  3.9469E-09  3.9148E-09  3.6033E-09  3.4909E-09  3.4630E-09  3.4675E-09
       9.1863E-08  1.1397E-07  1.2038E-07  1.4669E-07  1.6019E-07  1.6593E-07  1.6876E-07  1.8151E-07  1.7500E-07  1.7484E-07
       1.7182E-07  1.6666E-07  1.6123E-07  1.5487E-07  1.4934E-07  1.4181E-07  1.3548E-07  1.2830E-07  1.2364E-07  1.1802E-07
       1.1229E-07  1.0633E-07  1.0212E-07  9.3910E-08  8.8505E-08  8.3038E-08  7.9506E-08  7.4313E-08  6.9346E-08  6.7771E-08
       6.3271E-08  6.0599E-08  5.7547E-08  5.4525E-08  5.0762E-08  4.7882E-08  4.5798E-08  4.3231E-08  4.1910E-08  3.8535E-08
       3.6901E-08  3.5559E-08  3.4235E-08  3.2015E-08  3.0630E-08  2.8846E-08  2.6851E-08  2.6089E-08  2.5690E-08  2.4087E-08
       2.2988E-08  2.1632E-08  2.0895E-08  1.9852E-08  1.9418E-08  1.8567E-08  1.6934E-08  1.6998E-08  1.6025E-08  1.5645E-08
       1.4232E-08  1.4043E-08  1.3372E-08  1.2720E-08  1.2812E-08  1.1725E-08  1.1103E-08  1.1256E-08  1.0988E-08  9.9001E-09
       9.7650E-09  9.1287E-09  8.6722E-09  8.6511E-09  8.1188E-09  8.2418E-09  7.8372E-09  7.2081E-09  7.2948E-09  6.9751E-09
       6.7819E-09  6.2742E-09  6.2929E-09  5.8816E-09  5.6204E-09  5.4349E-09  5.2667E-09  5.1967E-09  4.6942E-09  4.6654E-09
       4.5598E-09  4.4189E-09  4.2898E-09  4.2056E-09  3.9233E-09  3.9984E-09  3.7087E-09  3.6460E-09  3.3468E-09  3.4181E-09
       9.6927E-08  1.3592E-07  1.4702E-07  1.6532E-07  1.7759E-07  1.8930E-07  1.9470E-07  1.9544E-07  1.9681E-07  1.9661E-07
       1.9108E-07  1.8794E-07  1.7989E-07  1.7209E-07  1.6026E-07  1.5496E-07  1.4627E-07  1.4214E-07  1.3440E-07  1.2533E-07
       1.1722E-07  1.1223E-07  1.0594E-07  9.8360E-08  9.0906E-08  8.9335E-08  8.3608E-08  7.8944E-08  7.2945E-08  6.9664E-08
       6.5533E-08  6.0730E-08  6.0438E-08  5.5390E-08  5.2430E-08  4.9400E-08  4.6624E-08  4.5200E-08  4.1970E-08  4.0641E-08
       3.7579E-08  3.6774E-08  3.2922E-08  3.2752E-08  3.1710E-08  2.8981E-08  2.7365E-08  2.6429E-08  2.5718E-08  2.3880E-08
       2.2880E-08  2.2519E-08  2.1038E-08  2.0581E-08  1.9644E-08  1.8528E-08  1.7263E-08  1.6942E-08  1.6343E-08  1.5038E-08
       1.4865E-08  1.3852E-08  1.3670E-08  1.3146E-08  1.2376E-08  1.2030E-08  1.1331E-08  1.0912E-08  1.0682E-08  1.0095E-08
       9.2854E-09  9.5895E-09  9.2705E-09  8.4351E-09  8.4865E-09  7.9845E-09  7.6399E-09  7.6535E-09  7.1846E-09  6.9820E-09
       6.5560E-09  6.3340E-09  6.2559E-09  6.1592E-09  5.6335E-09  5.6741E-09  5.5329E-09  5.1322E-09  4.9988E-09  4.7621E-09
       4.7182E-09  4.6164E-09  4.3223E-09  3.9674E-09  3.9918E-09  3.7622E-09  3.6658E-09  3.6440E-09  3.3915E-09  3.3968E-09
       1.1997E-07  1.5477E-07  1.6186E-07  1.9070E-07  2.0216E-07  2.1990E-07  2.2573E-07  2.2131E-07  2.1969E-07  2.2233E-07
       2.1502E-07  2.0469E-07  2.0226E-07  1.8894E-07  1.8039E-07  1.6788E-07  1.5894E-07  1.5059E-07  1.4218E-07  1.3564E-07
       1.2402E-07  1.2125E-07  1.1160E-07  1.0597E-07  9.7698E-08  9.1716E-08  8.5222E-08  8.2180E-08  7.7092E-08  7.2850E-08
       6.7831E-08  6.3597E-08  6.1006E-08  5.6827E-08  5.4416E-08  5.1894E-08  4.8251E-08  4.5514E-08  4.3617E-08  4.2113E-08
       3.9416E-08  3.7871E-08  3.5226E-08  3.2753E-08  3.1663E-08  3.1242E-08  2.8894E-08  2.7111E-08  2.6268E-08  2.4711E-08
       2.3586E-08  2.2978E-08  2.2043E-08  2.0424E-08  1.9684E-08  1.8745E-08  1.7629E-08  1.7421E-08  1.6550E-08  1.5507E-08
       1.5261E-08  1.4186E-08  1.3724E-08  1.3373E-08  1.2810E-08  1.2095E-08  1.1818E-08  1.1087E-08  1.0662E-08  1.0040E-08
       9.6997E-09  9.5453E-09  9.1312E-09  8.6759E-09  8.5926E-09  8.0812E-09  7.9194E-09  7.6787E-09  7.1672E-09  6.7523E-09
       6.6754E-09  6.4621E-09  6.2219E-09  6.0713E-09  5.5788E-09  5.3997E-09  5.4080E-09  5.0388E-09  5.0245E-09  4.7581E-09
       4.7638E-09  4.5546E-09  4.1932E-09  4.1588E-09  4.1276E-09  3.8147E-09  3.8122E-09  3.5414E-09  3.5242E-09  3.2577E-09
       1.1990E-07  1.6937E-07  1.9294E-07  2.0911E-07  2.3729E-07  2.6052E-07  2.5736E-07  2.6039E-07  2.5203E-07  2.4406E-07
       2.4100E-07  2.2635E-07  2.1609E-07  2.0624E-07  1.9914E-07  1.8626E-07  1.7490E-07  1.6437E-07  1.5079E-07  1.4185E-07
       1.3358E-07  1.2628E-07  1.1656E-07  1.1146E-07  1.0100E-07  9.5869E-08  9.0246E-08  8.5862E-08  8.1419E-08  7.7029E-08
       7.1171E-08  6.5813E-08  6.3471E-08  6.0280E-08  5.5486E-08  5.3158E-08  5.0114E-08  4.7190E-08  4.3986E-08  4.2325E-08
       3.9884E-08  3.6622E-08  3.5359E-08  3.4109E-08  3.2352E-08  3.1279E-08  2.8641E-08  2.8045E-08  2.6058E-08  2.5152E-08
       2.3470E-08  2.2950E-08  2.2033E-08  2.0556E-08  1.9006E-08  1.8990E-08  1.7862E-08  1.7340E-08  1.6716E-08  1.5951E-08
       1.4844E-08  1.4916E-08  1.3787E-08  1.3020E-08  1.2786E-08  1.2508E-08  1.1858E-08  1.1281E-08  1.1012E-08  1.0402E-08
       1.0075E-08  9.3118E-09  9.1501E-09  9.0127E-09  8.1444E-09  8.5054E-09  7.5923E-09  7.3579E-09  7.0426E-09  6.7904E-09
       6.7262E-09  6.5061E-09  6.4419E-09  6.0511E-09  5.7802E-09  5.6252E-09  5.4024E-09  5.1762E-09  4.9974E-09  5.0170E-09
       4.6723E-09  4.5971E-09  4.4609E-09  4.0590E-09  4.0421E-09  3.9727E-09  3.5683E-09  3.8188E-09  3.5660E-09  3.6622E-09
       1.4932E-07  1.9509E-07  2.2564E-07  2.4610E-07  2.8724E-07  3.0120E-07  2.9720E-07  3.0055E-07  2.8696E-07  2.8888E-07
       2.6475E-07  2.4800E-07  2.4156E-07  2.2151E-07  2.1533E-07  2.0040E-07  1.8311E-07  1.7083E-07  1.6176E-07  1.5389E-07
       1.4104E-07  1.2896E-07  1.2437E-07  1.1589E-07  1.0812E-07  1.0158E-07  9.3762E-08  8.7669E-08  8.3886E-08  7.7582E-08
       7.2072E-08  6.8066E-08  6.5691E-08  6.0672E-08  5.7358E-08  5.3701E-08  5.0580E-08  4.7834E-08  4.4221E-08  4.2928E-08
       4.0720E-08  3.9793E-08  3.6502E-08  3.4926E-08  3.3274E-08  3.1902E-08  2.9861E-08  2.8605E-08  2.6783E-08  2.5621E-08
       2.4740E-08  2.3322E-08  2.2035E-08  2.0155E-08  1.9786E-08  1.8599E-08  1.8090E-08  1.8004E-08  1.6996E-08  1.6470E-08
       1.5576E-08  1.4779E-08  1.4373E-08  1.3870E-08  1.2845E-08  1.2975E-08  1.2070E-08  1.1528E-08  1.0932E-08  1.0525E-08
       1.0012E-08  9.8283E-09  9.1503E-09  8.8724E-09  8.6605E-09  8.4094E-09  8.1081E-09  7.7840E-09  7.5013E-09  6.8864E-09
       6.7820E-09  6.1797E-09  6.2465E-09  6.1808E-09  5.6981E-09  5.5260E-09  5.4301E-09  4.7974E-09  5.0478E-09  4.7229E-09
       4.4382E-09  4.4619E-09  4.3502E-09  4.2202E-09  4.0584E-09  4.1244E-09  3.7479E-09  3.6322E-09  3.5480E-09  3.5864E-09
       1.6527E-07  2.2214E-07  2.5913E-07  2.9967E-07  3.3193E-07  3.4603E-07  3.4293E-07  3.3743E-07  3.3190E-07  3.1469E-07
       2.9895E-07  2.8885E-07  2.6615E-07  2.4767E-07  2.3456E-07  2.1728E-07  1.9747E-07  1.9024E-07  1.7240E-07  1.6271E-07
       1.5003E-07  1.3994E-07  1.3154E-07  1.1893E-07  1.1338E-07  1.0563E-07  9.8907E-08  9.1635E-08  8.5648E-08  7.9687E-08
       7.3912E-08  7.2037E-08  6.6724E-08  6.1811E-08  6.0174E-08  5.5164E-08  5.1297E-08  4.9352E-08  4.5790E-08  4.3870E-08
       4.1670E-08  3.9157E-08  3.8325E-08  3.5088E-08  3.3682E-08  3.2488E-08  3.0503E-08  2.9264E-08  2.6964E-08  2.6654E-08
       2.4968E-08  2.3527E-08  2.2454E-08  2.1268E-08  2.0282E-08  1.9409E-08  1.8484E-08  1.7340E-08  1.6924E-08  1.6466E-08
       1.5414E-08  1.4287E-08  1.4310E-08  1.3549E-08  1.2749E-08  1.2659E-08  1.1736E-08  1.1137E-08  1.1238E-08  1.0467E-08
       9.8013E-09  9.4172E-09  9.2947E-09  9.0183E-09  8.3515E-09  8.5103E-09  8.2238E-09  7.5427E-09  7.2683E-09  6.9671E-09
       6.9414E-09  6.5870E-09  6.4853E-09  5.9954E-09  5.7002E-09  5.5751E-09  5.2856E-09  5.2473E-09  5.3866E-09  4.8870E-09
       4.6469E-09  4.4623E-09  4.3148E-09  4.1118E-09  3.9474E-09  3.9248E-09  3.8397E-09  3.8061E-09  3.6924E-09  3.3425E-09
       1.9312E-07  2.7411E-07  3.2175E-07  3.6590E-07  3.9083E-07  4.0646E-07  4.1135E-07  3.9091E-07  3.7787E-07  3.5806E-07
       3.3869E-07  3.1577E-07  2.9412E-07  2.6844E-07  2.5536E-07  2.3487E-07  2.1449E-07  1.9732E-07  1.8269E-07  1.7027E-07
       1.5738E-07  1.4788E-07  1.3500E-07  1.2760E-07  1.1709E-07  1.0948E-07  1.0143E-07  9.5459E-08  8.7970E-08  8.1921E-08
       7.6010E-08  7.3106E-08  6.8943E-08  6.4164E-08  5.9189E-08  5.7118E-08  5.3023E-08  5.0224E-08  4.7658E-08  4.4604E-08
       4.3495E-08  3.9547E-08  3.8257E-08  3.6186E-08  3.3751E-08  3.2008E-08  3.0831E-08  2.8667E-08  2.8433E-08  2.5908E-08
       2.5124E-08  2.3821E-08  2.2528E-08  2.2026E-08  2.0360E-08  1.9470E-08  1.8210E-08  1.8203E-08  1.6537E-08  1.6538E-08
       1.5893E-08  1.5176E-08  1.3961E-08  1.3943E-08  1.3045E-08  1.2516E-08  1.2379E-08  1.1591E-08  1.1293E-08  1.0649E-08
       1.0205E-08  9.6136E-09  9.3917E-09  9.3774E-09  8.5744E-09  8.3906E-09  8.0957E-09  7.8458E-09  7.6985E-09  7.3308E-09
       6.9443E-09  6.4501E-09  6.6337E-09  6.3847E-09  5.6995E-09  5.8967E-09  5.4684E-09  5.3285E-09  5.0157E-09  4.9103E-09
       4.9495E-09  4.5749E-09  4.4642E-09  4.4949E-09  4.0838E-09  4.0503E-09  3.8153E-09  3.5996E-09  3.5967E-09  3.4791E-09
       2.0745E-07  3.1219E-07  3.9245E-07  4.4064E-07  4.8259E-07  4.9563E-07  4.8052E-07  4.6705E-07  4.3849E-07  4.0489E-07
       3.7294E-07  3.5123E-07  3.2684E-07  2.9786E-07  2.7599E-07  2.5150E-07  2.3443E-07  2.0951E-07  1.9964E-07  1.8214E-07
       1.6855E-07  1.5484E-07  1.4315E-07  1.3239E-07  1.2387E-07  1.1294E-07  1.0671E-07  1.0006E-07  9.1825E-08  8.7081E-08
       8.0650E-08  7.4445E-08  7.0811E-08  6.6407E-08  6.0392E-08  5.7627E-08  5.5535E-08  5.2321E-08  4.7462E-08  4.5722E-08
       4.3685E-08  4.0291E-08  3.8992E-08  3.6179E-08  3.4400E-08  3.3494E-08  3.1185E-08  2.9948E-08  2.8350E-08  2.7395E-08
       2.5519E-08  2.4154E-08  2.2624E-08  2.1627E-08  2.1190E-08  1.9783E-08  1.9170E-08  1.8998E-08  1.7000E-08  1.6492E-08
       1.5942E-08  1.4972E-08  1.4428E-08  1.3998E-08  1.3434E-08  1.2936E-08  1.2083E-08  1.1463E-08  1.1114E-08  1.0781E-08
       1.0426E-08  9.6990E-09  9.4907E-09  8.9060E-09  8.5968E-09  8.3576E-09  8.0745E-09  7.4959E-09  7.4128E-09  7.3900E-09
       6.9744E-09  6.7525E-09  6.4385E-09  6.1714E-09  5.8387E-09  5.8548E-09  5.6731E-09  5.2746E-09  5.1657E-09  4.9951E-09
       4.4533E-09  4.6497E-09  4.5888E-09  4.3267E-09  4.1784E-09  3.8161E-09  3.9510E-09  3.8547E-09  3.4504E-09  3.4309E-09
       2.7367E-07  3.8792E-07  4.9095E-07  5.5585E-07  5.9490E-07  5.8514E-07  5.7280E-07  5.4095E-07  5.0116E-07  4.6574E-07
       4.3053E-07  3.8957E-07  3.5704E-07  3.2652E-07  2.9605E-07  2.7531E-07  2.4674E-07  2.3006E-07  2.0949E-07  1.8828E-07
       1.7499E-07  1.6018E-07  1.5049E-07  1.3919E-07  1.2824E-07  1.1722E-07  1.0918E-07  9.9768E-08  9.3016E-08  8.5947E-08
       8.2118E-08  7.5817E-08  7.2592E-08  6.6427E-08  6.3186E-08  6.0235E-08  5.6457E-08  5.3084E-08  4.9571E-08  4.6197E-08
       4.3393E-08  4.1911E-08  3.9336E-08  3.7019E-08  3.4433E-08  3.4467E-08  3.1706E-08  2.9532E-08  2.8723E-08  2.6641E-08
       2.4762E-08  2.4018E-08  2.3556E-08  2.1863E-08  2.0927E-08  1.9766E-08  1.8784E-08  1.8465E-08  1.7485E-08  1.6529E-08
       1.5843E-08  1.4850E-08  1.4243E-08  1.3908E-08  1.3454E-08  1.3060E-08  1.2496E-08  1.1376E-08  1.1297E-08  1.0840E-08
       1.0034E-08  9.9386E-09  9.6801E-09  9.3708E-09  8.5886E-09  8.5851E-09  8.0743E-09  7.9439E-09  7.4715E-09  7.2672E-09
       7.0283E-09  6.3922E-09  6.4302E-09  6.2444E-09  5.9675E-09  5.5751E-09  5.6867E-09  5.4895E-09  4.9111E-09  4.9018E-09
       4.7372E-09  4.4239E-09  4.4108E-09  4.1961E-09  4.2861E-09  3.9868E-09  3.9679E-09  3.7426E-09  3.6989E-09  3.5096E-09
       2.9943E-07  5.0458E-07  6.3602E-07  7.1404E-07  7.4233E-07  7.3511E-07  6.9004E-07  6.3981E-07  5.8369E-07  5.3183E-07
       4.8185E-07  4.3688E-07  3.9184E-07  3.5416E-07  3.2014E-07  2.9638E-07  2.6222E-07  2.4040E-07  2.1635E-07  1.9944E-07
       1.8180E-07  1.6842E-07  1.5664E-07  1.4260E-07  1.3024E-07  1.2317E-07  1.1156E-07  1.0515E-07  9.7054E-08  8.9508E-08
       8.2566E-08  7.7911E-08  7.3660E-08  6.7606E-08  6.5543E-08  5.9974E-08  5.5962E-08  5.3036E-08  5.0137E-08  4.7831E-08
       4.4885E-08  4.1549E-08  3.9974E-08  3.7026E-08  3.4943E-08  3.3388E-08  3.1796E-08  2.9685E-08  2.8707E-08  2.7847E-08
       2.5880E-08  2.4521E-08  2.3149E-08  2.2511E-08  2.1055E-08  2.0005E-08  1.9607E-08  1.9107E-08  1.7891E-08  1.6897E-08
       1.6054E-08  1.5175E-08  1.4670E-08  1.4010E-08  1.3263E-08  1.2524E-08  1.2617E-08  1.1352E-08  1.1106E-08  1.0935E-08
       1.0062E-08  1.0079E-08  9.5321E-09  8.9097E-09  8.7624E-09  8.2412E-09  7.7548E-09  7.6689E-09  7.2025E-09  6.9622E-09
       6.8057E-09  6.6965E-09  6.5012E-09  6.3636E-09  6.0473E-09  5.7562E-09  5.5807E-09  5.1704E-09  5.3161E-09  5.0116E-09
       4.9439E-09  4.6400E-09  4.4891E-09  4.2544E-09  4.1944E-09  3.7974E-09  3.8852E-09  3.6977E-09  3.6364E-09  3.5153E-09
       4.4164E-07  6.5961E-07  8.4042E-07  9.2780E-07  9.5067E-07  9.0862E-07  8.2300E-07  7.5247E-07  6.7486E-07  6.0242E-07
       5.3504E-07  4.8335E-07  4.2962E-07  3.8130E-07  3.4511E-07  3.1015E-07  2.7490E-07  2.5225E-07  2.3011E-07  2.1001E-07
       1.9149E-07  1.7486E-07  1.6075E-07  1.4701E-07  1.3603E-07  1.2517E-07  1.1405E-07  1.0828E-07  9.8885E-08  9.0430E-08
       8.5331E-08  8.0970E-08  7.3961E-08  7.1092E-08  6.6983E-08  6.1802E-08  5.7302E-08  5.3759E-08  5.0291E-08  4.7343E-08
       4.4942E-08  4.0976E-08  3.9935E-08  3.7956E-08  3.6159E-08  3.4237E-08  3.1431E-08  3.1356E-08  2.8206E-08  2.7272E-08
       2.6716E-08  2.4679E-08  2.3496E-08  2.3105E-08  2.0894E-08  2.0593E-08  1.9247E-08  1.8647E-08  1.7500E-08  1.7040E-08
       1.5653E-08  1.5769E-08  1.4651E-08  1.4045E-08  1.3159E-08  1.2738E-08  1.2606E-08  1.1735E-08  1.1365E-08  1.0869E-08
       1.0300E-08  1.0240E-08  9.5778E-09  9.0984E-09  8.7571E-09  8.3463E-09  8.6011E-09  7.8735E-09  7.4161E-09  7.2718E-09
       6.9956E-09  6.6641E-09  6.5909E-09  5.9288E-09  6.0378E-09  5.8257E-09  5.6029E-09  5.3316E-09  5.2744E-09  4.7847E-09
       4.7439E-09  4.9376E-09  4.4228E-09  4.3993E-09  4.2154E-09  4.0750E-09  3.7812E-09  3.8318E-09  3.7849E-09  3.5683E-09
       5.6730E-07  9.2173E-07  1.1633E-06  1.2621E-06  1.2229E-06  1.1186E-06  9.9997E-07  8.7996E-07  7.8268E-07  6.7982E-07
       5.9907E-07  5.2244E-07  4.6498E-07  4.0624E-07  3.6642E-07  3.2747E-07  2.9771E-07  2.6589E-07  2.3824E-07  2.1789E-07
       1.9934E-07  1.8257E-07  1.6468E-07  1.5101E-07  1.3795E-07  1.2813E-07  1.1895E-07  1.0928E-07  1.0034E-07  9.5467E-08
       8.5822E-08  8.0989E-08  7.5374E-08  6.9528E-08  6.6407E-08  6.3319E-08  5.8080E-08  5.3953E-08  5.0437E-08  4.8090E-08
       4.6234E-08  4.3160E-08  4.0220E-08  3.8197E-08  3.5284E-08  3.4318E-08  3.2783E-08  3.0786E-08  2.9567E-08  2.8017E-08
       2.6605E-08  2.3840E-08  2.3807E-08  2.2192E-08  2.1513E-08  2.0210E-08  1.9392E-08  1.8606E-08  1.7397E-08  1.6489E-08
       1.6412E-08  1.5532E-08  1.5000E-08  1.4099E-08  1.3347E-08  1.3126E-08  1.2512E-08  1.2232E-08  1.1516E-08  1.0694E-08
       1.0740E-08  1.0124E-08  9.7400E-09  9.3162E-09  8.6925E-09  8.7023E-09  7.7167E-09  7.8067E-09  7.6857E-09  7.3458E-09
       7.2790E-09  6.7589E-09  6.6985E-09  6.0050E-09  6.0397E-09  5.8442E-09  5.5918E-09  5.1471E-09  5.2305E-09  5.0230E-09
       4.8191E-09  4.5369E-09  4.3341E-09  4.2967E-09  4.2404E-09  4.0297E-09  3.9125E-09  3.7054E-09  3.7248E-09  3.4220E-09
       7.4979E-07  1.3603E-06  1.7517E-06  1.7445E-06  1.5969E-06  1.3820E-06  1.2068E-06  1.0260E-06  8.9285E-07  7.7308E-07
       6.6129E-07  5.7743E-07  5.0942E-07  4.4042E-07  3.8905E-07  3.4414E-07  3.0355E-07  2.7587E-07  2.4836E-07  2.2110E-07
       2.0443E-07  1.8651E-07  1.6873E-07  1.5825E-07  1.4072E-07  1.2892E-07  1.2084E-07  1.1323E-07  1.0307E-07  9.4417E-08
       8.8721E-08  8.2373E-08  7.6794E-08  7.0801E-08  6.7755E-08  6.3297E-08  5.8820E-08  5.6898E-08  5.2046E-08  4.8430E-08
       4.5564E-08  4.3507E-08  4.1335E-08  3.9043E-08  3.6231E-08  3.4561E-08  3.2670E-08  3.0648E-08  2.9633E-08  2.7563E-08
       2.6956E-08  2.4485E-08  2.3955E-08  2.2599E-08  2.1041E-08  2.0163E-08  1.9671E-08  1.9090E-08  1.7943E-08  1.6979E-08
       1.6535E-08  1.5744E-08  1.4771E-08  1.3899E-08  1.3644E-08  1.3089E-08  1.2467E-08  1.1976E-08  1.1591E-08  1.0781E-08
       1.0662E-08  1.0292E-08  9.3619E-09  9.2555E-09  8.6742E-09  8.8644E-09  8.1165E-09  7.8657E-09  7.7187E-09  7.2456E-09
       6.8702E-09  6.7615E-09  6.5109E-09  6.4791E-09  6.0591E-09  6.0860E-09  5.6956E-09  5.2687E-09  4.9448E-09  4.9019E-09
       4.8325E-09  4.7500E-09  4.5825E-09  4.2622E-09  4.3128E-09  4.0181E-09  4.0719E-09  3.5846E-09  3.6804E-09  3.6514E-09
       1.3092E-06  2.4051E-06  2.7444E-06  2.4773E-06  2.0847E-06  1.7381E-06  1.4188E-06  1.1990E-06  1.0040E-06  8.4649E-07
       7.2367E-07  6.2059E-07  5.3781E-07  4.7056E-07  4.0848E-07  3.6499E-07  3.2311E-07  2.9053E-07  2.5650E-07  2.3293E-07
       2.0886E-07  1.9062E-07  1.7162E-07  1.5599E-07  1.4541E-07  1.3272E-07  1.2303E-07  1.1485E-07  1.0375E-07  9.5802E-08
       8.9219E-08  8.3444E-08  7.8387E-08  7.2450E-08  6.7400E-08  6.3446E-08  5.8496E-08  5.3845E-08  5.2310E-08  4.8548E-08
       4.6096E-08  4.2946E-08  4.1115E-08  3.8847E-08  3.6137E-08  3.4421E-08  3.2695E-08  3.1057E-08  2.9320E-08  2.8562E-08
       2.6364E-08  2.4792E-08  2.3723E-08  2.2665E-08  2.1025E-08  2.1007E-08  1.9433E-08  1.8802E-08  1.7821E-08  1.6604E-08
       1.6484E-08  1.5892E-08  1.4732E-08  1.4209E-08  1.3735E-08  1.3166E-08  1.2535E-08  1.1758E-08  1.1708E-08  1.1211E-08
       1.0433E-08  1.0361E-08  9.9535E-09  9.0337E-09  8.9819E-09  8.9806E-09  8.2725E-09  7.9711E-09  7.9738E-09  7.3132E-09
       7.1410E-09  7.0266E-09  6.6195E-09  5.9877E-09  6.1174E-09  5.7033E-09  5.5690E-09  5.3246E-09  5.0351E-09  4.9769E-09
       4.8657E-09  4.8620E-09  4.3944E-09  4.3627E-09  4.0973E-09  3.9958E-09  3.8301E-09  3.7390E-09  3.5527E-09  3.4720E-09
       1.3713E-05  5.1299E-06  4.5311E-06  3.5033E-06  2.7020E-06  2.0942E-06  1.6668E-06  1.3445E-06  1.0996E-06  9.1220E-07
       7.7754E-07  6.6204E-07  5.6578E-07  4.9929E-07  4.3311E-07  3.8059E-07  3.3407E-07  2.9686E-07  2.6566E-07  2.3853E-07
       2.1670E-07  1.9607E-07  1.7666E-07  1.6076E-07  1.4624E-07  1.3562E-07  1.2437E-07  1.1611E-07  1.0458E-07  9.7038E-08
       8.9877E-08  8.3578E-08  7.7684E-08  7.1772E-08  6.8711E-08  6.5142E-08  5.9084E-08  5.6191E-08  5.2584E-08  4.8810E-08
       4.5627E-08  4.3988E-08  4.0905E-08  3.8621E-08  3.7591E-08  3.4850E-08  3.1820E-08  3.1229E-08  2.9914E-08  2.7143E-08
       2.6866E-08  2.5889E-08  2.3771E-08  2.3021E-08  2.1601E-08  2.0279E-08  2.0029E-08  1.8548E-08  1.7605E-08  1.7294E-08
       1.6412E-08  1.5486E-08  1.5102E-08  1.4459E-08  1.3201E-08  1.2516E-08  1.2705E-08  1.1950E-08  1.1570E-08  1.0695E-08
       1.0438E-08  1.0247E-08  9.6726E-09  9.6121E-09  9.1028E-09  8.5895E-09  8.3583E-09  8.0007E-09  7.5759E-09  7.2184E-09
       6.8247E-09  6.8256E-09  6.4118E-09  6.4287E-09  6.2780E-09  5.6106E-09  5.7620E-09  5.5809E-09  4.9594E-09  4.7172E-09
       4.9252E-09  4.6373E-09  4.5509E-09  4.3495E-09  4.2583E-09  4.0510E-09  3.8320E-09  3.6825E-09  3.6815E-09  3.4934E-09
       2.0720E-03  1.1963E-05  6.8943E-06  4.5909E-06  3.2617E-06  2.4101E-06  1.8658E-06  1.4827E-06  1.1967E-06  9.8744E-07
       8.1796E-07  6.8705E-07  5.8862E-07  5.1169E-07  4.4071E-07  3.8338E-07  3.3954E-07  3.0145E-07  2.6911E-07  2.3687E-07
       2.1599E-07  1.9645E-07  1.7695E-07  1.6039E-07  1.4611E-07  1.3475E-07  1.2522E-07  1.1554E-07  1.0441E-07  9.6725E-08
       9.1354E-08  8.2108E-08  7.8124E-08  7.3479E-08  6.7997E-08  6.2862E-08  6.0141E-08  5.6068E-08  5.2223E-08  4.9938E-08
       4.5648E-08  4.2857E-08  4.1173E-08  3.9386E-08  3.5874E-08  3.4693E-08  3.1913E-08  3.0487E-08  2.9698E-08  2.7900E-08
       2.5580E-08  2.4982E-08  2.4197E-08  2.2515E-08  2.1783E-08  2.0389E-08  2.0280E-08  1.8612E-08  1.7907E-08  1.7063E-08
       1.6198E-08  1.5310E-08  1.4749E-08  1.4383E-08  1.3649E-08  1.2723E-08  1.2148E-08  1.1640E-08  1.1302E-08  1.0578E-08
       1.0254E-08  9.6078E-09  9.4810E-09  9.1930E-09  8.9806E-09  8.8164E-09  8.3365E-09  7.9434E-09  7.3353E-09  7.3608E-09
       6.6225E-09  6.7798E-09  6.2443E-09  6.2903E-09  6.2147E-09  5.9097E-09  5.2377E-09  5.2136E-09  5.2422E-09  5.1630E-09
       4.7925E-09  4.6392E-09  4.6671E-09  4.3064E-09  3.9042E-09  3.8817E-09  3.7299E-09  3.6817E-09  3.7005E-09  3.6802E-09
       4.0288E-03  1.8654E-05  8.7291E-06  5.3810E-06  3.6191E-06  2.6530E-06  1.9714E-06  1.5455E-06  1.2333E-06  9.9721E-07
       8.3338E-07  6.9716E-07  5.8916E-07  5.0833E-07  4.4506E-07  3.8968E-07  3.3819E-07  2.9934E-07  2.6569E-07  2.3542E-07
       2.1407E-07  1.9370E-07  1.7625E-07  1.5831E-07  1.4584E-07  1.3534E-07  1.2412E-07  1.1225E-07  1.0324E-07  9.5716E-08
       8.8337E-08  8.3977E-08  7.5056E-08  7.1888E-08  6.8655E-08  6.3120E-08  5.9009E-08  5.4898E-08  5.1915E-08  4.9470E-08
       4.4345E-08  4.3439E-08  4.0077E-08  3.7871E-08  3.6522E-08  3.4128E-08  3.2290E-08  3.0649E-08  2.8684E-08  2.7784E-08
       2.6206E-08  2.4837E-08  2.3625E-08  2.2260E-08  2.1505E-08  2.1010E-08  1.9456E-08  1.8464E-08  1.7493E-08  1.6787E-08
       1.5850E-08  1.5170E-08  1.4647E-08  1.4060E-08  1.3447E-08  1.2827E-08  1.2146E-08  1.1831E-08  1.1142E-08  1.1159E-08
       1.0281E-08  9.9612E-09  9.5495E-09  8.9197E-09  9.0200E-09  8.5294E-09  8.0838E-09  7.9626E-09  7.3668E-09  7.0066E-09
       6.7760E-09  6.8610E-09  6.5614E-09  6.3562E-09  6.0973E-09  5.7358E-09  5.7598E-09  5.5865E-09  5.0439E-09  4.9437E-09
       4.5343E-09  4.5906E-09  4.5540E-09  4.2705E-09  4.0205E-09  3.8414E-09  3.8147E-09  3.6038E-09  3.5289E-09  3.4516E-09
       4.3643E-03  2.3402E-05  1.0765E-05  6.2856E-06  4.1563E-06  2.9255E-06  2.1358E-06  1.6394E-06  1.3027E-06  1.0518E-06
       8.7406E-07  7.1881E-07  6.0716E-07  5.1707E-07  4.4810E-07  3.8850E-07  3.3842E-07  3.0759E-07  2.6897E-07  2.4357E-07
       2.1809E-07  1.9325E-07  1.7578E-07  1.6190E-07  1.4700E-07  1.3348E-07  1.2242E-07  1.1514E-07  1.0283E-07  9.8953E-08
       9.0115E-08  8.3952E-08  7.8437E-08  7.3987E-08  6.8664E-08  6.3624E-08  5.7363E-08  5.5358E-08  5.1473E-08  4.8728E-08
       4.6035E-08  4.3045E-08  4.0558E-08  3.7110E-08  3.6936E-08  3.4191E-08  3.2244E-08  3.0738E-08  2.9222E-08  2.7538E-08
       2.6499E-08  2.5387E-08  2.3599E-08  2.2613E-08  2.1458E-08  2.0843E-08  1.9257E-08  1.8444E-08  1.8356E-08  1.6928E-08
       1.6265E-08  1.5743E-08  1.4610E-08  1.4141E-08  1.3761E-08  1.2665E-08  1.2703E-08  1.1864E-08  1.1259E-08  1.0687E-08
       1.0357E-08  9.6976E-09  9.2074E-09  9.3582E-09  8.8534E-09  8.3763E-09  7.9808E-09  7.8493E-09  7.3851E-09  7.3032E-09
       6.9517E-09  6.7448E-09  6.6057E-09  6.1558E-09  5.8115E-09  5.9545E-09  5.6879E-09  5.0526E-09  5.0204E-09  4.9122E-09
       4.7285E-09  4.4574E-09  4.3718E-09  4.3659E-09  4.2836E-09  3.9493E-09  3.9035E-09  3.7673E-09  3.6722E-09  3.4128E-09
       4.4423E-03  2.4728E-05  1.1686E-05  6.8180E-06  4.3993E-06  3.0825E-06  2.2407E-06  1.6810E-06  1.3328E-06  1.0636E-06
       8.7183E-07  7.2770E-07  6.1131E-07  5.1811E-07  4.4720E-07  3.9708E-07  3.4189E-07  3.0333E-07  2.7392E-07  2.4671E-07
       2.1706E-07  1.9614E-07  1.7814E-07  1.6113E-07  1.4850E-07  1.3590E-07  1.2413E-07  1.1471E-07  1.0323E-07  9.8499E-08
       9.1029E-08  8.4315E-08  7.9628E-08  7.1349E-08  6.6867E-08  6.3718E-08  5.8045E-08  5.5557E-08  5.2228E-08  4.9041E-08
       4.4692E-08  4.4122E-08  4.0771E-08  3.8562E-08  3.6170E-08  3.4076E-08  3.2600E-08  3.0920E-08  2.8643E-08  2.7966E-08
       2.6124E-08  2.4791E-08  2.4086E-08  2.2416E-08  2.1821E-08  2.0486E-08  1.9457E-08  1.7712E-08  1.7660E-08  1.6845E-08
       1.6519E-08  1.5335E-08  1.4490E-08  1.4172E-08  1.4093E-08  1.3360E-08  1.2643E-08  1.2225E-08  1.1199E-08  1.1065E-08
       1.0092E-08  9.7859E-09  9.5530E-09  9.1567E-09  8.7903E-09  8.4385E-09  8.2412E-09  7.7368E-09  7.6989E-09  7.4343E-09
       6.9095E-09  6.9077E-09  6.5040E-09  6.1154E-09  5.8753E-09  5.9611E-09  5.4596E-09  5.3171E-09  5.2473E-09  5.0614E-09
       4.5591E-09  4.8467E-09  4.4323E-09  4.2829E-09  4.0988E-09  3.9941E-09  3.8073E-09  3.5584E-09  3.5198E-09  3.4658E-09
       4.4364E-03  2.4782E-05  1.1660E-05  6.7872E-06  4.4046E-06  3.0551E-06  2.2379E-06  1.6994E-06  1.3278E-06  1.0778E-06
       8.7381E-07  7.2521E-07  6.1119E-07  5.2558E-07  4.5436E-07  3.9662E-07  3.4677E-07  3.0438E-07  2.7455E-07  2.4360E-07
       2.1867E-07  1.9944E-07  1.7830E-07  1.6363E-07  1.4818E-07  1.3591E-07  1.2394E-07  1.1389E-07  1.0501E-07  9.6588E-08
       8.8807E-08  8.3602E-08  7.7341E-08  7.2100E-08  6.6807E-08  6.2390E-08  5.9064E-08  5.4861E-08  5.1708E-08  4.9335E-08
       4.6036E-08  4.2116E-08  4.1111E-08  3.9240E-08  3.6162E-08  3.4088E-08  3.3367E-08  3.0924E-08  2.9678E-08  2.7489E-08
       2.6138E-08  2.4997E-08  2.3119E-08  2.1749E-08  2.1031E-08  2.0679E-08  2.0327E-08  1.8333E-08  1.7641E-08  1.7300E-08
       1.6599E-08  1.5019E-08  1.4581E-08  1.4137E-08  1.3230E-08  1.3149E-08  1.2806E-08  1.1625E-08  1.1553E-08  1.0823E-08
       1.0575E-08  9.4130E-09  9.7828E-09  9.2004E-09  8.6417E-09  8.1485E-09  7.8732E-09  7.9244E-09  7.5098E-09  7.4339E-09
       7.2657E-09  6.7802E-09  6.3240E-09  6.2603E-09  5.9986E-09  5.6856E-09  5.5467E-09  5.4858E-09  5.2347E-09  4.7461E-09
       4.8470E-09  4.3800E-09  4.4467E-09  4.2944E-09  4.1415E-09  3.9910E-09  3.9406E-09  3.7209E-09  3.6743E-09  3.4989E-09
       4.3697E-03  2.3338E-05  1.0728E-05  6.3142E-06  4.1466E-06  2.9230E-06  2.1558E-06  1.6590E-06  1.2958E-06  1.0482E-06
       8.5845E-07  7.1501E-07  6.1061E-07  5.1206E-07  4.5136E-07  3.9261E-07  3.4625E-07  3.0108E-07  2.7135E-07  2.4507E-07
       2.1794E-07  1.9576E-07  1.7567E-07  1.6052E-07  1.4800E-07  1.3280E-07  1.2306E-07  1.1442E-07  1.0489E-07  9.9257E-08
       8.9700E-08  8.4383E-08  7.8346E-08  7.1177E-08  6.6879E-08  6.2330E-08  5.9457E-08  5.5310E-08  5.2211E-08  5.0025E-08
       4.6172E-08  4.4095E-08  4.0805E-08  3.7678E-08  3.6955E-08  3.4944E-08  3.2675E-08  3.0990E-08  2.9374E-08  2.7743E-08
       2.6592E-08  2.5626E-08  2.3240E-08  2.3002E-08  2.0557E-08  2.0299E-08  2.0033E-08  1.8694E-08  1.7222E-08  1.6921E-08
       1.6144E-08  1.5896E-08  1.4290E-08  1.4422E-08  1.2908E-08  1.2873E-08  1.2511E-08  1.1783E-08  1.1408E-08  1.0546E-08
       1.0447E-08  9.9119E-09  9.4852E-09  8.8187E-09  8.9269E-09  8.5638E-09  7.9765E-09  8.0326E-09  7.6823E-09  7.0221E-09
       6.9272E-09  6.4517E-09  6.1953E-09  5.9519E-09  5.9422E-09  5.8631E-09  5.1411E-09  5.3557E-09  5.0178E-09  5.1327E-09
       4.6694E-09  4.6235E-09  4.6933E-09  4.3842E-09  4.1878E-09  3.6885E-09  3.9718E-09  3.9273E-09  3.6442E-09  3.3904E-09
       4.0268E-03  1.8721E-05  8.8270E-06  5.3413E-06  3.6605E-06  2.6525E-06  1.9908E-06  1.5387E-06  1.2228E-06  9.9446E-07
       8.3220E-07  7.0032E-07  5.8746E-07  5.0795E-07  4.4095E-07  3.8480E-07  3.3698E-07  2.9654E-07  2.6543E-07  2.3796E-07
       2.1477E-07  1.9418E-07  1.7285E-07  1.6114E-07  1.4503E-07  1.3240E-07  1.2192E-07  1.1212E-07  1.0279E-07  9.6073E-08
       8.8990E-08  8.3735E-08  7.6614E-08  7.1753E-08  6.7262E-08  6.2486E-08  5.9090E-08  5.4742E-08  5.1772E-08  4.8587E-08
       4.6101E-08  4.2964E-08  4.1112E-08  3.8626E-08  3.6933E-08  3.5264E-08  3.2273E-08  3.0857E-08  2.9491E-08  2.7941E-08
       2.5258E-08  2.5107E-08  2.3288E-08  2.1810E-08  2.1019E-08  2.0533E-08  1.9096E-08  1.8615E-08  1.7448E-08  1.6889E-08
       1.6604E-08  1.5457E-08  1.4435E-08  1.4323E-08  1.3350E-08  1.3114E-08  1.2410E-08  1.1832E-08  1.1568E-08  1.0981E-08
       1.0924E-08  9.9718E-09  9.8590E-09  9.0688E-09  8.6891E-09  8.6145E-09  7.6964E-09  8.2450E-09  7.4124E-09  7.3976E-09
       6.9820E-09  6.6631E-09  6.2649E-09  6.2052E-09  5.7971E-09  5.6346E-09  5.4197E-09  5.4403E-09  5.1267E-09  4.9698E-09
       4.6999E-09  4.4265E-09  4.3342E-09  4.4308E-09  4.1647E-09  4.0572E-09  3.8559E-09  3.8391E-09  3.6807E-09  3.5176E-09
       2.0673E-03  1.2007E-05  6.9266E-06  4.5778E-06  3.2848E-06  2.4152E-06  1.8661E-06  1.4847E-06  1.1984E-06  9.7363E-07
       8.0729E-07  6.8423E-07  5.9466E-07  5.0412E-07  4.4241E-07  3.8607E-07  3.3672E-07  2.9835E-07  2.6741E-07  2.4033E-07
       2.1563E-07  1.9703E-07  1.7870E-07  1.6312E-07  1.4574E-07  1.3425E-07  1.2405E-07  1.1354E-07  1.0610E-07  9.6436E-08
       8.9274E-08  8.4985E-08  7.7201E-08  7.2605E-08  6.8032E-08  6.2284E-08  5.8479E-08  5.6049E-08  5.1590E-08  4.8502E-08
       4.5833E-08  4.3629E-08  4.0569E-08  3.7733E-08  3.6679E-08  3.3898E-08  3.1969E-08  3.1294E-08  2.9102E-08  2.8413E-08
       2.6441E-08  2.3836E-08  2.3121E-08  2.2662E-08  2.2050E-08  2.0059E-08  1.9485E-08  1.8591E-08  1.6956E-08  1.6939E-08
       1.6155E-08  1.5747E-08  1.5111E-08  1.3868E-08  1.3621E-08  1.3190E-08  1.2362E-08  1.1980E-08  1.1024E-08  1.0502E-08
       1.0289E-08  1.0037E-08  9.7397E-09  9.4521E-09  8.8769E-09  8.5897E-09  8.2242E-09  8.0125E-09  7.1423E-09  7.3163E-09
       7.3594E-09  6.6981E-09  6.3948E-09  6.2027E-09  5.8868E-09  5.7694E-09  5.3292E-09  5.3037E-09  5.2700E-09  4.8461E-09
       4.7211E-09  4.2617E-09  4.5676E-09  4.4468E-09  4.1506E-09  4.1597E-09  3.8678E-09  3.7892E-09  3.6547E-09  3.6594E-09
       1.3757E-05  5.0845E-06  4.5316E-06  3.4972E-06  2.6711E-06  2.0828E-06  1.6846E-06  1.3368E-06  1.0996E-06  9.2518E-07
       7.7092E-07  6.5209E-07  5.6013E-07  4.9403E-07  4.2343E-07  3.7773E-07  3.3325E-07  2.9548E-07  2.6301E-07  2.4018E-07
       2.1631E-07  1.9780E-07  1.7694E-07  1.6149E-07  1.4799E-07  1.3278E-07  1.2441E-07  1.1409E-07  1.0557E-07  9.8233E-08
       9.2093E-08  8.2641E-08  8.0749E-08  7.2377E-08  7.0049E-08  6.4913E-08  5.9930E-08  5.6228E-08  5.1035E-08  4.9051E-08
       4.6176E-08  4.3353E-08  4.1823E-08  3.9122E-08  3.6690E-08  3.4750E-08  3.2799E-08  3.1165E-08  2.9711E-08  2.7672E-08
       2.7016E-08  2.5367E-08  2.3716E-08  2.2352E-08  2.1414E-08  2.0683E-08  1.9892E-08  1.8709E-08  1.7133E-08  1.6640E-08
       1.5893E-08  1.5463E-08  1.5075E-08  1.4184E-08  1.3621E-08  1.2474E-08  1.2421E-08  1.1959E-08  1.1720E-08  1.0560E-08
       1.0431E-08  1.0195E-08  9.8087E-09  9.4712E-09  8.9699E-09  8.8705E-09  8.5710E-09  8.1843E-09  7.5364E-09  7.3476E-09
       7.1098E-09  6.5341E-09  6.3364E-09  6.3220E-09  5.9325E-09  5.9149E-09  5.3046E-09  5.3733E-09  5.2950E-09  5.0480E-09
       4.8791E-09  4.8098E-09  4.2684E-09  4.2928E-09  4.3598E-09  3.8263E-09  4.1514E-09  3.7490E-09  3.6109E-09  3.3744E-09
       1.3549E-06  2.3879E-06  2.7305E-06  2.4997E-06  2.0920E-06  1.7185E-06  1.4395E-06  1.1988E-06  9.9265E-07  8.3999E-07
       7.2085E-07  6.2963E-07  5.3860E-07  4.6871E-07  4.1149E-07  3.6614E-07  3.2314E-07  2.8842E-07  2.5962E-07  2.3092E-07
       2.1171E-07  1.8957E-07  1.7629E-07  1.5789E-07  1.4571E-07  1.3435E-07  1.2236E-07  1.1278E-07  1.0625E-07  9.6583E-08
       8.9999E-08  8.4231E-08  7.7200E-08  7.4402E-08  6.8078E-08  6.3229E-08  5.9442E-08  5.5338E-08  5.1272E-08  5.0059E-08
       4.6838E-08  4.3729E-08  4.0931E-08  3.9168E-08  3.6480E-08  3.4375E-08  3.2590E-08  3.1896E-08  2.9486E-08  2.7953E-08
       2.6726E-08  2.5273E-08  2.4172E-08  2.2776E-08  2.1930E-08  2.1070E-08  1.8642E-08  1.8714E-08  1.8025E-08  1.6820E-08
       1.6270E-08  1.5863E-08  1.4788E-08  1.4293E-08  1.3595E-08  1.3049E-08  1.1948E-08  1.2393E-08  1.0874E-08  1.1004E-08
       1.0701E-08  1.0222E-08  9.7180E-09  9.2341E-09  9.1162E-09  8.5698E-09  8.1779E-09  8.1883E-09  7.7421E-09  7.6366E-09
       6.8633E-09  6.6335E-09  6.6678E-09  5.9888E-09  5.9619E-09  5.8560E-09  5.8028E-09  5.6172E-09  5.1632E-09  4.8842E-09
       4.6948E-09  4.6044E-09  4.3595E-09  4.4094E-09  4.0128E-09  4.0534E-09  4.0187E-09  3.6530E-09  3.5852E-09  3.5497E-09
       7.9491E-07  1.3881E-06  1.7188E-06  1.7339E-06  1.5954E-06  1.3990E-06  1.2047E-06  1.0357E-06  8.9041E-07  7.5555E-07
       6.6295E-07  5.7053E-07  4.9909E-07  4.4211E-07  3.8924E-07  3.4704E-07  3.0792E-07  2.7987E-07  2.5132E-07  2.2371E-07
       2.0608E-07  1.8661E-07  1.7140E-07  1.5384E-07  1.4542E-07  1.3190E-07  1.2175E-07  1.1237E-07  1.0265E-07  9.4935E-08
       8.7990E-08  8.3079E-08  7.7318E-08  7.2098E-08  6.7672E-08  6.2086E-08  5.8872E-08  5.5640E-08  5.1788E-08  4.8427E-08
       4.5161E-08  4.3892E-08  4.0627E-08  3.8601E-08  3.6415E-08  3.5281E-08  3.2959E-08  3.1058E-08  2.9184E-08  2.7596E-08
       2.6672E-08  2.5230E-08  2.4124E-08  2.2194E-08  2.1265E-08  2.0726E-08  1.9896E-08  1.8946E-08  1.7160E-08  1.6984E-08
       1.6112E-08  1.5986E-08  1.4595E-08  1.3926E-08  1.3663E-08  1.3299E-08  1.2910E-08  1.2089E-08  1.1483E-08  1.0868E-08
       1.0385E-08  1.0260E-08  9.5297E-09  9.1289E-09  9.0451E-09  7.9512E-09  8.2934E-09  8.0869E-09  7.6807E-09  7.7107E-09
       6.9995E-09  6.5566E-09  6.5064E-09  6.1980E-09  5.9699E-09  6.0439E-09  5.6832E-09  5.2596E-09  5.1487E-09  4.9823E-09
       4.9578E-09  4.6426E-09  4.3784E-09  4.3541E-09  4.5406E-09  3.9825E-09  3.7899E-09  3.9078E-09  3.5838E-09  3.4273E-09
       5.5882E-07  9.2209E-07  1.1663E-06  1.2500E-06  1.2171E-06  1.1106E-06  9.9454E-07  8.8663E-07  7.7859E-07  6.7924E-07
       6.0067E-07  5.2966E-07  4.6515E-07  4.1531E-07  3.7000E-07  3.2837E-07  2.9905E-07  2.6735E-07  2.3722E-07  2.1858E-07
       1.9877E-07  1.7794E-07  1.6529E-07  1.5161E-07  1.3957E-07  1.2751E-07  1.1786E-07  1.0867E-07  1.0004E-07  9.3248E-08
       8.8698E-08  8.1571E-08  7.4390E-08  7.1606E-08  6.5628E-08  6.1194E-08  5.7634E-08  5.4892E-08  5.3222E-08  4.8155E-08
       4.4724E-08  4.3081E-08  4.0085E-08  3.7907E-08  3.6708E-08  3.4021E-08  3.2408E-08  3.1212E-08  2.9230E-08  2.6891E-08
       2.6277E-08  2.5406E-08  2.3859E-08  2.2353E-08  2.1863E-08  2.0729E-08  1.9695E-08  1.7842E-08  1.7396E-08  1.7215E-08
       1.6051E-08  1.5652E-08  1.5062E-08  1.3978E-08  1.3347E-08  1.3157E-08  1.2577E-08  1.2075E-08  1.1520E-08  1.0813E-08
       1.0725E-08  1.0180E-08  9.4170E-09  9.2074E-09  8.8113E-09  8.3671E-09  8.1394E-09  7.9149E-09  7.5457E-09  7.2683E-09
       6.9627E-09  6.9368E-09  6.6149E-09  6.2848E-09  5.8527E-09  5.6102E-09  5.7214E-09  5.4859E-09  5.2101E-09  5.1059E-09
       4.8043E-09  4.8079E-09  4.3707E-09  4.1746E-09  4.1820E-09  4.0769E-09  4.0583E-09  3.6726E-09  3.7699E-09  3.5098E-09
       4.3292E-07  6.2464E-07  8.3936E-07  9.3350E-07  9.5619E-07  9.0504E-07  8.1682E-07  7.5116E-07  6.7453E-07  6.1401E-07
       5.4066E-07  4.7992E-07  4.3274E-07  3.8315E-07  3.4537E-07  3.0911E-07  2.8133E-07  2.5157E-07  2.3359E-07  2.0965E-07
       1.8996E-07  1.7595E-07  1.6179E-07  1.4648E-07  1.3499E-07  1.2389E-07  1.1515E-07  1.0637E-07  9.7070E-08  9.1972E-08
       8.5907E-08  8.0890E-08  7.4587E-08  7.1063E-08  6.4929E-08  6.1703E-08  5.9088E-08  5.3987E-08  5.1391E-08  4.8106E-08
       4.4842E-08  4.3315E-08  3.9218E-08  3.7942E-08  3.6932E-08  3.4037E-08  3.2798E-08  2.9635E-08  2.9046E-08  2.7476E-08
       2.6412E-08  2.5097E-08  2.3132E-08  2.2360E-08  2.1690E-08  1.9974E-08  1.9603E-08  1.8673E-08  1.8046E-08  1.6646E-08
       1.6268E-08  1.5117E-08  1.4613E-08  1.4116E-08  1.3552E-08  1.3297E-08  1.2580E-08  1.2138E-08  1.1302E-08  1.1281E-08
       1.0501E-08  1.0070E-08  9.2373E-09  9.5880E-09  8.5559E-09  8.6070E-09  8.4062E-09  7.8484E-09  7.5345E-09  7.4196E-09
       7.0166E-09  6.6434E-09  6.5889E-09  6.2370E-09  5.9338E-09  5.6955E-09  5.4409E-09  5.4401E-09  5.1748E-09  4.9936E-09
       4.8984E-09  4.6014E-09  4.4677E-09  4.3313E-09  4.1699E-09  4.1034E-09  3.9146E-09  3.7330E-09  3.4850E-09  3.5395E-09
       3.4293E-07  4.9489E-07  6.2604E-07  7.1212E-07  7.4388E-07  7.2290E-07  6.7482E-07  6.4316E-07  5.8716E-07  5.2963E-07
       4.7586E-07  4.4007E-07  3.9356E-07  3.5648E-07  3.1673E-07  2.9246E-07  2.6404E-07  2.4308E-07  2.1951E-07  2.0089E-07
       1.8144E-07  1.6716E-07  1.5417E-07  1.4220E-07  1.3036E-07  1.2002E-07  1.1109E-07  1.0373E-07  9.8076E-08  9.0395E-08
       8.5322E-08  7.7688E-08  7.4044E-08  6.7930E-08  6.5176E-08  6.1840E-08  5.5767E-08  5.2747E-08  4.9962E-08  4.7698E-08
       4.4084E-08  4.2644E-08  4.0257E-08  3.7541E-08  3.6240E-08  3.3539E-08  3.1586E-08  2.9705E-08  2.8077E-08  2.6377E-08
       2.5949E-08  2.4249E-08  2.3843E-08  2.2436E-08  2.1521E-08  1.9631E-08  1.9901E-08  1.7733E-08  1.7211E-08  1.6898E-08
       1.6721E-08  1.5161E-08  1.4927E-08  1.4087E-08  1.3290E-08  1.2617E-08  1.2372E-08  1.1638E-08  1.1129E-08  1.0622E-08
       1.0407E-08  1.0345E-08  9.4365E-09  9.2970E-09  8.8175E-09  8.3440E-09  8.5565E-09  7.7438E-09  7.4179E-09  7.2547E-09
       7.1568E-09  6.7180E-09  6.2728E-09  6.2152E-09  6.0889E-09  5.6907E-09  5.6777E-09  5.4113E-09  5.2604E-09  5.1092E-09
       4.8177E-09  4.5085E-09  4.4482E-09  4.2296E-09  4.1960E-09  3.9968E-09  3.8262E-09  3.8877E-09  3.6899E-09  3.4219E-09
       2.7271E-07  3.8611E-07  4.9323E-07  5.6280E-07  5.9027E-07  5.7720E-07  5.7129E-07  5.3879E-07  4.9990E-07  4.7013E-07
       4.2605E-07  3.9336E-07  3.5884E-07  3.2548E-07  2.9794E-07  2.6821E-07  2.4880E-07  2.2461E-07  2.0963E-07  1.9303E-07
       1.7408E-07  1.6099E-07  1.4981E-07  1.3731E-07  1.2877E-07  1.1667E-07  1.0907E-07  1.0141E-07  9.5529E-08  8.8683E-08
       8.2001E-08  7.6502E-08  7.2458E-08  6.7965E-08  6.2853E-08  5.9757E-08  5.7590E-08  5.1913E-08  4.8166E-08  4.4928E-08
       4.3898E-08  4.1253E-08  3.9184E-08  3.6941E-08  3.5144E-08  3.3085E-08  3.1351E-08  2.9448E-08  2.7636E-08  2.6487E-08
       2.5407E-08  2.4518E-08  2.3160E-08  2.2116E-08  2.1427E-08  1.9752E-08  1.8913E-08  1.8031E-08  1.7206E-08  1.6544E-08
       1.6161E-08  1.4737E-08  1.4386E-08  1.3921E-08  1.3490E-08  1.2440E-08  1.2367E-08  1.1392E-08  1.0835E-08  1.0690E-08
       1.0126E-08  1.0029E-08  9.5016E-09  8.9697E-09  8.7979E-09  8.6099E-09  8.3137E-09  8.0196E-09  7.5975E-09  7.0447E-09
       7.1100E-09  6.5910E-09  6.4838E-09  6.2093E-09  5.8348E-09  5.6393E-09  5.1814E-09  5.0152E-09  5.0619E-09  4.8424E-09
       4.7534E-09  4.4406E-09  4.4131E-09  4.1861E-09  4.1513E-09  3.9083E-09  4.0194E-09  3.5177E-09  3.6835E-09  3.4592E-09
       2.4510E-07  3.3226E-07  3.8944E-07  4.4429E-07  4.7900E-07  4.8715E-07  4.7581E-07  4.6555E-07  4.3582E-07  4.0385E-07
       3.8348E-07  3.5560E-07  3.2474E-07  2.9995E-07  2.8122E-07  2.5216E-07  2.3712E-07  2.1337E-07  1.9526E-07  1.8082E-07
       1.6720E-07  1.5369E-07  1.4389E-07  1.3075E-07  1.2324E-07  1.1326E-07  1.0525E-07  9.8914E-08  9.2414E-08  8.6555E-08
       7.9355E-08  7.3797E-08  7.0006E-08  6.4110E-08  6.2633E-08  5.7803E-08  5.5015E-08  5.0997E-08  4.8532E-08  4.4950E-08
       4.2469E-08  4.0681E-08  3.9126E-08  3.6109E-08  3.4579E-08  3.2817E-08  3.1388E-08  2.9805E-08  2.8073E-08  2.6593E-08
       2.4828E-08  2.4329E-08  2.2812E-08  2.1847E-08  2.1036E-08  1.9810E-08  1.8949E-08  1.7890E-08  1.7295E-08  1.5811E-08
       1.5783E-08  1.5061E-08  1.4883E-08  1.3692E-08  1.3339E-08  1.2591E-08  1.2385E-08  1.1415E-08  1.1361E-08  1.1027E-08
       9.7164E-09  9.7964E-09  9.6168E-09  9.4284E-09  8.6002E-09  8.3226E-09  7.7640E-09  7.6211E-09  7.5013E-09  7.0743E-09
       6.9856E-09  6.4906E-09  6.5689E-09  6.0626E-09  6.0447E-09  5.5589E-09  5.3666E-09  5.5515E-09  5.1152E-09  4.8275E-09
       4.7257E-09  4.7490E-09  4.5628E-09  4.4382E-09  4.2447E-09  3.8203E-09  3.8066E-09  3.6505E-09  3.4359E-09  3.3618E-09
       1.7172E-07  2.7675E-07  3.2738E-07  3.7170E-07  4.0100E-07  4.0315E-07  4.0595E-07  3.9388E-07  3.7743E-07  3.6340E-07
       3.3840E-07  3.2018E-07  2.9777E-07  2.7589E-07  2.5355E-07  2.3665E-07  2.1477E-07  2.0008E-07  1.8435E-07  1.7203E-07
       1.5926E-07  1.4648E-07  1.3775E-07  1.2763E-07  1.1858E-07  1.0778E-07  1.0366E-07  9.4463E-08  8.8765E-08  8.3278E-08
       7.9997E-08  7.1438E-08  6.9513E-08  6.2847E-08  5.9879E-08  5.6657E-08  5.4118E-08  5.0903E-08  4.6327E-08  4.4355E-08
       4.2426E-08  3.9561E-08  3.7561E-08  3.5256E-08  3.4165E-08  3.2407E-08  3.0846E-08  2.8815E-08  2.8058E-08  2.5326E-08
       2.4657E-08  2.4028E-08  2.2191E-08  2.1202E-08  2.0731E-08  2.0001E-08  1.8728E-08  1.8418E-08  1.7576E-08  1.6184E-08
       1.5625E-08  1.4647E-08  1.4475E-08  1.3804E-08  1.3318E-08  1.3007E-08  1.2175E-08  1.1632E-08  1.1178E-08  1.1372E-08
       9.9450E-09  9.6544E-09  9.5821E-09  9.1099E-09  8.8386E-09  8.0372E-09  7.8784E-09  7.8091E-09  7.3423E-09  6.9806E-09
       6.5957E-09  6.6776E-09  6.5106E-09  5.9899E-09  5.9154E-09  5.6726E-09  5.7856E-09  5.2242E-09  5.2507E-09  5.0622E-09
       4.7983E-09  4.4180E-09  4.2737E-09  3.9690E-09  4.1024E-09  3.9225E-09  4.0207E-09  3.7432E-09  3.5868E-09  3.4822E-09
       1.6031E-07  2.2341E-07  2.5652E-07  2.9828E-07  3.3543E-07  3.5073E-07  3.5651E-07  3.3206E-07  3.2796E-07  3.1533E-07
       3.0468E-07  2.8590E-07  2.6571E-07  2.5384E-07  2.2976E-07  2.1656E-07  2.0222E-07  1.8592E-07  1.7364E-07  1.5955E-07
       1.4786E-07  1.4007E-07  1.2959E-07  1.2074E-07  1.1151E-07  1.0548E-07  9.9079E-08  9.2925E-08  8.5754E-08  8.0907E-08
       7.6494E-08  7.0591E-08  6.6151E-08  6.3263E-08  5.9618E-08  5.4334E-08  5.3130E-08  4.9651E-08  4.7202E-08  4.4524E-08
       4.1837E-08  3.7879E-08  3.7008E-08  3.4797E-08  3.2894E-08  3.1784E-08  2.9878E-08  2.7978E-08  2.7995E-08  2.5666E-08
       2.4030E-08  2.3429E-08  2.2300E-08  2.1178E-08  2.0401E-08  1.9450E-08  1.8178E-08  1.7647E-08  1.7399E-08  1.6248E-08
       1.5707E-08  1.5046E-08  1.3677E-08  1.3387E-08  1.3398E-08  1.2634E-08  1.1520E-08  1.1529E-08  1.0840E-08  1.0648E-08
       1.0205E-08  9.8593E-09  9.6858E-09  8.8633E-09  8.7591E-09  8.2590E-09  7.7480E-09  7.7148E-09  7.5455E-09  7.1328E-09
       6.9212E-09  6.9033E-09  6.2336E-09  5.8666E-09  5.9818E-09  5.7437E-09  5.5646E-09  5.3355E-09  5.1917E-09  4.8088E-09
       4.7743E-09  4.5575E-09  4.4470E-09  4.2198E-09  3.8417E-09  4.0580E-09  3.9225E-09  3.6468E-09  3.5655E-09  3.2779E-09
       1.5969E-07  2.0478E-07  2.2366E-07  2.5888E-07  2.8083E-07  3.0049E-07  2.9952E-07  2.9886E-07  2.8974E-07  2.8749E-07
       2.7046E-07  2.5150E-07  2.3847E-07  2.1978E-07  2.1281E-07  1.9974E-07  1.8497E-07  1.7596E-07  1.6135E-07  1.5198E-07
       1.4289E-07  1.3385E-07  1.2122E-07  1.1507E-07  1.0768E-07  1.0153E-07  9.3543E-08  8.8821E-08  8.2660E-08  7.8152E-08
       7.1798E-08  6.8695E-08  6.4249E-08  6.1315E-08  5.7419E-08  5.3892E-08  5.0834E-08  4.7144E-08  4.5421E-08  4.2590E-08
       4.0484E-08  3.7379E-08  3.6076E-08  3.4212E-08  3.2349E-08  3.1282E-08  2.9078E-08  2.8323E-08  2.6642E-08  2.5440E-08
       2.4042E-08  2.3394E-08  2.1787E-08  2.1271E-08  2.0223E-08  1.9273E-08  1.8951E-08  1.7351E-08  1.6792E-08  1.6125E-08
       1.5391E-08  1.4591E-08  1.4184E-08  1.3785E-08  1.2944E-08  1.2143E-08  1.1393E-08  1.1563E-08  1.1101E-08  1.0640E-08
       9.9782E-09  9.7276E-09  9.2515E-09  9.1123E-09  8.7029E-09  7.9933E-09  7.9932E-09  7.5872E-09  7.4233E-09  7.1731E-09
       6.7277E-09  6.6529E-09  6.6006E-09  5.8338E-09  5.7161E-09  5.9068E-09  5.1267E-09  5.4229E-09  4.9632E-09  4.7639E-09
       4.6907E-09  4.4176E-09  4.4221E-09  4.1759E-09  4.0511E-09  3.8521E-09  3.8461E-09  3.7871E-09  3.6477E-09  3.5563E-09
       1.1186E-07  1.7572E-07  1.9209E-07  2.1749E-07  2.3782E-07  2.4627E-07  2.6115E-07  2.5342E-07  2.5595E-07  2.5262E-07
       2.4065E-07  2.2968E-07  2.1763E-07  2.0478E-07  1.9858E-07  1.8582E-07  1.7392E-07  1.6248E-07  1.5309E-07  1.4102E-07
       1.3465E-07  1.2469E-07  1.1562E-07  1.1197E-07  1.0173E-07  9.5950E-08  9.0877E-08  8.4588E-08  7.9987E-08  7.3570E-08
       7.0376E-08  6.6647E-08  6.3380E-08  5.9732E-08  5.6182E-08  5.1878E-08  4.9698E-08  4.7438E-08  4.4321E-08  4.1199E-08
       3.9751E-08  3.7923E-08  3.5704E-08  3.4331E-08  3.2800E-08  3.0588E-08  2.8961E-08  2.8094E-08  2.6709E-08  2.5465E-08
       2.3958E-08  2.2239E-08  2.1545E-08  2.0764E-08  1.9514E-08  1.8710E-08  1.7801E-08  1.7638E-08  1.6484E-08  1.5932E-08
       1.4725E-08  1.4682E-08  1.4005E-08  1.3743E-08  1.2847E-08  1.2158E-08  1.1392E-08  1.1558E-08  1.0395E-08  9.9837E-09
       9.7920E-09  9.6196E-09  9.1766E-09  8.8741E-09  8.5681E-09  8.2183E-09  8.0878E-09  7.6133E-09  7.3264E-09  6.7083E-09
       6.8714E-09  6.4093E-09  6.2301E-09  5.8368E-09  6.0506E-09  5.6021E-09  5.3808E-09  5.2440E-09  4.9881E-09  4.9529E-09
       4.7864E-09  4.7112E-09  4.2937E-09  4.1745E-09  3.9985E-09  3.9126E-09  3.8791E-09  3.8525E-09  3.4055E-09  3.4364E-09
       1.1870E-07  1.5454E-07  1.5722E-07  1.8296E-07  2.0870E-07  2.1848E-07  2.3097E-07  2.2459E-07  2.2330E-07  2.2059E-07
       2.1974E-07  2.0720E-07  1.9614E-07  1.9209E-07  1.7381E-07  1.6792E-07  1.6190E-07  1.4794E-07  1.4124E-07  1.3504E-07
       1.2709E-07  1.1846E-07  1.1286E-07  1.0459E-07  9.8659E-08  9.3851E-08  8.5953E-08  8.1028E-08  7.7004E-08  7.2784E-08
       6.8488E-08  6.3843E-08  6.0596E-08  5.7749E-08  5.3052E-08  5.1807E-08  4.8925E-08  4.5765E-08  4.2721E-08  4.1049E-08
       3.9836E-08  3.7102E-08  3.5022E-08  3.3647E-08  3.1433E-08  2.9568E-08  2.9200E-08  2.7190E-08  2.6239E-08  2.4850E-08
       2.4092E-08  2.2287E-08  2.1556E-08  2.0639E-08  2.0055E-08  1.8472E-08  1.8553E-08  1.7164E-08  1.6211E-08  1.5755E-08
       1.5056E-08  1.4079E-08  1.3686E-08  1.3042E-08  1.2823E-08  1.2052E-08  1.1604E-08  1.1126E-08  1.0715E-08  1.0092E-08
       9.7502E-09  9.6972E-09  9.0773E-09  8.9284E-09  8.3970E-09  8.0434E-09  7.6659E-09  7.3335E-09  7.2208E-09  7.2764E-09
       6.5303E-09  6.4299E-09  6.0798E-09  6.2369E-09  5.7933E-09  5.5019E-09  5.3563E-09  5.0409E-09  4.9167E-09  4.8680E-09
       4.6110E-09  4.5740E-09  4.2667E-09  4.2511E-09  4.0013E-09  3.8175E-09  3.5496E-09  3.6428E-09  3.5020E-09  3.3658E-09
       1.1025E-07  1.3955E-07  1.4404E-07  1.6508E-07  1.7572E-07  1.9403E-07  2.0116E-07  2.0219E-07  2.0207E-07  1.9615E-07
       1.9379E-07  1.8810E-07  1.8200E-07  1.7312E-07  1.6776E-07  1.5545E-07  1.5077E-07  1.4146E-07  1.3374E-07  1.2579E-07
       1.1881E-07  1.1170E-07  1.0422E-07  9.9007E-08  9.2743E-08  8.9681E-08  8.3327E-08  7.7258E-08  7.4106E-08  6.9869E-08
       6.5473E-08  6.2359E-08  5.8216E-08  5.3871E-08  5.1992E-08  5.0320E-08  4.6447E-08  4.4271E-08  4.2124E-08  4.0633E-08
       3.8185E-08  3.7400E-08  3.3812E-08  3.2835E-08  3.1119E-08  2.9310E-08  2.7902E-08  2.6513E-08  2.5469E-08  2.4244E-08
       2.3749E-08  2.1975E-08  2.1018E-08  1.9432E-08  1.9055E-08  1.8350E-08  1.7067E-08  1.6943E-08  1.5827E-08  1.5754E-08
       1.5015E-08  1.4298E-08  1.4042E-08  1.2496E-08  1.2691E-08  1.1845E-08  1.1390E-08  1.0767E-08  1.0834E-08  1.0440E-08
       9.7671E-09  9.5015E-09  9.2757E-09  8.6772E-09  8.0870E-09  7.9863E-09  7.8083E-09  7.5123E-09  7.4906E-09  7.1778E-09
       6.7503E-09  6.1831E-09  5.9053E-09  6.0029E-09  5.5764E-09  5.5481E-09  5.7342E-09  5.2018E-09  5.0224E-09  4.8554E-09
       4.6666E-09  4.7159E-09  4.1187E-09  4.1975E-09  3.9782E-09  3.8242E-09  3.8389E-09  3.5670E-09  3.4436E-09  3.3297E-09
       9.8901E-08  1.2000E-07  1.3440E-07  1.4476E-07  1.6258E-07  1.6809E-07  1.7528E-07  1.7720E-07  1.7847E-07  1.7501E-07
       1.7496E-07  1.6851E-07  1.6130E-07  1.5490E-07  1.4884E-07  1.4244E-07  1.3704E-07  1.3156E-07  1.2414E-07  1.1722E-07
       1.1044E-07  1.0237E-07  1.0111E-07  9.1984E-08  8.8285E-08  8.4802E-08  8.0387E-08  7.5646E-08  7.2516E-08  6.7113E-08
       6.3811E-08  5.9467E-08  5.8231E-08  5.3613E-08  5.0783E-08  4.7746E-08  4.6211E-08  4.3719E-08  4.1655E-08  3.9871E-08
       3.6897E-08  3.4764E-08  3.3394E-08  3.1996E-08  3.0283E-08  2.9251E-08  2.7001E-08  2.6223E-08  2.4888E-08  2.3830E-08
       2.2835E-08  2.1855E-08  2.0326E-08  1.9898E-08  1.8600E-08  1.8166E-08  1.7842E-08  1.6353E-08  1.5919E-08  1.5436E-08
       1.4758E-08  1.4236E-08  1.3381E-08  1.2602E-08  1.2286E-08  1.1727E-08  1.1082E-08  1.0776E-08  1.0374E-08  9.7512E-09
       9.4355E-09  9.0226E-09  8.7482E-09  8.3616E-09  8.1884E-09  7.8588E-09  7.5643E-09  7.2120E-09  7.2419E-09  6.6364E-09
       6.6764E-09  6.0417E-09  5.7998E-09  6.0256E-09  5.6214E-09  5.1628E-09  5.2719E-09  5.2850E-09  4.9592E-09  4.9353E-09
       4.5356E-09  4.2983E-09  4.2311E-09  4.1050E-09  3.9558E-09  3.8799E-09  3.9632E-09  3.5261E-09  3.5092E-09  3.3879E-09
       8.8307E-08  1.0172E-07  1.1643E-07  1.2277E-07  1.3783E-07  1.4473E-07  1.5228E-07  1.5365E-07  1.5635E-07  1.5483E-07
       1.5525E-07  1.5519E-07  1.4565E-07  1.4131E-07  1.4040E-07  1.3288E-07  1.2684E-07  1.2193E-07  1.1560E-07  1.1199E-07
       1.0624E-07  9.8700E-08  9.4157E-08  9.0472E-08  8.5269E-08  7.9612E-08  7.5866E-08  7.0781E-08  6.6949E-08  6.4020E-08
       6.1639E-08  5.8289E-08  5.5416E-08  5.1810E-08  4.9502E-08  4.6227E-08  4.3951E-08  4.1254E-08  4.0153E-08  3.7832E-08
       3.5636E-08  3.4212E-08  3.1821E-08  3.1322E-08  2.9682E-08  2.8389E-08  2.7092E-08  2.5572E-08  2.5044E-08  2.2932E-08
       2.3131E-08  2.1106E-08  2.0253E-08  1.9002E-08  1.8502E-08  1.7450E-08  1.7026E-08  1.6321E-08  1.5481E-08  1.4843E-08
       1.4459E-08  1.3738E-08  1.3026E-08  1.2988E-08  1.1936E-08  1.2221E-08  1.1249E-08  1.0812E-08  1.0323E-08  9.9453E-09
       9.6243E-09  9.2022E-09  8.4693E-09  8.4044E-09  7.8667E-09  7.8598E-09  7.4472E-09  7.2781E-09  6.9908E-09  7.0406E-09
       6.3126E-09  6.3780E-09  5.9777E-09  5.8588E-09  5.5444E-09  5.7001E-09  5.4735E-09  5.1720E-09  5.0306E-09  4.8630E-09
       4.5641E-09  4.1792E-09  4.2680E-09  4.1295E-09  3.8142E-09  3.8733E-09  3.8412E-09  3.5245E-09  3.3353E-09  3.3254E-09
       6.8339E-08  1.0091E-07  1.1186E-07  1.1049E-07  1.1958E-07  1.3032E-07  1.4028E-07  1.4254E-07  1.4164E-07  1.4230E-07
       1.3558E-07  1.3913E-07  1.3453E-07  1.3371E-07  1.2673E-07  1.2141E-07  1.1626E-07  1.1271E-07  1.1115E-07  1.0182E-07
       9.9062E-08  9.1100E-08  8.9529E-08  8.5253E-08  7.8667E-08  7.5677E-08  7.1780E-08  6.9291E-08  6.5417E-08  6.0837E-08
       5.7627E-08  5.5948E-08  5.2849E-08  5.0514E-08  4.6937E-08  4.4654E-08  4.3044E-08  4.0239E-08  4.0041E-08  3.6408E-08
       3.6165E-08  3.3703E-08  3.2256E-08  3.0102E-08  2.8736E-08  2.7681E-08  2.6545E-08  2.5235E-08  2.4503E-08  2.2746E-08
       2.0832E-08  2.1057E-08  1.9951E-08  1.9540E-08  1.7743E-08  1.7321E-08  1.6713E-08  1.6251E-08  1.5960E-08  1.4641E-08
       1.4231E-08  1.3249E-08  1.2733E-08  1.2631E-08  1.1985E-08  1.1380E-08  1.1082E-08  1.0576E-08  1.0194E-08  1.0184E-08
       9.1495E-09  8.8760E-09  8.9251E-09  8.5996E-09  7.9290E-09  7.4985E-09  7.6223E-09  7.1461E-09  7.1331E-09  6.5711E-09
       6.4144E-09  6.0704E-09  5.8323E-09  5.4201E-09  5.6332E-09  5.2997E-09  5.5617E-09  5.0976E-09  4.8325E-09  4.7355E-09
       4.4228E-09  4.3962E-09  4.0099E-09  3.9820E-09  4.0895E-09  3.7412E-09  3.5449E-09  3.5871E-09  3.4243E-09  3.4473E-09
       7.8849E-08  8.7134E-08  9.8277E-08  9.9514E-08  1.0889E-07  1.1427E-07  1.2065E-07  1.2968E-07  1.3260E-07  1.2953E-07
       1.2662E-07  1.2726E-07  1.2212E-07  1.2287E-07  1.1636E-07  1.1061E-07  1.0646E-07  1.0480E-07  1.0061E-07  9.5494E-08
       9.1213E-08  8.9189E-08  8.3709E-08  7.9824E-08  7.6101E-08  7.2770E-08  6.9322E-08  6.3945E-08  6.3653E-08  5.9483E-08
       5.6187E-08  5.2195E-08  5.1834E-08  4.7808E-08  4.5933E-08  4.3610E-08  4.1851E-08  4.0745E-08  3.8398E-08  3.5320E-08
       3.4447E-08  3.3093E-08  3.0422E-08  3.0142E-08  2.8820E-08  2.6598E-08  2.5410E-08  2.4465E-08  2.3909E-08  2.2746E-08
       2.1791E-08  1.9882E-08  1.9984E-08  1.9235E-08  1.8537E-08  1.7306E-08  1.6761E-08  1.5927E-08  1.5553E-08  1.4289E-08
       1.3892E-08  1.3716E-08  1.3290E-08  1.2183E-08  1.2227E-08  1.1325E-08  1.0924E-08  1.0733E-08  1.0004E-08  9.2646E-09
       9.4110E-09  9.2428E-09  8.5182E-09  8.0342E-09  7.8789E-09  7.6089E-09  7.2646E-09  6.9412E-09  6.6996E-09  6.3231E-09
       6.2147E-09  6.2819E-09  5.9636E-09  5.7119E-09  5.5568E-09  5.3007E-09  5.0337E-09  4.8250E-09  4.8802E-09  4.5910E-09
       4.4503E-09  4.0746E-09  4.1467E-09  4.1401E-09  3.8748E-09  3.7936E-09  3.6334E-09  3.5721E-09  3.3783E-09  3.2873E-09
       5.2768E-08  8.3188E-08  8.1659E-08  8.6390E-08  1.0210E-07  1.0554E-07  1.0669E-07  1.1423E-07  1.1460E-07  1.1845E-07
       1.1635E-07  1.1345E-07  1.1167E-07  1.1031E-07  1.0738E-07  1.0564E-07  1.0175E-07  9.6524E-08  9.3082E-08  9.1567E-08
       8.7641E-08  8.1455E-08  7.8883E-08  7.5296E-08  7.1118E-08  6.9005E-08  6.6265E-08  6.2791E-08  5.9851E-08  5.7626E-08
       5.4241E-08  5.1985E-08  4.9243E-08  4.6522E-08  4.3876E-08  4.2381E-08  4.0373E-08  3.8482E-08  3.6869E-08  3.5429E-08
       3.3674E-08  3.1328E-08  3.0145E-08  2.9073E-08  2.7256E-08  2.5932E-08  2.5201E-08  2.3548E-08  2.2446E-08  2.1797E-08
       2.0504E-08  1.9085E-08  1.9123E-08  1.8508E-08  1.8562E-08  1.7115E-08  1.5843E-08  1.5157E-08  1.5254E-08  1.4830E-08
       1.3567E-08  1.3282E-08  1.2421E-08  1.1967E-08  1.1807E-08  1.0712E-08  1.0669E-08  1.0245E-08  9.8483E-09  1.0006E-08
       9.2044E-09  8.8727E-09  8.3640E-09  8.1936E-09  8.2093E-09  7.8165E-09  7.2216E-09  7.3029E-09  6.8937E-09  6.6152E-09
       6.2925E-09  5.8346E-09  6.1309E-09  5.7883E-09  5.4446E-09  5.0076E-09  5.1616E-09  4.8941E-09  4.7142E-09  4.3394E-09
       4.4504E-09  4.5822E-09  4.1335E-09  4.0671E-09  3.9200E-09  3.6377E-09  3.7003E-09  3.4809E-09  3.4828E-09  3.3886E-09
       5.5156E-08  7.9652E-08  8.2249E-08  8.2909E-08  9.4415E-08  9.5646E-08  9.8109E-08  1.0320E-07  1.0388E-07  1.0415E-07
       1.0597E-07  1.0383E-07  1.0135E-07  9.9703E-08  9.6310E-08  9.7447E-08  9.2153E-08  8.8448E-08  8.8715E-08  8.5036E-08
       8.1661E-08  7.6735E-08  7.4121E-08  6.9861E-08  6.7919E-08  6.3796E-08  6.2311E-08  6.0024E-08  5.7303E-08  5.4415E-08
       5.1235E-08  4.8894E-08  4.7122E-08  4.5590E-08  4.1417E-08  4.0770E-08  3.8762E-08  3.7533E-08  3.5845E-08  3.3797E-08
       3.3131E-08  3.1224E-08  3.0185E-08  2.7969E-08  2.7042E-08  2.6079E-08  2.4550E-08  2.4241E-08  2.2338E-08  2.1369E-08
       2.0646E-08  2.0116E-08  1.9081E-08  1.8072E-08  1.7391E-08  1.6653E-08  1.6876E-08  1.5472E-08  1.4500E-08  1.4348E-08
       1.3397E-08  1.3067E-08  1.2110E-08  1.2037E-08  1.1734E-08  1.1004E-08  1.1181E-08  1.0040E-08  9.8225E-09  9.3826E-09
       9.3894E-09  8.7500E-09  8.4617E-09  8.0134E-09  7.3595E-09  7.4635E-09  7.1850E-09  6.9311E-09  6.6993E-09  6.6181E-09
       6.3542E-09  6.1365E-09  5.9218E-09  5.4380E-09  5.4798E-09  5.2179E-09  5.2264E-09  4.8381E-09  4.8000E-09  4.6474E-09
       4.1359E-09  4.2939E-09  3.9360E-09  3.8353E-09  3.7121E-09  3.5485E-09  3.5242E-09  3.6049E-09  3.2611E-09  3.0921E-09
       5.1158E-08  6.5975E-08  6.6712E-08  7.2333E-08  8.5295E-08  8.3541E-08  8.9389E-08  9.2914E-08  9.2680E-08  9.3191E-08
       9.5354E-08  9.6717E-08  9.6223E-08  9.2094E-08  9.0894E-08  9.0994E-08  8.9612E-08  8.4174E-08  8.4887E-08  7.5416E-08
       7.3851E-08  7.1677E-08  6.8927E-08  6.6350E-08  6.6349E-08  6.1091E-08  5.9399E-08  5.8475E-08  5.4348E-08  5.1109E-08
       4.9998E-08  4.7300E-08  4.4704E-08  4.1996E-08  4.1475E-08  3.9280E-08  3.7813E-08  3.6403E-08  3.5277E-08  3.3133E-08
       3.1039E-08  2.9764E-08  2.8361E-08  2.6953E-08  2.6094E-08  2.5725E-08  2.3551E-08  2.3019E-08  2.2202E-08  2.1272E-08
       1.9753E-08  1.9612E-08  1.8621E-08  1.7425E-08  1.7261E-08  1.6532E-08  1.5712E-08  1.5031E-08  1.4698E-08  1.3193E-08
       1.3202E-08  1.2696E-08  1.2918E-08  1.1749E-08  1.1565E-08  1.0572E-08  1.0324E-08  1.0112E-08  9.6695E-09  9.2746E-09
       8.8919E-09  8.6838E-09  8.0214E-09  8.2337E-09  7.9257E-09  7.5224E-09  7.1613E-09  7.0402E-09  6.5651E-09  6.3966E-09
       6.1981E-09  6.0293E-09  5.6345E-09  5.5304E-09  5.3071E-09  5.1006E-09  4.7532E-09  4.8275E-09  4.6576E-09  4.4250E-09
       4.0528E-09  4.2908E-09  4.0372E-09  3.8980E-09  3.9439E-09  3.6636E-09  3.4277E-09  3.6879E-09  3.3279E-09  3.3007E-09
       5.4476E-08  6.4646E-08  6.5241E-08  7.1862E-08  7.0421E-08  7.6960E-08  8.0520E-08  8.4941E-08  8.4387E-08  8.6816E-08
       8.3871E-08  9.1727E-08  8.5151E-08  8.5475E-08  8.3510E-08  8.1607E-08  7.8064E-08  7.9775E-08  7.8200E-08  7.2637E-08
       7.0460E-08  6.9560E-08  6.4154E-08  6.3855E-08  6.1030E-08  5.8039E-08  5.6090E-08  5.2510E-08  5.1125E-08  4.8445E-08
       4.7823E-08  4.5248E-08  4.2884E-08  4.1650E-08  3.8466E-08  3.7456E-08  3.6967E-08  3.4664E-08  3.3324E-08  3.1411E-08
       3.0769E-08  2.9291E-08  2.7594E-08  2.7295E-08  2.5671E-08  2.5530E-08  2.2702E-08  2.3209E-08  2.1507E-08  2.0318E-08
       2.0039E-08  1.8810E-08  1.8897E-08  1.7608E-08  1.6213E-08  1.5379E-08  1.5738E-08  1.4611E-08  1.4665E-08  1.3947E-08
       1.3436E-08  1.2566E-08  1.2333E-08  1.1282E-08  1.1293E-08  1.1117E-08  1.0186E-08  1.0087E-08  9.6118E-09  9.4125E-09
       8.9180E-09  8.8441E-09  8.3947E-09  7.8841E-09  7.5356E-09  7.4851E-09  6.6268E-09  6.6702E-09  6.4186E-09  6.5297E-09
       6.0639E-09  5.9618E-09  5.8129E-09  5.2138E-09  5.1424E-09  5.1574E-09  4.9317E-09  4.6775E-09  4.4714E-09  4.5731E-09
       4.2982E-09  4.2499E-09  3.9697E-09  3.9681E-09  3.8203E-09  3.4940E-09  3.5122E-09  3.5069E-09  3.2740E-09  3.3354E-09
       5.6651E-08  6.1344E-08  6.1279E-08  6.8757E-08  6.6807E-08  6.5640E-08  7.4808E-08  7.6638E-08  7.8366E-08  7.9247E-08
       8.1843E-08  8.4085E-08  8.0814E-08  7.8762E-08  7.8067E-08  7.7962E-08  7.3621E-08  7.3306E-08  7.1267E-08  6.9185E-08
       6.7632E-08  6.6452E-08  6.1723E-08  5.9928E-08  5.6520E-08  5.5640E-08  5.3408E-08  5.0942E-08  4.9615E-08  4.7437E-08
       4.5711E-08  4.2416E-08  4.1486E-08  4.0305E-08  3.7961E-08  3.5277E-08  3.5192E-08  3.2988E-08  3.2162E-08  3.0298E-08
       2.9025E-08  2.8079E-08  2.7605E-08  2.5219E-08  2.4210E-08  2.3860E-08  2.3819E-08  2.2199E-08  2.0585E-08  1.9685E-08
       1.9423E-08  1.8502E-08  1.7463E-08  1.7197E-08  1.5967E-08  1.5602E-08  1.4585E-08  1.4343E-08  1.3554E-08  1.3336E-08
       1.2883E-08  1.2385E-08  1.1881E-08  1.1447E-08  1.0370E-08  1.0750E-08  1.0297E-08  9.4876E-09  9.3542E-09  8.8727E-09
       8.9651E-09  8.4319E-09  8.1572E-09  7.7498E-09  7.5166E-09  7.2950E-09  7.1890E-09  6.8904E-09  6.4748E-09  6.0471E-09
       6.0997E-09  5.9134E-09  5.6605E-09  5.4114E-09  5.2287E-09  5.1694E-09  4.9390E-09  4.9539E-09  4.5640E-09  4.5028E-09
       4.5459E-09  3.9046E-09  3.8940E-09  3.8468E-09  3.6450E-09  3.5507E-09  3.3323E-09  3.1738E-09  3.2774E-09  3.1173E-09
       3.8519E-08  5.4874E-08  5.8630E-08  5.7759E-08  5.8969E-08  6.4115E-08  6.9161E-08  7.0648E-08  7.2888E-08  7.4898E-08
       7.4376E-08  7.4801E-08  7.0466E-08  7.3653E-08  7.2221E-08  7.0880E-08  6.9221E-08  6.9254E-08  6.7949E-08  6.2707E-08
       6.2251E-08  6.1577E-08  5.8400E-08  5.6952E-08  5.4949E-08  5.3541E-08  5.1739E-08  4.7796E-08  4.6949E-08  4.5225E-08
       4.3813E-08  4.1608E-08  3.9663E-08  3.8095E-08  3.7100E-08  3.5371E-08  3.4940E-08  3.1803E-08  3.1111E-08  2.9468E-08
       2.7328E-08  2.7096E-08  2.5787E-08  2.5343E-08  2.4519E-08  2.3134E-08  2.2292E-08  2.1474E-08  2.0151E-08  1.9941E-08
       1.8345E-08  1.7834E-08  1.7279E-08  1.6526E-08  1.6162E-08  1.5543E-08  1.4785E-08  1.4047E-08  1.3508E-08  1.2970E-08
       1.2618E-08  1.2641E-08  1.1955E-08  1.1630E-08  1.0814E-08  1.0723E-08  9.9425E-09  9.7760E-09  9.3330E-09  8.7729E-09
       8.3728E-09  8.2552E-09  7.7526E-09  7.5330E-09  7.4919E-09  7.2942E-09  6.7368E-09  6.6453E-09  6.0328E-09  6.0986E-09
       5.7725E-09  5.7185E-09  5.3317E-09  5.2990E-09  5.1629E-09  5.1763E-09  4.7758E-09  4.6551E-09  4.5067E-09  4.2475E-09
       4.1303E-09  4.0671E-09  3.8801E-09  3.8962E-09  3.6387E-09  3.5654E-09  3.4349E-09  3.2352E-09  3.2254E-09  3.1093E-09
       3.6720E-08  4.8372E-08  5.2410E-08  5.1909E-08  5.6572E-08  6.5061E-08  6.3036E-08  6.4598E-08  6.6775E-08  6.9313E-08
       6.9545E-08  6.8918E-08  6.7739E-08  6.8087E-08  6.8340E-08  6.7980E-08  6.5208E-08  6.3558E-08  6.2005E-08  6.0632E-08
       5.9909E-08  5.7987E-08  5.3778E-08  5.3965E-08  5.2211E-08  4.9217E-08  4.8802E-08  4.5003E-08  4.4038E-08  4.4589E-08
       4.1604E-08  3.9737E-08  3.7869E-08  3.6613E-08  3.5413E-08  3.4286E-08  3.2573E-08  3.1418E-08  2.8934E-08  2.9404E-08
       2.6808E-08  2.5420E-08  2.5082E-08  2.4780E-08  2.3788E-08  2.2446E-08  2.1813E-08  2.0660E-08  1.9421E-08  1.9334E-08
       1.7867E-08  1.7315E-08  1.6605E-08  1.6431E-08  1.5336E-08  1.4909E-08  1.4580E-08  1.3701E-08  1.2808E-08  1.2315E-08
       1.1862E-08  1.1850E-08  1.1149E-08  1.0796E-08  1.0425E-08  9.8689E-09  9.4483E-09  9.5190E-09  9.3229E-09  8.5036E-09
       8.3764E-09  8.0184E-09  7.9363E-09  7.5988E-09  7.4852E-09  6.7316E-09  6.5530E-09  6.4202E-09  6.2688E-09  6.0199E-09
       5.7749E-09  5.5873E-09  5.4424E-09  5.0203E-09  5.2844E-09  4.9298E-09  4.6991E-09  4.7926E-09  4.3206E-09  4.4030E-09
       4.2432E-09  3.9518E-09  3.7063E-09  3.8855E-09  3.4842E-09  3.5352E-09  3.5506E-09  3.1855E-09  3.1076E-09  3.0241E-09
       3.3772E-08  4.6054E-08  5.1868E-08  5.1932E-08  5.5681E-08  5.4655E-08  5.7740E-08  5.8532E-08  6.0021E-08  6.3578E-08
       5.9758E-08  6.5758E-08  6.2948E-08  6.5511E-08  6.2988E-08  6.2622E-08  6.1981E-08  6.0116E-08  5.7881E-08  5.6814E-08
       5.6980E-08  5.5186E-08  5.2790E-08  5.0209E-08  4.8786E-08  4.7641E-08  4.6402E-08  4.3494E-08  4.1615E-08  3.9694E-08
       3.9137E-08  3.6816E-08  3.6371E-08  3.4947E-08  3.4224E-08  3.2548E-08  3.1243E-08  2.9507E-08  2.9732E-08  2.7121E-08
       2.6538E-08  2.5804E-08  2.5098E-08  2.4149E-08  2.2997E-08  2.2655E-08  2.1278E-08  2.0080E-08  1.9375E-08  1.8582E-08
       1.7869E-08  1.6934E-08  1.6669E-08  1.6107E-08  1.5124E-08  1.4508E-08  1.3705E-08  1.4024E-08  1.2289E-08  1.2263E-08
       1.2017E-08  1.1420E-08  1.1545E-08  1.0765E-08  1.0781E-08  9.9398E-09  9.5946E-09  9.3995E-09  9.3424E-09  8.6209E-09
       8.2345E-09  7.8571E-09  7.8162E-09  7.4925E-09  7.1903E-09  6.6321E-09  6.5757E-09  6.6407E-09  6.0630E-09  6.1688E-09
       6.0149E-09  5.6726E-09  5.6123E-09  5.2429E-09  4.9551E-09  5.0226E-09  4.5486E-09  4.7385E-09  4.3296E-09  4.4155E-09
       3.9980E-09  4.1123E-09  3.7536E-09  3.7105E-09  3.7561E-09  3.4247E-09  3.2726E-09  3.3240E-09  3.1077E-09  2.9987E-09
       2.3890E-08  4.4007E-08  4.6401E-08  4.6564E-08  4.9038E-08  5.0542E-08  5.3863E-08  5.4642E-08  5.8150E-08  5.7760E-08
       5.7556E-08  5.8492E-08  5.8849E-08  5.9358E-08  5.8683E-08  5.8349E-08  5.6295E-08  5.3651E-08  5.4909E-08  5.3284E-08
       5.1878E-08  5.0677E-08  5.0385E-08  4.6832E-08  4.5885E-08  4.4894E-08  4.5035E-08  4.2230E-08  4.0995E-08  3.9868E-08
       3.7947E-08  3.7358E-08  3.4302E-08  3.3736E-08  3.1737E-08  3.1024E-08  3.0025E-08  2.9341E-08  2.7505E-08  2.6830E-08
       2.5639E-08  2.4444E-08  2.3820E-08  2.3139E-08  2.0986E-08  2.1271E-08  2.0716E-08  1.9729E-08  1.8603E-08  1.8087E-08
       1.7214E-08  1.7101E-08  1.6302E-08  1.5626E-08  1.4696E-08  1.3982E-08  1.3816E-08  1.3627E-08  1.2235E-08  1.2482E-08
       1.1290E-08  1.1482E-08  1.1160E-08  1.0669E-08  1.0049E-08  1.0063E-08  9.5672E-09  8.9489E-09  8.4937E-09  8.4127E-09
       8.4834E-09  8.5394E-09  7.5585E-09  7.6552E-09  7.1183E-09  6.9137E-09  6.4246E-09  6.8135E-09  5.8213E-09  6.0865E-09
       5.8096E-09  5.7038E-09  5.3826E-09  5.1906E-09  4.9597E-09  4.8724E-09  4.4559E-09  4.4396E-09  4.3832E-09  4.2272E-09
       4.1445E-09  3.9670E-09  3.7196E-09  3.5011E-09  3.4363E-09  3.3394E-09  3.3349E-09  3.2128E-09  3.0714E-09  3.0810E-09
       3.6702E-08  4.0619E-08  4.2928E-08  4.2335E-08  4.4124E-08  4.6806E-08  4.9675E-08  5.3226E-08  5.3912E-08  5.4252E-08
       5.3460E-08  5.3155E-08  5.6886E-08  5.3395E-08  5.4307E-08  5.1628E-08  5.3486E-08  5.0987E-08  5.1655E-08  5.1674E-08
       5.0397E-08  4.7846E-08  4.7546E-08  4.5312E-08  4.3980E-08  4.2520E-08  4.1929E-08  3.9124E-08  3.9385E-08  3.6615E-08
       3.5710E-08  3.4508E-08  3.4049E-08  3.2052E-08  3.1158E-08  3.0358E-08  2.8616E-08  2.7164E-08  2.6873E-08  2.5662E-08
       2.5142E-08  2.3648E-08  2.3542E-08  2.2481E-08  2.1142E-08  2.0450E-08  1.9776E-08  1.8961E-08  1.8761E-08  1.8031E-08
       1.7118E-08  1.6317E-08  1.6433E-08  1.4767E-08  1.4576E-08  1.3932E-08  1.3921E-08  1.3249E-08  1.2489E-08  1.2352E-08
       1.1799E-08  1.1135E-08  1.0571E-08  1.0115E-08  9.7721E-09  1.0024E-08  9.6049E-09  8.7165E-09  8.9152E-09  7.9761E-09
       8.2910E-09  7.7575E-09  7.6730E-09  7.3965E-09  7.0760E-09  6.6497E-09  6.4792E-09  6.1217E-09  5.8168E-09  5.7150E-09
       5.7056E-09  5.6937E-09  5.2115E-09  5.0008E-09  4.9032E-09  4.7540E-09  4.5420E-09  4.6218E-09  4.2760E-09  4.1328E-09
       4.2379E-09  3.8409E-09  3.8833E-09  3.7092E-09  3.6826E-09  3.4936E-09  3.2343E-09  3.1948E-09  3.0333E-09  2.8891E-09
       3.3818E-08  4.4428E-08  3.6102E-08  4.0982E-08  4.0441E-08  4.2166E-08  4.5407E-08  4.9033E-08  5.1684E-08  5.0234E-08
       5.0686E-08  5.1669E-08  5.0517E-08  5.0925E-08  5.1712E-08  4.9867E-08  4.9312E-08  5.2013E-08  4.7373E-08  4.7771E-08
       4.5736E-08  4.5849E-08  4.2888E-08  4.1841E-08  4.1925E-08  4.1793E-08  4.0253E-08  3.8096E-08  3.5173E-08  3.4521E-08
       3.4768E-08  3.3009E-08  3.2284E-08  3.0184E-08  3.0093E-08  2.8623E-08  2.7165E-08  2.6856E-08  2.5475E-08  2.5317E-08
       2.4517E-08  2.3273E-08  2.2554E-08  2.1324E-08  2.0635E-08  2.0397E-08  1.9833E-08  1.8731E-08  1.8377E-08  1.7608E-08
       1.6459E-08  1.6129E-08  1.5789E-08  1.4627E-08  1.4132E-08  1.2921E-08  1.3683E-08  1.2371E-08  1.2337E-08  1.1652E-08
       1.1154E-08  1.0938E-08  1.0591E-08  1.0461E-08  9.7725E-09  9.5782E-09  9.3613E-09  8.8162E-09  8.3918E-09  8.1427E-09
       8.0115E-09  7.7715E-09  7.5344E-09  7.1686E-09  6.6265E-09  6.4923E-09  6.1989E-09  6.2061E-09  6.0250E-09  5.8030E-09
       5.4637E-09  5.2126E-09  4.8058E-09  4.9803E-09  4.7965E-09  4.6699E-09  4.5693E-09  4.5378E-09  4.4966E-09  4.0468E-09
       4.0287E-09  3.7710E-09  3.7092E-09  3.6020E-09  3.4725E-09  3.4454E-09  3.2598E-09  3.0418E-09  3.0491E-09  3.0578E-09
       4.0793E-08  3.9122E-08  3.8088E-08  3.8723E-08  3.8789E-08  3.8655E-08  4.2079E-08  4.3454E-08  4.3715E-08  4.8343E-08
       4.7560E-08  4.7217E-08  4.6347E-08  4.6515E-08  4.8566E-08  4.8076E-08  4.6060E-08  4.5242E-08  4.4631E-08  4.4070E-08
       4.2560E-08  4.3394E-08  4.1121E-08  4.0704E-08  3.9525E-08  3.8817E-08  3.6713E-08  3.5534E-08  3.5151E-08  3.3995E-08
       3.2689E-08  3.1155E-08  2.9726E-08  3.0392E-08  2.8561E-08  2.7502E-08  2.7043E-08  2.5398E-08  2.5303E-08  2.3257E-08
       2.3022E-08  2.2504E-08  2.1727E-08  2.0804E-08  2.0550E-08  1.9815E-08  1.8468E-08  1.7888E-08  1.7158E-08  1.6469E-08
       1.6022E-08  1.5553E-08  1.4667E-08  1.4084E-08  1.3491E-08  1.3553E-08  1.2795E-08  1.2475E-08  1.1764E-08  1.1690E-08
       1.1301E-08  1.0802E-08  1.0166E-08  1.0191E-08  9.7135E-09  9.2869E-09  9.0829E-09  8.5794E-09  8.0124E-09  8.0915E-09
       7.6559E-09  7.5944E-09  7.0112E-09  7.1979E-09  6.6280E-09  6.3886E-09  6.2647E-09  6.0777E-09  5.7224E-09  5.7017E-09
       5.5165E-09  5.1453E-09  5.1551E-09  5.0198E-09  4.8196E-09  4.5674E-09  4.4846E-09  4.2935E-09  4.0800E-09  3.9670E-09
       4.0120E-09  4.0786E-09  3.6467E-09  3.4649E-09  3.4684E-09  3.3727E-09  3.2521E-09  3.1472E-09  3.0392E-09  2.8757E-09
       3.4658E-08  3.2306E-08  3.4869E-08  3.4976E-08  3.6373E-08  3.8416E-08  4.0397E-08  3.8504E-08  4.1505E-08  4.2069E-08
       4.3729E-08  4.4983E-08  4.3430E-08  4.1998E-08  4.3166E-08  4.4276E-08  4.2826E-08  4.4271E-08  3.9659E-08  4.0230E-08
       3.9596E-08  3.9886E-08  3.7405E-08  3.9733E-08  3.7060E-08  3.6258E-08  3.5832E-08  3.4119E-08  3.4805E-08  3.2248E-08
       3.1139E-08  3.0257E-08  2.8997E-08  2.8895E-08  2.7482E-08  2.6851E-08  2.6043E-08  2.4884E-08  2.3157E-08  2.2377E-08
       2.2769E-08  2.1666E-08  2.1199E-08  1.9629E-08  1.9583E-08  1.8250E-08  1.7051E-08  1.7530E-08  1.7171E-08  1.6065E-08
       1.5496E-08  1.5295E-08  1.4229E-08  1.3519E-08  1.3497E-08  1.2703E-08  1.3024E-08  1.2460E-08  1.1344E-08  1.1790E-08
       1.1207E-08  1.0445E-08  1.0217E-08  9.6824E-09  9.4940E-09  8.9562E-09  9.0273E-09  8.8264E-09  8.2390E-09  7.6377E-09
       7.6254E-09  7.4211E-09  7.1217E-09  6.7020E-09  6.6481E-09  6.5211E-09  6.3329E-09  5.9986E-09  5.7519E-09  5.8648E-09
       5.4819E-09  5.1509E-09  5.0750E-09  4.9807E-09  4.9007E-09  4.6238E-09  4.6178E-09  4.3589E-09  3.9701E-09  3.8334E-09
       3.8442E-09  3.7882E-09  3.6172E-09  3.4907E-09  3.2842E-09  3.1799E-09  3.2716E-09  3.0277E-09  2.9677E-09  2.9027E-09
       3.0897E-08  2.7962E-08  3.2021E-08  2.9342E-08  3.4979E-08  3.5839E-08  3.5425E-08  3.8939E-08  4.1680E-08  3.7055E-08
       4.0570E-08  4.2459E-08  3.9727E-08  4.1721E-08  4.1528E-08  4.1960E-08  4.1019E-08  4.0488E-08  4.1427E-08  3.8682E-08
       3.8156E-08  3.8249E-08  3.6691E-08  3.6048E-08  3.5350E-08  3.3332E-08  3.3906E-08  3.2688E-08  3.1865E-08  3.1084E-08
       2.9903E-08  2.8407E-08  2.8808E-08  2.7493E-08  2.7144E-08  2.6610E-08  2.4679E-08  2.3995E-08  2.2623E-08  2.3025E-08
       2.1600E-08  2.0767E-08  1.9378E-08  2.0219E-08  1.8043E-08  1.8273E-08  1.7765E-08  1.6547E-08  1.5855E-08  1.5768E-08
       1.5646E-08  1.4357E-08  1.3735E-08  1.3782E-08  1.3243E-08  1.2976E-08  1.2320E-08  1.2013E-08  1.1378E-08  1.1173E-08
       1.0931E-08  1.0222E-08  9.7628E-09  9.7480E-09  8.9978E-09  8.7562E-09  8.4385E-09  8.4772E-09  8.0451E-09  7.8017E-09
       7.6403E-09  7.0490E-09  6.8683E-09  6.9621E-09  6.8199E-09  6.5476E-09  6.2723E-09  5.6045E-09  5.5744E-09  5.4371E-09
       5.0912E-09  5.1229E-09  5.2278E-09  4.9277E-09  4.6503E-09  4.7998E-09  4.2943E-09  4.1477E-09  4.0368E-09  3.7990E-09
       3.9845E-09  3.6682E-09  3.7804E-09  3.3415E-09  3.1752E-09  3.2192E-09  3.0898E-09  2.9516E-09  3.0010E-09  3.0351E-09
       2.2682E-08  2.6737E-08  2.8160E-08  3.0614E-08  3.3104E-08  3.2001E-08  3.4981E-08  3.6610E-08  3.6431E-08  3.7800E-08
       3.8539E-08  3.9559E-08  3.6273E-08  4.0729E-08  3.8435E-08  4.0093E-08  3.6878E-08  3.8165E-08  3.6614E-08  3.6823E-08
       3.6076E-08  3.5417E-08  3.4343E-08  3.4761E-08  3.3706E-08  3.3495E-08  3.1397E-08  3.1311E-08  3.0595E-08  2.9849E-08
       2.8364E-08  2.7141E-08  2.7118E-08  2.5741E-08  2.5000E-08  2.5153E-08  2.3780E-08  2.3504E-08  2.2183E-08  2.1902E-08
       2.0459E-08  1.9867E-08  1.9763E-08  1.8474E-08  1.8133E-08  1.7467E-08  1.6869E-08  1.6371E-08  1.5704E-08  1.5674E-08
       1.5449E-08  1.4722E-08  1.3635E-08  1.3342E-08  1.3083E-08  1.2175E-08  1.1773E-08  1.1866E-08  1.1285E-08  1.0604E-08
       1.0073E-08  9.9221E-09  9.4159E-09  9.5950E-09  8.8935E-09  8.6451E-09  8.3669E-09  8.2918E-09  7.4002E-09  7.6420E-09
       7.5553E-09  7.2653E-09  6.5428E-09  6.7534E-09  6.5606E-09  6.4601E-09  5.9397E-09  5.8540E-09  5.6271E-09  5.2623E-09
       5.1770E-09  5.0517E-09  4.5010E-09  4.7117E-09  4.5703E-09  4.4642E-09  4.3210E-09  4.0467E-09  4.2218E-09  4.0865E-09
       3.7125E-09  3.6188E-09  3.5797E-09  3.6265E-09  3.4026E-09  3.2964E-09  3.0730E-09  2.8832E-09  2.9720E-09  2.8145E-09
       2.9520E-08  2.7050E-08  2.7641E-08  2.9831E-08  3.1569E-08  2.9679E-08  3.3545E-08  3.3766E-08  3.3706E-08  3.6219E-08
       3.5011E-08  3.7219E-08  3.7416E-08  3.4957E-08  3.5908E-08  3.6723E-08  3.7613E-08  3.5812E-08  3.5537E-08  3.3922E-08
       3.4871E-08  3.3281E-08  3.3390E-08  3.1541E-08  3.2929E-08  3.0362E-08  3.0864E-08  3.0172E-08  2.9011E-08  2.8750E-08
       2.7140E-08  2.7160E-08  2.5489E-08  2.4973E-08  2.4848E-08  2.3629E-08  2.3513E-08  2.1832E-08  2.1798E-08  1.9872E-08
       1.9585E-08  1.8944E-08  1.8254E-08  1.7991E-08  1.7298E-08  1.7149E-08  1.6600E-08  1.5640E-08  1.5408E-08  1.4756E-08
       1.4155E-08  1.4255E-08  1.3712E-08  1.2878E-08  1.2230E-08  1.1964E-08  1.1377E-08  1.1209E-08  1.0839E-08  1.0459E-08
       9.9951E-09  9.5910E-09  9.5267E-09  8.9658E-09  8.9113E-09  8.8646E-09  7.9764E-09  7.8980E-09  7.7035E-09  7.2754E-09
       7.2058E-09  6.5933E-09  6.9917E-09  6.5161E-09  6.1524E-09  6.0954E-09  5.7285E-09  5.6235E-09  5.6356E-09  5.2791E-09
       4.9660E-09  5.1643E-09  4.8188E-09  4.9368E-09  4.6269E-09  4.3357E-09  4.3958E-09  4.0243E-09  4.1030E-09  3.8850E-09
       3.6921E-09  3.6136E-09  3.5225E-09  3.3967E-09  3.1125E-09  3.0998E-09  3.0341E-09  2.9746E-09  2.8783E-09  2.7139E-09
       2.1886E-08  2.5897E-08  2.9301E-08  2.6480E-08  2.5337E-08  2.9997E-08  3.0142E-08  3.1083E-08  3.4450E-08  3.2570E-08
       3.2920E-08  3.4135E-08  3.2427E-08  3.3768E-08  3.4179E-08  3.3972E-08  3.3795E-08  3.3892E-08  3.2568E-08  3.1695E-08
       3.2528E-08  3.2520E-08  3.2184E-08  3.2115E-08  3.0846E-08  2.8793E-08  2.7692E-08  2.8021E-08  2.7341E-08  2.7462E-08
       2.6450E-08  2.4823E-08  2.5122E-08  2.4233E-08  2.3906E-08  2.2879E-08  2.1868E-08  2.1041E-08  2.0238E-08  2.0018E-08
       1.8828E-08  1.8698E-08  1.7677E-08  1.7418E-08  1.6852E-08  1.6395E-08  1.6021E-08  1.5063E-08  1.4651E-08  1.4456E-08
       1.4079E-08  1.3794E-08  1.2680E-08  1.2382E-08  1.2423E-08  1.1704E-08  1.1302E-08  1.0861E-08  1.0637E-08  1.0245E-08
       9.9531E-09  9.8914E-09  9.1470E-09  9.0412E-09  8.5679E-09  8.1478E-09  7.9891E-09  8.1080E-09  7.7558E-09  7.2672E-09
       7.1266E-09  7.0272E-09  6.6783E-09  6.4661E-09  6.4154E-09  5.8545E-09  5.8467E-09  5.5548E-09  5.4698E-09  5.1848E-09
       5.2740E-09  4.9473E-09  4.7485E-09  4.9630E-09  4.4679E-09  4.2014E-09  4.3119E-09  4.1816E-09  4.0538E-09  3.5596E-09
       3.8271E-09  3.6390E-09  3.4768E-09  3.0734E-09  3.1854E-09  3.1789E-09  3.2088E-09  3.1409E-09  2.9987E-09  2.9227E-09
       1.7898E-08  2.7443E-08  2.6183E-08  2.4259E-08  2.9234E-08  2.9036E-08  2.7618E-08  3.1686E-08  2.8922E-08  3.0098E-08
       3.1510E-08  2.9550E-08  3.0790E-08  3.1620E-08  3.1978E-08  3.2086E-08  3.2919E-08  3.1798E-08  3.1390E-08  3.1015E-08
       3.0475E-08  3.0766E-08  2.9105E-08  2.9722E-08  2.7315E-08  2.7210E-08  2.7409E-08  2.7002E-08  2.6029E-08  2.5089E-08
       2.5428E-08  2.3998E-08  2.3286E-08  2.3328E-08  2.1734E-08  2.1262E-08  2.0562E-08  2.0042E-08  1.9905E-08  1.9286E-08
       1.9078E-08  1.8185E-08  1.8350E-08  1.7148E-08  1.6310E-08  1.5538E-08  1.5483E-08  1.5086E-08  1.4878E-08  1.4054E-08
       1.3190E-08  1.2580E-08  1.2872E-08  1.2566E-08  1.1871E-08  1.1513E-08  1.1041E-08  1.0564E-08  1.0705E-08  9.5950E-09
       9.7656E-09  9.2803E-09  8.6299E-09  8.8671E-09  8.3637E-09  8.2395E-09  8.1870E-09  7.7641E-09  7.3376E-09  7.1344E-09
       7.0647E-09  6.6871E-09  6.3907E-09  6.4274E-09  6.0606E-09  5.9658E-09  5.6345E-09  5.4661E-09  5.2998E-09  5.1840E-09
       4.9422E-09  4.7597E-09  4.6149E-09  4.4499E-09  4.4576E-09  4.2369E-09  3.9589E-09  3.9550E-09  3.8680E-09  3.6922E-09
       3.4888E-09  3.4168E-09  3.5249E-09  3.3250E-09  3.2551E-09  3.1039E-09  2.9060E-09  2.8044E-09  2.8037E-09  2.7535E-09
       1.7859E-08  2.2399E-08  2.4875E-08  2.4564E-08  2.4509E-08  2.6853E-08  2.8725E-08  2.5094E-08  2.7256E-08  3.0903E-08
       2.8757E-08  2.9040E-08  3.0172E-08  3.1102E-08  2.9959E-08  3.0190E-08  3.0636E-08  3.0117E-08  3.0547E-08  3.0344E-08
       2.9006E-08  2.7980E-08  2.6889E-08  2.7621E-08  2.7348E-08  2.6205E-08  2.6344E-08  2.4696E-08  2.5484E-08  2.4544E-08
       2.3716E-08  2.3710E-08  2.2218E-08  2.2716E-08  2.1538E-08  2.1392E-08  2.0349E-08  2.0615E-08  1.9196E-08  1.8463E-08
       1.8160E-08  1.7235E-08  1.6977E-08  1.6810E-08  1.5666E-08  1.5722E-08  1.4586E-08  1.4316E-08  1.4419E-08  1.3208E-08
       1.3166E-08  1.2807E-08  1.2036E-08  1.1670E-08  1.1624E-08  1.1390E-08  1.0862E-08  1.0705E-08  1.0054E-08  9.9580E-09
       9.5021E-09  9.1472E-09  8.1871E-09  8.5106E-09  7.8458E-09  8.3408E-09  7.7402E-09  7.5033E-09  7.4347E-09  7.0717E-09
       6.9196E-09  6.5628E-09  6.3113E-09  6.1983E-09  6.0031E-09  5.9682E-09  5.5243E-09  5.5994E-09  5.4963E-09  5.0957E-09
       4.9309E-09  4.7818E-09  4.5826E-09  4.3369E-09  4.3628E-09  4.1127E-09  3.9138E-09  3.8641E-09  3.7998E-09  3.6003E-09
       3.6947E-09  3.4766E-09  3.3845E-09  3.4847E-09  3.2116E-09  3.0792E-09  2.9207E-09  2.8218E-09  2.8258E-09  2.8139E-09
       1.9251E-08  2.1267E-08  2.2057E-08  2.1960E-08  2.4815E-08  2.3875E-08  2.4159E-08  2.3716E-08  2.7291E-08  2.6486E-08
       2.4940E-08  2.8286E-08  2.7553E-08  2.8166E-08  2.8384E-08  2.9110E-08  2.8036E-08  2.8415E-08  2.8231E-08  2.7791E-08
       2.7493E-08  2.7719E-08  2.6856E-08  2.5291E-08  2.5088E-08  2.5591E-08  2.5363E-08  2.4617E-08  2.3857E-08  2.3197E-08
       2.3096E-08  2.1488E-08  2.0614E-08  2.1331E-08  2.0102E-08  2.0409E-08  1.9837E-08  1.8672E-08  1.8312E-08  1.7127E-08
       1.7496E-08  1.6915E-08  1.7100E-08  1.6278E-08  1.5022E-08  1.5062E-08  1.4510E-08  1.4152E-08  1.3864E-08  1.3169E-08
       1.2802E-08  1.2448E-08  1.1808E-08  1.1615E-08  1.0917E-08  1.0166E-08  1.0739E-08  1.0228E-08  9.5652E-09  9.8131E-09
       9.1624E-09  8.3260E-09  8.8046E-09  8.0539E-09  8.2345E-09  8.1076E-09  7.7507E-09  7.3716E-09  7.2795E-09  6.8140E-09
       6.8711E-09  6.5098E-09  6.3634E-09  6.1312E-09  6.0163E-09  5.4721E-09  5.6432E-09  5.1038E-09  5.0352E-09  4.7697E-09
       4.8386E-09  4.7478E-09  4.8076E-09  4.4393E-09  4.1269E-09  4.1611E-09  3.9175E-09  3.8329E-09  3.6413E-09  3.8092E-09
       3.4977E-09  3.3952E-09  3.3083E-09  3.2727E-09  3.1159E-09  3.1675E-09  2.9937E-09  2.9153E-09  2.6855E-09  2.6452E-09
       1.7877E-08  1.8489E-08  2.3167E-08  2.1010E-08  2.2049E-08  2.1875E-08  2.4594E-08  2.3704E-08  2.4711E-08  2.6157E-08
       2.5692E-08  2.6624E-08  2.7497E-08  2.7908E-08  2.6716E-08  2.7232E-08  2.5455E-08  2.7102E-08  2.5720E-08  2.5853E-08
       2.4824E-08  2.6367E-08  2.6260E-08  2.5574E-08  2.3706E-08  2.4509E-08  2.4194E-08  2.2882E-08  2.2476E-08  2.2527E-08
       2.2258E-08  2.2089E-08  2.1643E-08  1.9776E-08  2.0231E-08  1.9539E-08  1.8583E-08  1.8209E-08  1.6747E-08  1.6624E-08
       1.7311E-08  1.6058E-08  1.5699E-08  1.5850E-08  1.5283E-08  1.4348E-08  1.4243E-08  1.3574E-08  1.3126E-08  1.3029E-08
       1.2127E-08  1.1919E-08  1.1061E-08  1.1417E-08  1.1045E-08  1.0409E-08  1.0386E-08  9.7969E-09  1.0003E-08  9.8080E-09
       8.7749E-09  9.0722E-09  8.1322E-09  7.9723E-09  7.6639E-09  7.8028E-09  7.4413E-09  7.4484E-09  6.8511E-09  7.0608E-09
       6.3389E-09  6.5887E-09  6.1623E-09  6.1318E-09  5.7088E-09  5.4535E-09  5.2933E-09  5.2964E-09  4.9569E-09  4.8365E-09
       4.5309E-09  4.6561E-09  4.4610E-09  4.3840E-09  4.2468E-09  3.9919E-09  3.9065E-09  3.8019E-09  3.7163E-09  3.6344E-09
       3.6319E-09  3.2316E-09  3.2753E-09  3.2398E-09  3.1662E-09  2.9979E-09  2.8538E-09  2.7514E-09  2.8126E-09  2.5076E-09
       1.0384E-08  1.9730E-08  2.1828E-08  2.2039E-08  2.0127E-08  2.1706E-08  2.2875E-08  2.3115E-08  2.2915E-08  2.5170E-08
       2.3240E-08  2.5273E-08  2.5684E-08  2.6223E-08  2.5064E-08  2.5198E-08  2.4808E-08  2.6188E-08  2.6846E-08  2.5595E-08
       2.6424E-08  2.4768E-08  2.5101E-08  2.3923E-08  2.3131E-08  2.3039E-08  2.2953E-08  2.1499E-08  2.0723E-08  2.2121E-08
       2.0552E-08  1.9747E-08  2.0055E-08  1.9176E-08  1.9113E-08  1.8371E-08  1.8041E-08  1.7347E-08  1.6912E-08  1.6805E-08
       1.5985E-08  1.4688E-08  1.5266E-08  1.4183E-08  1.4497E-08  1.4356E-08  1.3859E-08  1.3158E-08  1.3266E-08  1.2307E-08
       1.1719E-08  1.1440E-08  1.1743E-08  1.0643E-08  1.0645E-08  1.0344E-08  9.6149E-09  9.5754E-09  9.3916E-09  9.3627E-09
       8.6949E-09  8.1887E-09  7.8275E-09  7.6157E-09  7.8517E-09  7.3190E-09  7.4468E-09  6.7751E-09  7.0292E-09  6.7842E-09
       6.0505E-09  6.3035E-09  5.8821E-09  5.6743E-09  5.7782E-09  5.7659E-09  5.2755E-09  5.1483E-09  4.7918E-09  5.0712E-09
       4.6738E-09  4.3921E-09  4.5913E-09  4.3602E-09  4.0954E-09  4.1235E-09  3.7539E-09  3.8802E-09  3.6748E-09  3.6043E-09
       3.0900E-09  3.3942E-09  3.1815E-09  3.0121E-09  3.0952E-09  2.8480E-09  2.6688E-09  2.7356E-09  2.7806E-09  2.5919E-09
       1.5364E-08  1.8261E-08  2.1276E-08  1.8889E-08  1.9924E-08  1.9697E-08  2.1624E-08  2.0905E-08  2.2119E-08  2.3767E-08
       2.3301E-08  2.3284E-08  2.3608E-08  2.4405E-08  2.3462E-08  2.4183E-08  2.3986E-08  2.4381E-08  2.4141E-08  2.3989E-08
       2.3999E-08  2.3378E-08  2.2567E-08  2.2605E-08  2.2511E-08  2.2888E-08  2.1266E-08  2.0640E-08  2.0293E-08  2.0559E-08
       2.0055E-08  1.9311E-08  1.8949E-08  1.8914E-08  1.7844E-08  1.7208E-08  1.7393E-08  1.6688E-08  1.6632E-08  1.5759E-08
       1.5325E-08  1.5227E-08  1.5244E-08  1.4672E-08  1.3733E-08  1.3181E-08  1.2775E-08  1.3436E-08  1.2231E-08  1.1753E-08
       1.1432E-08  1.1456E-08  1.0459E-08  1.0132E-08  1.0070E-08  9.8902E-09  9.6054E-09  9.5326E-09  9.0559E-09  8.6517E-09
       8.2734E-09  8.2926E-09  8.2342E-09  7.7547E-09  7.6154E-09  6.8600E-09  7.0982E-09  7.2280E-09  6.5079E-09  6.4172E-09
       5.9868E-09  5.7874E-09  5.6731E-09  5.6522E-09  5.4381E-09  5.3849E-09  5.3938E-09  5.1399E-09  4.9848E-09  4.6432E-09
       4.5860E-09  4.1844E-09  4.4038E-09  4.1018E-09  4.0733E-09  4.1537E-09  3.8398E-09  3.6031E-09  3.5713E-09  3.4577E-09
       3.3072E-09  3.1923E-09  3.0574E-09  3.2713E-09  2.9656E-09  2.7652E-09  2.7311E-09  2.8110E-09  2.7488E-09  2.6768E-09
       1.5821E-08  1.6624E-08  1.8231E-08  1.6782E-08  2.1347E-08  1.8962E-08  2.1050E-08  2.0469E-08  2.0690E-08  2.2537E-08
       2.0057E-08  2.3311E-08  2.3706E-08  2.2265E-08  2.1992E-08  2.3031E-08  2.1833E-08  2.2812E-08  2.3207E-08  2.2280E-08
       2.2126E-08  2.3081E-08  2.2229E-08  2.1691E-08  2.2051E-08  2.1241E-08  1.9697E-08  2.0743E-08  2.0101E-08  1.8958E-08
       1.9156E-08  1.7994E-08  1.7721E-08  1.7939E-08  1.7596E-08  1.6274E-08  1.6289E-08  1.6664E-08  1.5840E-08  1.5417E-08
       1.4381E-08  1.3878E-08  1.3610E-08  1.3627E-08  1.3190E-08  1.3572E-08  1.2530E-08  1.1865E-08  1.1870E-08  1.1770E-08
       1.1631E-08  1.1141E-08  1.0996E-08  1.0026E-08  9.7108E-09  9.7084E-09  9.1162E-09  8.9323E-09  9.3300E-09  8.8432E-09
       8.4511E-09  8.6034E-09  7.5650E-09  7.3405E-09  7.3660E-09  6.9932E-09  7.0043E-09  6.7640E-09  6.5780E-09  5.9519E-09
       5.8457E-09  5.6941E-09  5.7869E-09  5.6855E-09  5.3844E-09  4.8848E-09  5.2932E-09  5.1102E-09  4.7345E-09  4.6673E-09
       4.5934E-09  4.2489E-09  4.0922E-09  4.2407E-09  3.9301E-09  3.8167E-09  3.7167E-09  3.6376E-09  3.5151E-09  3.3053E-09
       3.4155E-09  3.2669E-09  3.0481E-09  3.1086E-09  2.7384E-09  3.0615E-09  2.7965E-09  2.5537E-09  2.6605E-09  2.4403E-09
       1.4840E-08  1.9310E-08  2.0742E-08  1.9300E-08  1.8596E-08  1.8306E-08  1.8723E-08  1.9072E-08  1.9869E-08  1.8859E-08
       2.1563E-08  2.1468E-08  2.1692E-08  2.1504E-08  1.9811E-08  2.1758E-08  2.1176E-08  2.1953E-08  2.1867E-08  2.1883E-08
       2.1614E-08  2.1601E-08  2.0581E-08  2.0367E-08  2.0183E-08  1.9831E-08  1.9257E-08  1.9168E-08  1.8790E-08  1.8476E-08
       1.8103E-08  1.7771E-08  1.7464E-08  1.7602E-08  1.6575E-08  1.6611E-08  1.5087E-08  1.5909E-08  1.5064E-08  1.4432E-08
       1.4231E-08  1.3815E-08  1.3667E-08  1.3321E-08  1.2905E-08  1.2488E-08  1.2048E-08  1.1699E-08  1.1304E-08  1.1394E-08
       1.1296E-08  1.0550E-08  9.8592E-09  1.0101E-08  9.6449E-09  9.4592E-09  9.4340E-09  8.8179E-09  8.5571E-09  7.8960E-09
       7.9292E-09  7.8073E-09  7.4867E-09  7.5063E-09  7.2449E-09  7.0907E-09  6.9445E-09  6.1613E-09  6.5642E-09  6.2699E-09
       5.9787E-09  6.0392E-09  5.6779E-09  5.7681E-09  5.3094E-09  5.0976E-09  5.4767E-09  4.8717E-09  4.7018E-09  4.5502E-09
       4.3063E-09  4.1460E-09  4.0247E-09  4.3037E-09  4.1369E-09  4.0062E-09  3.6350E-09  3.4937E-09  3.4118E-09  3.3022E-09
       3.2404E-09  3.1070E-09  2.9799E-09  2.9893E-09  3.0852E-09  2.9756E-09  2.6368E-09  2.7729E-09  2.7050E-09  2.4857E-09
       1.7218E-08  1.8622E-08  1.6240E-08  1.6431E-08  1.6815E-08  1.8151E-08  1.7311E-08  1.9819E-08  1.8292E-08  1.8332E-08
       1.9691E-08  2.1212E-08  2.0178E-08  2.0250E-08  2.0862E-08  1.9700E-08  2.0178E-08  1.9450E-08  2.0410E-08  2.0157E-08
       2.1054E-08  2.0049E-08  2.0745E-08  1.9614E-08  1.8123E-08  1.8666E-08  1.8925E-08  1.8309E-08  1.8409E-08  1.7387E-08
       1.7147E-08  1.7118E-08  1.7011E-08  1.5811E-08  1.5886E-08  1.5782E-08  1.4937E-08  1.4735E-08  1.4683E-08  1.4471E-08
       1.3492E-08  1.3582E-08  1.3672E-08  1.2936E-08  1.2656E-08  1.2235E-08  1.1773E-08  1.1859E-08  1.0850E-08  1.0844E-08
       1.0895E-08  9.8498E-09  9.7821E-09  1.0163E-08  9.2818E-09  9.1263E-09  9.1291E-09  8.8214E-09  8.6754E-09  8.0019E-09
       7.8326E-09  7.7925E-09  7.6585E-09  6.9506E-09  7.0289E-09  6.5444E-09  6.6455E-09  6.2469E-09  6.0776E-09  5.9428E-09
       5.4935E-09  5.8014E-09  5.5081E-09  5.3111E-09  5.4138E-09  5.3266E-09  4.9340E-09  5.0705E-09  4.6490E-09  4.2272E-09
       4.2112E-09  4.1708E-09  3.9833E-09  3.9031E-09  3.7290E-09  3.7837E-09  3.5336E-09  3.3387E-09  3.5137E-09  3.5801E-09
       3.2853E-09  3.2566E-09  3.0925E-09  2.8425E-09  2.7763E-09  2.6511E-09  2.6518E-09  2.5361E-09  2.5767E-09  2.2969E-09
       1.3684E-08  1.5957E-08  1.6968E-08  1.6121E-08  1.5338E-08  1.6545E-08  1.7226E-08  1.7302E-08  1.6684E-08  1.8343E-08
       2.0614E-08  1.8583E-08  1.9094E-08  1.8835E-08  1.9139E-08  1.9133E-08  2.0104E-08  1.8299E-08  1.9691E-08  1.8903E-08
       1.9171E-08  1.8580E-08  1.7697E-08  1.7972E-08  1.8427E-08  1.8192E-08  1.8258E-08  1.7737E-08  1.6853E-08  1.7597E-08
       1.6931E-08  1.6378E-08  1.6805E-08  1.6067E-08  1.5370E-08  1.5061E-08  1.4937E-08  1.4690E-08  1.4044E-08  1.4142E-08
       1.3814E-08  1.3132E-08  1.2433E-08  1.2279E-08  1.1921E-08  1.1546E-08  1.0881E-08  1.1433E-08  1.1265E-08  1.0108E-08
       1.0013E-08  1.0001E-08  9.5755E-09  9.4404E-09  8.7559E-09  8.4989E-09  8.7366E-09  8.2139E-09  8.0591E-09  7.4883E-09
       7.4034E-09  7.4770E-09  6.8695E-09  7.0885E-09  6.9186E-09  6.4171E-09  6.1375E-09  6.1782E-09  6.2642E-09  6.0120E-09
       5.7342E-09  5.7474E-09  5.4561E-09  5.2858E-09  5.0473E-09  4.9806E-09  4.7582E-09  4.8586E-09  4.5871E-09  4.2911E-09
       4.3195E-09  4.0683E-09  4.0489E-09  3.9598E-09  3.9821E-09  3.6979E-09  3.3878E-09  3.4408E-09  3.3324E-09  3.0077E-09
       3.1641E-09  3.1231E-09  2.9765E-09  3.0395E-09  2.7439E-09  2.7543E-09  2.7400E-09  2.4982E-09  2.6450E-09  2.4482E-09
       1.4405E-08  1.4103E-08  1.3746E-08  1.6301E-08  1.5091E-08  1.4431E-08  1.5443E-08  1.7376E-08  1.6273E-08  1.5846E-08
       1.6969E-08  1.7568E-08  1.6982E-08  1.8043E-08  1.8139E-08  1.7040E-08  1.8193E-08  1.9152E-08  1.8170E-08  1.8092E-08
       1.6984E-08  1.8489E-08  1.7372E-08  1.7319E-08  1.7837E-08  1.7328E-08  1.6929E-08  1.6218E-08  1.6168E-08  1.6651E-08
       1.5892E-08  1.5927E-08  1.5807E-08  1.5260E-08  1.4850E-08  1.5183E-08  1.3861E-08  1.4174E-08  1.3047E-08  1.2669E-08
       1.2753E-08  1.2230E-08  1.1821E-08  1.1739E-08  1.1605E-08  1.1327E-08  1.0524E-08  1.0536E-08  1.0493E-08  1.0183E-08
       1.0175E-08  9.8336E-09  9.5717E-09  9.0091E-09  8.5325E-09  8.6811E-09  8.4007E-09  8.3040E-09  8.1738E-09  7.5466E-09
       7.0401E-09  7.1225E-09  6.8763E-09  7.0954E-09  6.6743E-09  6.3174E-09  6.0359E-09  6.1932E-09  5.6695E-09  5.7714E-09
       5.4812E-09  5.4312E-09  5.0471E-09  5.2033E-09  5.1675E-09  4.6495E-09  4.5870E-09  4.9271E-09  4.5656E-09  4.3299E-09
       4.1788E-09  4.1686E-09  3.8977E-09  3.3857E-09  3.6005E-09  3.6353E-09  3.6765E-09  3.6175E-09  3.3491E-09  3.2349E-09
       3.1949E-09  3.0307E-09  2.9639E-09  2.9933E-09  2.6745E-09  2.5625E-09  2.6234E-09  2.4737E-09  2.6061E-09  2.4293E-09
       1.2217E-08  1.0969E-08  1.5281E-08  1.3718E-08  1.5462E-08  1.4437E-08  1.6016E-08  1.6396E-08  1.5720E-08  1.5411E-08
       1.6070E-08  1.5588E-08  1.7589E-08  1.7142E-08  1.7182E-08  1.6677E-08  1.7048E-08  1.7949E-08  1.7129E-08  1.6357E-08
       1.7431E-08  1.7438E-08  1.7751E-08  1.6804E-08  1.5707E-08  1.6383E-08  1.6046E-08  1.6089E-08  1.6299E-08  1.6053E-08
       1.5110E-08  1.4587E-08  1.4990E-08  1.4595E-08  1.3770E-08  1.3918E-08  1.4074E-08  1.3177E-08  1.2748E-08  1.3077E-08
       1.2580E-08  1.1906E-08  1.1585E-08  1.1455E-08  1.1386E-08  1.0951E-08  1.0713E-08  1.0286E-08  9.9819E-09  9.7810E-09
       9.4543E-09  9.5399E-09  9.5690E-09  8.7267E-09  9.0072E-09  7.9846E-09  8.0564E-09  7.9839E-09  7.7661E-09  7.0272E-09
       7.2272E-09  6.9238E-09  6.8379E-09  7.0026E-09  6.8019E-09  6.2343E-09  5.9528E-09  6.0220E-09  5.7177E-09  5.4578E-09
       5.4417E-09  5.2035E-09  5.1683E-09  5.0524E-09  4.9645E-09  4.8293E-09  4.5529E-09  4.2982E-09  4.2992E-09  4.1600E-09
       4.2228E-09  4.1347E-09  3.6864E-09  3.7470E-09  3.5813E-09  3.4729E-09  3.4583E-09  3.4194E-09  3.5717E-09  3.2865E-09
       3.0159E-09  3.0023E-09  2.9255E-09  2.9549E-09  2.7390E-09  2.5948E-09  2.5246E-09  2.5385E-09  2.4037E-09  2.4357E-09
       1.1510E-08  1.3174E-08  1.5436E-08  1.3143E-08  1.4939E-08  1.3688E-08  1.4835E-08  1.4855E-08  1.4396E-08  1.5575E-08
       1.6057E-08  1.5848E-08  1.5962E-08  1.6685E-08  1.6406E-08  1.5997E-08  1.6397E-08  1.6911E-08  1.7187E-08  1.6672E-08
       1.7129E-08  1.6523E-08  1.5353E-08  1.5443E-08  1.5996E-08  1.5739E-08  1.4711E-08  1.5353E-08  1.4505E-08  1.5743E-08
       1.4532E-08  1.4744E-08  1.4008E-08  1.3427E-08  1.3785E-08  1.3313E-08  1.3821E-08  1.2674E-08  1.2712E-08  1.1742E-08
       1.1364E-08  1.1681E-08  1.1058E-08  1.1481E-08  1.0867E-08  1.0662E-08  1.0577E-08  1.0091E-08  1.0112E-08  9.7454E-09
       9.1252E-09  9.1460E-09  8.7296E-09  8.5852E-09  7.8751E-09  7.9876E-09  8.1545E-09  7.6988E-09  7.4684E-09  7.3781E-09
       7.1887E-09  6.7366E-09  6.8234E-09  6.4711E-09  6.3367E-09  6.0452E-09  5.7460E-09  5.9450E-09  5.6801E-09  5.4583E-09
       5.2019E-09  5.2409E-09  4.9103E-09  4.8539E-09  4.8292E-09  4.6796E-09  4.4762E-09  4.5583E-09  4.0518E-09  4.0506E-09
       3.8701E-09  4.0053E-09  4.0013E-09  3.6861E-09  3.5221E-09  3.3693E-09  3.3234E-09  3.3710E-09  3.2316E-09  2.9897E-09
       2.9707E-09  2.9457E-09  2.8725E-09  2.6100E-09  2.6060E-09  2.5277E-09  2.5451E-09  2.5768E-09  2.4805E-09  2.3466E-09
       1.0213E-08  1.3714E-08  1.5363E-08  1.5802E-08  1.4387E-08  1.4064E-08  1.4042E-08  1.3256E-08  1.5419E-08  1.5548E-08
       1.4187E-08  1.4116E-08  1.5594E-08  1.5730E-08  1.6338E-08  1.4905E-08  1.6305E-08  1.5392E-08  1.5760E-08  1.5107E-08
       1.5631E-08  1.5237E-08  1.4898E-08  1.5095E-08  1.4895E-08  1.5187E-08  1.5559E-08  1.4464E-08  1.5029E-08  1.4526E-08
       1.4077E-08  1.3899E-08  1.3769E-08  1.2710E-08  1.3007E-08  1.3122E-08  1.2952E-08  1.2156E-08  1.2499E-08  1.2143E-08
       1.1542E-08  1.1406E-08  1.0512E-08  1.0982E-08  1.0771E-08  1.0247E-08  9.9821E-09  9.6599E-09  9.5040E-09  8.8805E-09
       8.7877E-09  8.6839E-09  8.6853E-09  8.2448E-09  8.0232E-09  8.0909E-09  7.9350E-09  7.1384E-09  7.7759E-09  7.0610E-09
       6.9804E-09  6.7249E-09  6.5757E-09  6.1634E-09  6.2300E-09  5.9103E-09  5.8234E-09  5.6965E-09  5.5618E-09  5.2511E-09
       5.3773E-09  4.7967E-09  5.0479E-09  4.8838E-09  4.6995E-09  4.4857E-09  4.4894E-09  4.4625E-09  3.8834E-09  4.0085E-09
       4.0256E-09  3.7959E-09  3.6335E-09  3.3766E-09  3.4363E-09  3.5885E-09  3.3062E-09  3.3126E-09  3.1789E-09  2.7279E-09
       3.1442E-09  2.8528E-09  2.6521E-09  2.8716E-09  2.5248E-09  2.6170E-09  2.5061E-09  2.3598E-09  2.2730E-09  2.0928E-09
       1.3403E-08  1.5514E-08  1.3191E-08  1.2853E-08  1.2371E-08  1.3968E-08  1.2834E-08  1.2993E-08  1.3660E-08  1.4006E-08
       1.4018E-08  1.3205E-08  1.4551E-08  1.4168E-08  1.5512E-08  1.5288E-08  1.5445E-08  1.3669E-08  1.4914E-08  1.5091E-08
       1.5028E-08  1.4573E-08  1.4373E-08  1.4350E-08  1.4597E-08  1.4274E-08  1.3589E-08  1.3409E-08  1.3694E-08  1.3584E-08
       1.2971E-08  1.3162E-08  1.3117E-08  1.2657E-08  1.2325E-08  1.1787E-08  1.2066E-08  1.2219E-08  1.1457E-08  1.0982E-08
       1.1291E-08  1.0697E-08  1.0982E-08  1.0506E-08  9.7378E-09  1.0201E-08  9.8973E-09  9.4302E-09  9.1777E-09  8.6987E-09
       8.3903E-09  8.5974E-09  8.7386E-09  8.3722E-09  7.8295E-09  7.9039E-09  7.5164E-09  7.3324E-09  6.9855E-09  6.7476E-09
       6.5299E-09  6.2331E-09  6.3832E-09  6.2972E-09  5.9240E-09  6.1258E-09  5.7077E-09  5.7770E-09  5.6025E-09  5.4229E-09
       4.7056E-09  4.9991E-09  4.7585E-09  4.6078E-09  4.3591E-09  4.5357E-09  4.0690E-09  4.2269E-09  3.8825E-09  3.7796E-09
       3.8942E-09  3.7491E-09  3.5488E-09  3.5315E-09  3.4081E-09  3.5609E-09  2.9667E-09  3.2752E-09  3.0729E-09  3.0119E-09
       2.7404E-09  2.8661E-09  2.7057E-09  2.6258E-09  2.6659E-09  2.4509E-09  2.3861E-09  2.2791E-09  2.4248E-09  2.1575E-09
       9.7630E-09  1.0433E-08  1.0335E-08  1.3407E-08  1.1118E-08  1.1183E-08  1.2682E-08  1.2463E-08  1.3087E-08  1.4313E-08
       1.3385E-08  1.3648E-08  1.5535E-08  1.3580E-08  1.3914E-08  1.4323E-08  1.4418E-08  1.3097E-08  1.4536E-08  1.4562E-08
       1.3836E-08  1.4592E-08  1.4449E-08  1.2961E-08  1.3350E-08  1.3449E-08  1.2896E-08  1.3309E-08  1.3500E-08  1.2719E-08
       1.3206E-08  1.2715E-08  1.2330E-08  1.2132E-08  1.1779E-08  1.1467E-08  1.1427E-08  1.1237E-08  1.1084E-08  1.0976E-08
       1.1064E-08  1.0181E-08  1.0470E-08  9.4228E-09  9.7714E-09  9.1336E-09  9.0081E-09  9.1561E-09  8.7947E-09  8.7693E-09
       8.1014E-09  8.1088E-09  8.1949E-09  7.6932E-09  7.8861E-09  7.5181E-09  7.3449E-09  6.7533E-09  6.8030E-09  6.6766E-09
       6.6540E-09  6.1215E-09  6.1950E-09  6.2080E-09  5.6881E-09  5.5953E-09  5.5930E-09  5.4673E-09  5.2902E-09  5.0834E-09
       5.0383E-09  4.7811E-09  4.6266E-09  4.6283E-09  4.6502E-09  4.3079E-09  4.2189E-09  4.0522E-09  4.0021E-09  3.8446E-09
       3.7451E-09  3.6708E-09  3.4244E-09  3.3674E-09  3.4579E-09  3.5573E-09  3.2653E-09  2.9807E-09  2.7201E-09  2.9095E-09
       2.8219E-09  2.7634E-09  2.6656E-09  2.7787E-09  2.4635E-09  2.3590E-09  2.3681E-09  2.3822E-09  2.0798E-09  2.2198E-09
       9.4781E-09  1.1204E-08  1.0747E-08  1.2045E-08  1.1238E-08  1.0332E-08  1.1990E-08  1.3292E-08  1.1692E-08  1.1098E-08
       1.2644E-08  1.2833E-08  1.3291E-08  1.2946E-08  1.3752E-08  1.3324E-08  1.3472E-08  1.3532E-08  1.3079E-08  1.2946E-08
       1.3400E-08  1.3258E-08  1.2561E-08  1.3573E-08  1.2985E-08  1.2856E-08  1.3384E-08  1.2441E-08  1.2565E-08  1.2083E-08
       1.2363E-08  1.2072E-08  1.1872E-08  1.2230E-08  1.1211E-08  1.1005E-08  1.1325E-08  1.0613E-08  1.0580E-08  1.0703E-08
       1.0587E-08  1.0450E-08  9.7663E-09  9.4872E-09  9.2629E-09  9.2329E-09  8.7433E-09  8.6965E-09  8.6331E-09  8.4520E-09
       8.3352E-09  7.7407E-09  7.7208E-09  7.4696E-09  7.2900E-09  7.3121E-09  7.0798E-09  6.8946E-09  6.6379E-09  6.5504E-09
       6.4235E-09  5.8563E-09  6.1441E-09  5.6082E-09  5.8916E-09  5.2671E-09  5.4141E-09  5.3341E-09  5.1140E-09  4.8735E-09
       4.6491E-09  4.7117E-09  4.4785E-09  4.7819E-09  4.1990E-09  4.1431E-09  3.8862E-09  4.1202E-09  3.9726E-09  3.4269E-09
       3.6493E-09  3.6240E-09  3.6114E-09  3.2888E-09  3.1517E-09  3.1390E-09  2.8865E-09  3.0544E-09  2.9919E-09  2.7881E-09
       2.6441E-09  2.5581E-09  2.4738E-09  2.6389E-09  2.5703E-09  2.4315E-09  2.3582E-09  2.4658E-09  2.1046E-09  2.0176E-09
       7.2003E-09  1.0232E-08  1.0624E-08  1.0209E-08  1.2220E-08  1.1450E-08  1.1295E-08  1.2249E-08  1.0896E-08  1.1407E-08
       1.2326E-08  1.1751E-08  1.2693E-08  1.2334E-08  1.3503E-08  1.2994E-08  1.2478E-08  1.2960E-08  1.2533E-08  1.3221E-08
       1.3481E-08  1.2738E-08  1.2079E-08  1.2903E-08  1.2989E-08  1.2865E-08  1.2237E-08  1.2550E-08  1.2635E-08  1.1632E-08
       1.2090E-08  1.0965E-08  1.1740E-08  1.1770E-08  1.1210E-08  1.1162E-08  1.0501E-08  1.0571E-08  1.0398E-08  1.0452E-08
       9.9541E-09  9.3110E-09  9.7827E-09  9.0964E-09  9.4639E-09  9.1274E-09  9.1468E-09  8.4825E-09  8.4708E-09  8.2737E-09
       7.8568E-09  7.4754E-09  7.6852E-09  7.0866E-09  6.9645E-09  7.0634E-09  7.0137E-09  6.7679E-09  6.3560E-09  6.2176E-09
       6.2119E-09  5.8440E-09  5.6772E-09  5.6047E-09  5.2542E-09  5.4439E-09  5.2572E-09  4.8525E-09  5.0414E-09  4.8067E-09
       4.5542E-09  4.4369E-09  4.4020E-09  4.1537E-09  4.3526E-09  3.9431E-09  4.0545E-09  3.9136E-09  3.9330E-09  3.9567E-09
       3.7923E-09  3.5099E-09  3.2836E-09  3.2715E-09  3.1397E-09  3.2929E-09  2.9176E-09  3.1830E-09  2.8360E-09  2.7744E-09
       2.5816E-09  2.4886E-09  2.5698E-09  2.5369E-09  2.6450E-09  2.3834E-09  2.1631E-09  2.2549E-09  2.1263E-09  2.2498E-09
       9.3898E-09  8.4121E-09  1.1064E-08  1.0277E-08  1.1048E-08  1.1822E-08  1.0727E-08  1.0351E-08  1.2140E-08  1.1246E-08
       1.1512E-08  1.0958E-08  1.1555E-08  1.2706E-08  1.1225E-08  1.2262E-08  1.1145E-08  1.2297E-08  1.1983E-08  1.2290E-08
       1.2597E-08  1.2310E-08  1.2040E-08  1.2130E-08  1.2539E-08  1.1782E-08  1.1695E-08  1.2667E-08  1.1807E-08  1.1148E-08
       1.1683E-08  1.1256E-08  1.1573E-08  1.0907E-08  1.0223E-08  1.0126E-08  1.0647E-08  1.0158E-08  1.0509E-08  9.5410E-09
       9.5298E-09  9.6185E-09  9.4376E-09  8.8861E-09  8.1951E-09  8.6277E-09  8.7877E-09  8.5224E-09  7.7888E-09  7.7392E-09
       7.5743E-09  7.1664E-09  7.1322E-09  6.7943E-09  7.3038E-09  6.7400E-09  6.8831E-09  6.7544E-09  6.2487E-09  6.1156E-09
       5.8933E-09  5.7102E-09  5.6850E-09  5.3382E-09  5.3542E-09  5.2194E-09  5.0366E-09  4.8579E-09  4.9410E-09  4.6691E-09
       4.6542E-09  4.4529E-09  4.4240E-09  4.2714E-09  4.4308E-09  3.9094E-09  3.9996E-09  3.8749E-09  3.7306E-09  3.6481E-09
       3.3732E-09  3.5967E-09  3.1878E-09  3.2327E-09  3.1767E-09  2.9387E-09  2.6914E-09  2.9236E-09  2.9341E-09  2.6626E-09
       2.5077E-09  2.6176E-09  2.3875E-09  2.3689E-09  2.3920E-09  2.3976E-09  2.1299E-09  2.1173E-09  2.1206E-09  1.9763E-09
       7.5246E-09  1.0571E-08  9.5566E-09  1.1039E-08  8.5234E-09  1.0133E-08  9.7225E-09  1.0461E-08  1.1208E-08  1.0702E-08
       1.0773E-08  1.0934E-08  1.0819E-08  1.1175E-08  1.1229E-08  1.1790E-08  1.1602E-08  1.1723E-08  1.1202E-08  1.1929E-08
       1.2382E-08  1.2031E-08  1.2539E-08  1.1294E-08  1.1731E-08  1.1794E-08  1.1386E-08  1.0479E-08  1.0653E-08  1.1590E-08
       1.0619E-08  1.0699E-08  1.0657E-08  1.0917E-08  9.9627E-09  9.8996E-09  1.0298E-08  9.9523E-09  9.4160E-09  9.2521E-09
       9.0827E-09  9.2416E-09  9.0932E-09  8.5780E-09  8.1605E-09  8.5125E-09  8.5052E-09  7.8522E-09  8.0356E-09  7.7289E-09
       7.4282E-09  7.1254E-09  6.8068E-09  6.9740E-09  6.5232E-09  6.5643E-09  6.1124E-09  6.2030E-09  6.2528E-09  5.9356E-09
       5.9611E-09  6.0210E-09  5.5054E-09  5.4859E-09  5.1560E-09  5.0544E-09  5.0610E-09  4.9461E-09  5.0198E-09  4.2246E-09
       4.5621E-09  4.5257E-09  4.3167E-09  3.9950E-09  3.9891E-09  4.0048E-09  3.9990E-09  3.7499E-09  3.6011E-09  3.5640E-09
       3.4023E-09  3.3981E-09  3.2949E-09  3.1483E-09  3.1602E-09  2.9529E-09  2.9891E-09  2.8351E-09  2.7910E-09  2.6807E-09
       2.5539E-09  2.6408E-09  2.4878E-09  2.5273E-09  2.2599E-09  2.3205E-09  2.2131E-09  2.1989E-09  2.0238E-09  2.0824E-09
       6.0659E-09  8.2892E-09  8.2385E-09  1.0271E-08  1.0958E-08  9.4826E-09  9.6463E-09  9.4869E-09  1.0080E-08  1.0981E-08
       1.0344E-08  9.9274E-09  1.0087E-08  1.0310E-08  1.0870E-08  1.2261E-08  1.0678E-08  1.3040E-08  1.1506E-08  1.1211E-08
       1.0664E-08  1.0935E-08  1.0870E-08  1.0849E-08  1.0816E-08  1.0801E-08  1.1189E-08  1.0590E-08  1.0603E-08  1.0823E-08
       1.0227E-08  1.1107E-08  1.0215E-08  9.7123E-09  9.9549E-09  9.8373E-09  9.3051E-09  9.2602E-09  9.4364E-09  8.7289E-09
       8.4273E-09  8.8846E-09  8.9362E-09  8.1782E-09  8.2687E-09  8.0074E-09  7.8103E-09  7.0874E-09  7.1998E-09  7.4623E-09
       6.8820E-09  6.9319E-09  6.6767E-09  6.6529E-09  6.7964E-09  6.6014E-09  6.3079E-09  6.0429E-09  5.8733E-09  5.9980E-09
       5.9312E-09  5.7953E-09  5.4598E-09  5.3376E-09  5.2414E-09  4.9956E-09  4.7918E-09  4.6515E-09  4.9822E-09  4.3299E-09
       4.2398E-09  4.2265E-09  4.4258E-09  4.1376E-09  3.9695E-09  3.7325E-09  3.8081E-09  3.7285E-09  3.1035E-09  3.3158E-09
       3.2842E-09  3.3488E-09  3.1025E-09  3.0347E-09  3.0888E-09  2.9764E-09  2.9401E-09  2.7454E-09  2.6261E-09  2.5985E-09
       2.6101E-09  2.5323E-09  2.3822E-09  2.5233E-09  2.1357E-09  2.4133E-09  2.2025E-09  2.0373E-09  2.0517E-09  2.1087E-09
       4.5660E-09  6.6060E-09  9.6881E-09  9.9765E-09  8.6302E-09  1.0229E-08  9.4226E-09  9.2200E-09  9.3564E-09  9.9113E-09
       1.0687E-08  1.0515E-08  1.0568E-08  1.0531E-08  1.0676E-08  1.1127E-08  1.0218E-08  1.1467E-08  1.0680E-08  1.0626E-08
       1.0878E-08  1.0293E-08  1.1304E-08  1.0360E-08  1.0524E-08  1.0163E-08  1.0310E-08  9.9324E-09  1.0254E-08  1.0422E-08
       1.0484E-08  1.0138E-08  9.3935E-09  9.0083E-09  9.6652E-09  9.3770E-09  9.0984E-09  9.5480E-09  8.7416E-09  8.7264E-09
       8.4161E-09  8.2295E-09  7.9897E-09  7.4875E-09  8.0477E-09  7.6085E-09  8.0177E-09  7.4682E-09  7.5452E-09  6.8411E-09
       6.7039E-09  6.6449E-09  6.7976E-09  6.2410E-09  6.5201E-09  6.3195E-09  6.0288E-09  5.7193E-09  6.0584E-09  5.6704E-09
       5.3448E-09  5.5513E-09  5.0747E-09  5.2781E-09  4.9725E-09  4.9879E-09  4.7678E-09  4.8044E-09  4.3358E-09  4.3348E-09
       4.3346E-09  4.1030E-09  4.2045E-09  3.9380E-09  3.6333E-09  3.7927E-09  3.6751E-09  3.3965E-09  3.5569E-09  3.2593E-09
       3.4033E-09  3.1835E-09  2.9861E-09  3.2467E-09  2.9302E-09  2.7551E-09  2.8606E-09  2.6283E-09  2.7904E-09  2.5874E-09
       2.4608E-09  2.3403E-09  2.3715E-09  2.4922E-09  2.4165E-09  2.2066E-09  2.1469E-09  1.9959E-09  1.9653E-09  1.9172E-09
       1.0605E-08  1.0473E-08  8.9429E-09  1.1258E-08  8.8571E-09  8.5852E-09  9.3724E-09  8.9313E-09  9.5656E-09  9.4702E-09
       1.0382E-08  9.8224E-09  9.5966E-09  9.8733E-09  1.0026E-08  1.0605E-08  1.0422E-08  1.0627E-08  9.9993E-09  1.0365E-08
       1.0758E-08  1.0323E-08  1.0405E-08  1.0317E-08  9.9545E-09  1.0398E-08  1.0150E-08  1.0005E-08  9.9960E-09  9.6056E-09
       9.9572E-09  9.4003E-09  8.9797E-09  9.3406E-09  9.0456E-09  9.0047E-09  8.8763E-09  8.9005E-09  8.4123E-09  8.5422E-09
       8.4052E-09  7.8627E-09  8.0276E-09  7.5818E-09  7.7410E-09  7.5686E-09  7.2923E-09  7.1252E-09  7.2841E-09  6.3362E-09
       6.4950E-09  6.7321E-09  6.5427E-09  6.6828E-09  6.0466E-09  6.1030E-09  5.4668E-09  5.7848E-09  5.5196E-09  5.5510E-09
       5.3249E-09  5.5647E-09  4.8690E-09  4.9653E-09  5.1256E-09  4.5910E-09  4.7107E-09  4.6208E-09  4.2622E-09  4.3786E-09
       3.8860E-09  3.8188E-09  3.9866E-09  3.5680E-09  3.8743E-09  3.6142E-09  3.7020E-09  3.3895E-09  3.5834E-09  3.1731E-09
       3.3052E-09  3.0297E-09  2.9949E-09  2.9870E-09  2.8870E-09  2.9364E-09  2.6639E-09  2.5629E-09  2.5627E-09  2.6731E-09
       2.5818E-09  2.3677E-09  2.2996E-09  2.2505E-09  2.1511E-09  2.2112E-09  2.1507E-09  1.9660E-09  1.8837E-09  1.8784E-09
       8.2898E-09  5.7342E-09  1.0320E-08  8.4114E-09  8.4451E-09  8.3611E-09  9.0295E-09  9.0594E-09  8.5675E-09  9.3104E-09
       9.0547E-09  9.4104E-09  9.8394E-09  9.2905E-09  9.0509E-09  9.1249E-09  8.8082E-09  1.0003E-08  1.0199E-08  9.9009E-09
       9.0421E-09  9.4865E-09  9.9077E-09  9.7627E-09  9.8788E-09  9.8186E-09  9.4013E-09  9.0869E-09  8.9311E-09  9.4132E-09
       8.3138E-09  9.0065E-09  9.1272E-09  8.7761E-09  8.8276E-09  8.8451E-09  7.9739E-09  8.3705E-09  7.8934E-09  7.9741E-09
       7.5747E-09  7.5463E-09  7.5205E-09  7.3596E-09  7.2197E-09  6.7580E-09  7.5769E-09  6.8297E-09  7.1077E-09  6.9754E-09
       6.4577E-09  6.8069E-09  5.9845E-09  6.0155E-09  6.2844E-09  6.2118E-09  5.9965E-09  5.4236E-09  5.3469E-09  5.4076E-09
       5.4034E-09  4.7364E-09  4.7763E-09  5.1578E-09  4.6405E-09  4.7218E-09  4.4262E-09  4.2437E-09  4.3445E-09  4.4325E-09
       3.7530E-09  3.7858E-09  3.8540E-09  3.8466E-09  3.6393E-09  3.7452E-09  3.4192E-09  3.5681E-09  3.3082E-09  3.1448E-09
       2.9955E-09  3.2507E-09  3.0953E-09  2.8969E-09  2.9713E-09  2.8594E-09  2.6871E-09  2.6486E-09  2.5868E-09  2.7176E-09
       2.3727E-09  2.3753E-09  2.3704E-09  2.2877E-09  2.2552E-09  2.1865E-09  2.0800E-09  1.9610E-09  2.0544E-09  1.8660E-09
       5.7997E-09  9.2463E-09  8.3504E-09  9.3645E-09  8.2698E-09  9.0833E-09  8.6666E-09  7.6924E-09  9.2630E-09  8.7940E-09
       7.8439E-09  9.4522E-09  9.3495E-09  8.9562E-09  9.5740E-09  9.1873E-09  9.5461E-09  9.3415E-09  9.1477E-09  9.3505E-09
       9.0761E-09  8.9287E-09  8.7932E-09  8.5473E-09  9.3169E-09  9.3524E-09  8.9510E-09  8.7217E-09  8.8240E-09  8.5472E-09
       9.6987E-09  8.3476E-09  8.4239E-09  8.4437E-09  7.9982E-09  8.5137E-09  8.1624E-09  7.8525E-09  8.1508E-09  7.9675E-09
       7.7465E-09  7.4832E-09  7.6833E-09  6.9588E-09  7.1347E-09  6.6189E-09  7.1988E-09  6.3709E-09  6.9002E-09  6.5352E-09
       6.3311E-09  5.9549E-09  6.0758E-09  6.0428E-09  6.1123E-09  5.4135E-09  5.4966E-09  5.8174E-09  5.0540E-09  5.2105E-09
       4.9514E-09  4.8738E-09  4.6868E-09  4.8101E-09  4.2826E-09  4.5352E-09  4.4420E-09  4.5416E-09  4.3266E-09  4.0065E-09
       4.1304E-09  3.9405E-09  3.7628E-09  3.7641E-09  3.6413E-09  3.4905E-09  3.4286E-09  3.4787E-09  3.2725E-09  3.2048E-09
       3.2151E-09  2.9535E-09  2.8935E-09  2.9229E-09  3.0181E-09  2.7732E-09  2.6018E-09  2.4511E-09  2.4267E-09  2.5315E-09
       2.4119E-09  2.3177E-09  2.3109E-09  2.2106E-09  2.2858E-09  2.1031E-09  2.0635E-09  1.9029E-09  1.8661E-09  1.8618E-09
       7.1738E-09  6.5449E-09  7.1274E-09  7.3290E-09  8.4396E-09  7.3528E-09  7.4694E-09  9.0954E-09  7.8794E-09  8.4424E-09
       7.7469E-09  8.2870E-09  8.4491E-09  8.8384E-09  8.9237E-09  9.2942E-09  8.8492E-09  8.3434E-09  9.7259E-09  8.4179E-09
       9.5495E-09  9.4972E-09  9.0482E-09  9.5442E-09  8.6664E-09  8.8277E-09  8.7557E-09  9.2372E-09  8.5368E-09  8.4756E-09
       8.7200E-09  8.5480E-09  8.1586E-09  8.2218E-09  8.3915E-09  7.9572E-09  8.0045E-09  8.0302E-09  7.4814E-09  7.2659E-09
       7.5396E-09  7.5060E-09  7.7053E-09  7.1712E-09  7.0017E-09  7.1158E-09  6.9332E-09  6.6035E-09  6.4406E-09  5.9431E-09
       6.1130E-09  6.1719E-09  5.8336E-09  5.8710E-09  5.9039E-09  5.1228E-09  5.4997E-09  5.2468E-09  5.2838E-09  5.2456E-09
       4.9404E-09  5.0117E-09  4.5164E-09  4.6948E-09  4.3021E-09  4.0750E-09  3.9613E-09  4.2670E-09  4.0476E-09  4.2098E-09
       3.9160E-09  3.7850E-09  3.6707E-09  3.6106E-09  3.6413E-09  3.4611E-09  3.2383E-09  3.2535E-09  3.3244E-09  2.9891E-09
       3.1533E-09  2.8348E-09  2.7858E-09  3.0737E-09  2.5894E-09  2.5546E-09  2.6475E-09  2.5475E-09  2.5123E-09  2.3647E-09
       2.3959E-09  2.2514E-09  2.1000E-09  2.0944E-09  2.0448E-09  1.9484E-09  2.1501E-09  1.8802E-09  1.9561E-09  1.8870E-09
       7.6214E-09  6.2153E-09  7.9514E-09  7.3352E-09  7.2895E-09  6.5488E-09  7.8509E-09  6.9688E-09  7.2871E-09  8.1987E-09
       8.0404E-09  7.8992E-09  7.6531E-09  8.6817E-09  8.2987E-09  8.3517E-09  8.1871E-09  8.8620E-09  8.1178E-09  8.9721E-09
       8.1375E-09  8.5532E-09  8.2902E-09  8.7021E-09  8.6382E-09  8.3579E-09  8.5206E-09  8.6072E-09  8.1519E-09  8.1072E-09
       8.0150E-09  7.7651E-09  7.8654E-09  8.1040E-09  8.0340E-09  8.1437E-09  7.4508E-09  7.3190E-09  7.6145E-09  7.2380E-09
       7.0507E-09  7.1611E-09  6.6351E-09  6.7404E-09  6.5952E-09  6.1695E-09  6.2639E-09  6.2529E-09  6.0965E-09  5.7207E-09
       6.3399E-09  5.6167E-09  5.4523E-09  5.5719E-09  5.3228E-09  5.3422E-09  5.3559E-09  5.3329E-09  5.0010E-09  4.7712E-09
       4.7827E-09  4.5786E-09  4.6883E-09  4.4213E-09  4.3032E-09  4.1978E-09  4.2811E-09  4.0748E-09  4.0286E-09  3.7678E-09
       4.0250E-09  3.7515E-09  3.4128E-09  3.5658E-09  3.4448E-09  3.4448E-09  3.2082E-09  3.0728E-09  3.1922E-09  3.0314E-09
       2.9571E-09  2.9647E-09  2.8202E-09  2.7149E-09  2.7332E-09  2.6540E-09  2.5566E-09  2.6402E-09  2.4773E-09  2.3678E-09
       2.3302E-09  1.9957E-09  2.0997E-09  2.1262E-09  2.0192E-09  2.0089E-09  1.9287E-09  1.8680E-09  1.9024E-09  1.8336E-09
       8.3165E-09  7.7597E-09  7.8217E-09  7.5354E-09  7.3626E-09  7.6752E-09  7.3841E-09  7.6847E-09  7.6750E-09  7.1774E-09
       7.7712E-09  7.2361E-09  7.9005E-09  7.7549E-09  7.8941E-09  8.2902E-09  8.3761E-09  8.3781E-09  8.0846E-09  7.3298E-09
       8.1388E-09  8.0349E-09  8.6960E-09  8.4906E-09  8.2650E-09  8.0151E-09  7.8340E-09  7.6378E-09  8.1126E-09  8.1384E-09
       7.2988E-09  7.9666E-09  7.8157E-09  7.7293E-09  7.2764E-09  7.1257E-09  7.4369E-09  7.0073E-09  7.2347E-09  6.8523E-09
       6.7665E-09  6.8010E-09  6.8808E-09  6.4766E-09  6.2594E-09  6.2778E-09  6.0680E-09  6.0880E-09  6.0429E-09  5.8928E-09
       5.6181E-09  5.4941E-09  5.6652E-09  5.3006E-09  5.3971E-09  5.0450E-09  4.9138E-09  5.2386E-09  4.6919E-09  4.9875E-09
       4.5070E-09  4.6696E-09  4.2660E-09  4.3447E-09  4.0897E-09  4.0893E-09  4.0667E-09  3.8816E-09  3.8807E-09  3.9102E-09
       3.8946E-09  3.6160E-09  3.5272E-09  3.4421E-09  3.3590E-09  3.2800E-09  3.1303E-09  3.2102E-09  3.0476E-09  3.0354E-09
       2.9444E-09  2.7461E-09  2.5286E-09  2.7364E-09  2.7449E-09  2.5164E-09  2.4298E-09  2.4128E-09  2.3462E-09  2.2506E-09
       2.1421E-09  2.0961E-09  2.0561E-09  2.0581E-09  2.0259E-09  2.0145E-09  1.9388E-09  1.9104E-09  1.9960E-09  1.7858E-09
       6.8037E-09  5.6426E-09  6.0536E-09  7.2143E-09  7.4454E-09  6.3573E-09  7.7556E-09  7.7893E-09  6.7829E-09  7.6185E-09
       6.9789E-09  7.6329E-09  7.9028E-09  7.9329E-09  7.2417E-09  8.4162E-09  7.5524E-09  7.9033E-09  7.7473E-09  8.3267E-09
       8.2304E-09  7.3336E-09  7.3505E-09  7.7278E-09  7.9648E-09  7.2273E-09  7.7740E-09  7.2739E-09  8.0532E-09  7.2747E-09
       7.4347E-09  7.5815E-09  7.1761E-09  6.9414E-09  7.2815E-09  7.2960E-09  6.9845E-09  7.3357E-09  6.6318E-09  6.9823E-09
       6.7195E-09  6.1203E-09  6.6668E-09  6.4592E-09  5.7947E-09  6.0150E-09  6.0033E-09  5.8978E-09  5.7697E-09  5.5922E-09
       5.6322E-09  5.3260E-09  5.6084E-09  5.2415E-09  5.1776E-09  4.9860E-09  4.8835E-09  4.8162E-09  4.7701E-09  4.5348E-09
       4.4154E-09  4.3416E-09  4.1216E-09  4.2630E-09  4.0221E-09  3.9294E-09  3.8824E-09  3.9931E-09  3.8564E-09  3.6864E-09
       3.4760E-09  3.6365E-09  3.5153E-09  3.3918E-09  3.5653E-09  3.0712E-09  3.0358E-09  2.9555E-09  2.9576E-09  2.9616E-09
       2.9856E-09  2.9386E-09  2.5427E-09  2.5319E-09  2.7867E-09  2.4497E-09  2.4356E-09  2.3482E-09  2.4309E-09  2.2225E-09
       2.1251E-09  2.1889E-09  1.8645E-09  2.0555E-09  1.9397E-09  1.8176E-09  1.8524E-09  1.8039E-09  1.8894E-09  1.7129E-09
       3.6501E-09  4.6248E-09  8.4000E-09  5.7022E-09  8.9183E-09  7.3850E-09  7.3367E-09  7.2864E-09  6.7203E-09  6.6901E-09
       8.1821E-09  6.4572E-09  7.0486E-09  7.3168E-09  7.8621E-09  8.0361E-09  6.8539E-09  7.2032E-09  7.6472E-09  7.9881E-09
       7.6179E-09  7.9532E-09  7.6995E-09  8.0125E-09  7.9187E-09  7.3643E-09  6.8694E-09  6.8375E-09  7.7104E-09  7.9674E-09
       6.9192E-09  7.0444E-09  7.2941E-09  7.3186E-09  7.0023E-09  6.3503E-09  6.3169E-09  6.5675E-09  7.0547E-09  6.2770E-09
       5.7812E-09  6.1004E-09  6.1988E-09  6.2413E-09  5.8600E-09  5.8083E-09  5.8935E-09  5.6137E-09  5.5722E-09  5.4407E-09
       5.4619E-09  5.2186E-09  5.1697E-09  4.9125E-09  4.8538E-09  5.1237E-09  4.7573E-09  4.4530E-09  4.6072E-09  4.5544E-09
       4.4086E-09  3.8781E-09  4.0798E-09  4.1516E-09  4.0343E-09  4.0205E-09  3.9448E-09  3.8189E-09  3.7854E-09  3.4692E-09
       3.4173E-09  3.6807E-09  3.2281E-09  3.4125E-09  3.1736E-09  2.9204E-09  3.1794E-09  2.9208E-09  2.7581E-09  2.8791E-09
       2.6540E-09  2.6736E-09  2.6007E-09  2.6357E-09  2.4714E-09  2.3961E-09  2.1917E-09  2.3095E-09  2.4404E-09  2.1559E-09
       2.0894E-09  2.0545E-09  2.2270E-09  2.1011E-09  1.9430E-09  2.0019E-09  1.7928E-09  1.8431E-09  1.7399E-09  1.6838E-09
       4.1111E-09  6.2154E-09  7.0140E-09  6.6390E-09  7.2160E-09  6.4542E-09  6.7607E-09  6.9587E-09  6.5737E-09  6.2280E-09
       7.0120E-09  6.4615E-09  7.3103E-09  6.9949E-09  6.8871E-09  6.4712E-09  6.9824E-09  7.7919E-09  7.3445E-09  6.8850E-09
       6.7828E-09  7.0721E-09  7.0339E-09  7.4083E-09  6.8496E-09  7.2673E-09  7.1665E-09  6.8743E-09  6.6240E-09  7.2399E-09
       6.9003E-09  7.1138E-09  6.9204E-09  6.7331E-09  6.5533E-09  6.9363E-09  6.5916E-09  6.6163E-09  6.3200E-09  6.1894E-09
       6.0399E-09  5.7574E-09  5.9465E-09  5.8418E-09  5.8226E-09  5.9526E-09  5.1665E-09  5.5079E-09  5.4859E-09  5.2235E-09
       4.9107E-09  5.5141E-09  5.0678E-09  4.8807E-09  5.1522E-09  4.6857E-09  4.6785E-09  4.4754E-09  4.4506E-09  4.1433E-09
       4.0863E-09  4.2788E-09  4.1390E-09  3.8778E-09  3.8540E-09  3.6332E-09  3.5796E-09  3.7019E-09  3.6657E-09  3.3247E-09
       3.5848E-09  3.4311E-09  3.1322E-09  3.3529E-09  3.0192E-09  2.9650E-09  2.9801E-09  2.9283E-09  2.7437E-09  2.7164E-09
       2.8802E-09  2.6276E-09  2.6708E-09  2.4405E-09  2.4662E-09  2.4600E-09  2.3615E-09  2.1590E-09  2.2265E-09  2.1201E-09
       2.1045E-09  2.2341E-09  2.0788E-09  2.0052E-09  1.9304E-09  1.8090E-09  1.8082E-09  1.6528E-09  1.6913E-09  1.6239E-09
       5.3282E-09  5.2329E-09  7.0850E-09  6.7108E-09  6.7371E-09  6.3177E-09  6.2086E-09  6.5939E-09  5.7844E-09  6.1313E-09
       6.5927E-09  6.1264E-09  6.6127E-09  6.5883E-09  7.0396E-09  6.6629E-09  6.3119E-09  6.2705E-09  6.7975E-09  7.1414E-09
       7.2728E-09  7.0060E-09  6.6474E-09  7.1857E-09  6.4338E-09  6.7647E-09  6.8075E-09  6.5963E-09  6.7414E-09  6.9826E-09
       6.3788E-09  6.1890E-09  6.6955E-09  6.2847E-09  6.7088E-09  6.1929E-09  6.3540E-09  6.5713E-09  6.4985E-09  6.4363E-09
       6.0081E-09  5.8408E-09  5.3651E-09  5.6500E-09  5.6355E-09  5.6366E-09  5.8208E-09  5.4433E-09  5.2527E-09  4.9399E-09
       5.0294E-09  4.8725E-09  4.7665E-09  4.7965E-09  4.7028E-09  4.6921E-09  4.4023E-09  4.1991E-09  4.4491E-09  3.9841E-09
       4.0847E-09  4.0961E-09  4.0582E-09  3.8278E-09  3.8221E-09  3.9333E-09  3.5235E-09  3.2449E-09  3.5771E-09  3.4692E-09
       3.1927E-09  2.9348E-09  3.1344E-09  3.0289E-09  3.2290E-09  2.7609E-09  2.9199E-09  2.8014E-09  2.5455E-09  2.5876E-09
       2.6358E-09  2.4409E-09  2.4255E-09  2.5801E-09  2.3154E-09  2.3772E-09  2.2249E-09  2.3191E-09  2.1212E-09  2.0905E-09
       2.1163E-09  2.0327E-09  2.0465E-09  1.8837E-09  1.7712E-09  1.7935E-09  1.7091E-09  1.6970E-09  1.5688E-09  1.6878E-09
       5.2898E-09  5.8587E-09  5.3191E-09  5.4794E-09  6.3137E-09  5.3074E-09  5.7375E-09  6.1624E-09  7.0787E-09  6.2052E-09
       5.9612E-09  6.1451E-09  6.5414E-09  6.4502E-09  6.9111E-09  6.4016E-09  6.3224E-09  7.7477E-09  7.1096E-09  6.4962E-09
       6.5598E-09  6.2578E-09  6.7256E-09  6.4578E-09  6.5730E-09  6.4173E-09  7.3136E-09  6.8540E-09  6.9022E-09  6.1960E-09
       6.2455E-09  6.3646E-09  6.4149E-09  6.5863E-09  6.0819E-09  5.8383E-09  6.0042E-09  6.2436E-09  5.7614E-09  5.7164E-09
       5.7162E-09  5.9397E-09  4.9840E-09  5.3687E-09  5.1331E-09  5.3631E-09  4.9975E-09  5.0034E-09  4.9384E-09  4.9188E-09
       4.9366E-09  4.7761E-09  4.5918E-09  4.1961E-09  4.4798E-09  4.7150E-09  4.4647E-09  4.0753E-09  4.1894E-09  4.0644E-09
       3.9239E-09  4.0769E-09  3.8223E-09  3.8626E-09  3.5903E-09  3.7221E-09  3.6015E-09  3.2230E-09  3.2391E-09  3.3388E-09
       3.0633E-09  3.0754E-09  3.0944E-09  3.1161E-09  2.9046E-09  2.7656E-09  2.7247E-09  2.6522E-09  2.4686E-09  2.6836E-09
       2.6593E-09  2.5046E-09  2.2398E-09  2.4187E-09  2.3776E-09  2.2996E-09  2.2400E-09  2.1612E-09  2.1647E-09  2.1424E-09
       2.0642E-09  1.9214E-09  1.9878E-09  1.8882E-09  1.8044E-09  1.7778E-09  1.7766E-09  1.6341E-09  1.6981E-09  1.6775E-09
       3.5950E-09  4.0223E-09  6.2628E-09  6.5426E-09  6.1653E-09  6.1228E-09  5.6958E-09  5.6998E-09  6.0316E-09  6.3326E-09
       5.5909E-09  5.5248E-09  6.8881E-09  6.2377E-09  5.4538E-09  6.7272E-09  6.5002E-09  6.0752E-09  6.1042E-09  6.1969E-09
       6.4161E-09  6.4808E-09  6.4172E-09  6.3177E-09  6.7617E-09  6.7603E-09  6.5271E-09  6.6068E-09  6.0336E-09  5.9748E-09
       5.8539E-09  6.3746E-09  6.0802E-09  5.9629E-09  5.6770E-09  5.9785E-09  6.0547E-09  5.4799E-09  6.2306E-09  5.8434E-09
       5.3504E-09  5.3105E-09  5.2542E-09  5.1472E-09  5.0813E-09  5.2280E-09  5.0084E-09  5.2361E-09  4.9645E-09  4.8705E-09
       4.4861E-09  4.5132E-09  4.3636E-09  4.3512E-09  4.4330E-09  4.2795E-09  4.4225E-09  4.0166E-09  3.8104E-09  3.8459E-09
       4.0930E-09  3.6880E-09  3.7107E-09  3.8575E-09  3.4549E-09  3.2392E-09  3.4568E-09  3.2315E-09  3.1021E-09  3.0658E-09
       3.1960E-09  3.0413E-09  2.9924E-09  3.0114E-09  3.0563E-09  2.9398E-09  2.7838E-09  2.6580E-09  2.5443E-09  2.6661E-09
       2.5300E-09  2.5132E-09  2.3205E-09  2.2204E-09  2.2502E-09  2.1183E-09  2.0261E-09  2.0899E-09  2.2307E-09  1.9536E-09
       2.0227E-09  1.9077E-09  1.8861E-09  1.8521E-09  1.6595E-09  1.7839E-09  1.6842E-09  1.7703E-09  1.6245E-09  1.6364E-09
       4.4205E-09  5.4530E-09  6.4835E-09  5.6751E-09  6.3884E-09  4.8011E-09  5.7324E-09  5.9481E-09  5.4292E-09  6.2560E-09
       5.0791E-09  6.3062E-09  5.7193E-09  5.9497E-09  5.8932E-09  5.6491E-09  5.9527E-09  6.1489E-09  6.5383E-09  6.0998E-09
       6.3806E-09  6.1588E-09  6.5174E-09  6.5238E-09  6.0316E-09  6.1728E-09  5.7177E-09  6.4757E-09  6.2306E-09  5.8319E-09
       5.7804E-09  5.9357E-09  6.0817E-09  5.4540E-09  5.2712E-09  5.2468E-09  5.7283E-09  5.2577E-09  5.6619E-09  5.2716E-09
       5.5469E-09  5.2666E-09  5.3264E-09  5.0303E-09  5.0142E-09  5.1613E-09  4.8332E-09  4.6594E-09  4.6596E-09  4.6203E-09
       4.3035E-09  4.5336E-09  4.4308E-09  4.4201E-09  4.2488E-09  4.1391E-09  4.0434E-09  4.1354E-09  4.1591E-09  3.6880E-09
       3.7545E-09  3.8575E-09  3.8924E-09  3.3672E-09  3.6011E-09  3.3982E-09  3.4568E-09  3.2349E-09  3.2406E-09  2.9096E-09
       3.1688E-09  3.1102E-09  2.8636E-09  3.0235E-09  2.6494E-09  2.6347E-09  2.5105E-09  2.4629E-09  2.6363E-09  2.4097E-09
       2.4539E-09  2.2957E-09  2.3142E-09  2.3788E-09  2.2643E-09  2.3248E-09  2.0685E-09  2.0847E-09  1.9500E-09  1.9906E-09
       2.0566E-09  1.8398E-09  1.7633E-09  1.7141E-09  1.8411E-09  1.7157E-09  1.7027E-09  1.6781E-09  1.6594E-09  1.4648E-09
       3.0811E-09  3.7852E-09  4.8356E-09  5.6756E-09  5.5757E-09  5.4654E-09  5.1710E-09  5.3613E-09  5.2154E-09  5.4074E-09
       6.2457E-09  5.2410E-09  5.0788E-09  5.5680E-09  5.7393E-09  5.4065E-09  5.4604E-09  6.1259E-09  5.7440E-09  5.6495E-09
       5.9624E-09  5.1242E-09  6.3934E-09  5.7537E-09  5.5744E-09  5.8488E-09  6.1523E-09  5.4647E-09  6.0272E-09  5.4363E-09
       5.5104E-09  5.5120E-09  5.4847E-09  5.4598E-09  5.2749E-09  5.6144E-09  5.3308E-09  5.4948E-09  5.3151E-09  4.9370E-09
       4.9962E-09  5.0713E-09  5.0555E-09  5.0654E-09  5.0059E-09  4.9547E-09  4.5226E-09  5.0126E-09  4.8926E-09  4.3619E-09
       4.7787E-09  4.5058E-09  4.3636E-09  4.3247E-09  4.1001E-09  4.2027E-09  4.2376E-09  3.8485E-09  3.6477E-09  3.7324E-09
       3.7605E-09  3.5968E-09  3.5592E-09  3.4280E-09  3.3911E-09  3.2694E-09  3.1445E-09  3.0674E-09  3.2150E-09  3.0727E-09
       2.9565E-09  2.7992E-09  2.9936E-09  2.9064E-09  2.8315E-09  2.6151E-09  2.4130E-09  2.5944E-09  2.5325E-09  2.5725E-09
       2.3870E-09  2.3297E-09  2.2866E-09  2.2181E-09  2.1677E-09  2.0670E-09  2.0203E-09  2.0255E-09  1.9631E-09  1.8067E-09
       1.9564E-09  1.8266E-09  1.8204E-09  1.7159E-09  1.5747E-09  1.7631E-09  1.7693E-09  1.4601E-09  1.4839E-09  1.6318E-09
       5.3152E-09  5.6490E-09  4.4795E-09  4.6418E-09  5.9719E-09  5.7684E-09  5.0550E-09  4.8921E-09  5.6895E-09  4.9305E-09
       6.2706E-09  4.9886E-09  6.0303E-09  5.2553E-09  5.2887E-09  5.5646E-09  5.6771E-09  5.5062E-09  5.8884E-09  5.3941E-09
       5.5758E-09  5.9821E-09  5.6834E-09  5.8548E-09  5.2484E-09  5.5458E-09  5.8398E-09  5.7868E-09  5.9746E-09  5.3493E-09
       5.5837E-09  5.5102E-09  5.3666E-09  5.3568E-09  5.4242E-09  5.4249E-09  5.0583E-09  5.6376E-09  5.1753E-09  5.5382E-09
       4.4660E-09  4.7597E-09  4.6700E-09  4.8960E-09  4.9045E-09  4.7622E-09  4.2371E-09  4.3121E-09  4.3165E-09  4.2211E-09
       4.0664E-09  4.2456E-09  3.9936E-09  4.0357E-09  4.0021E-09  4.0958E-09  3.8633E-09  3.5867E-09  3.9204E-09  4.0184E-09
       3.7079E-09  3.5511E-09  3.1534E-09  3.5971E-09  3.3641E-09  3.2535E-09  3.0771E-09  3.0048E-09  2.8607E-09  2.7875E-09
       2.8850E-09  2.7129E-09  2.7055E-09  2.7318E-09  2.5880E-09  2.6342E-09  2.3921E-09  2.4710E-09  2.4692E-09  2.3080E-09
       2.2614E-09  2.3167E-09  2.2112E-09  2.2041E-09  2.0238E-09  2.0003E-09  2.1184E-09  1.9000E-09  1.9804E-09  1.8792E-09
       1.9947E-09  1.9249E-09  1.6750E-09  1.8285E-09  1.6341E-09  1.6727E-09  1.7037E-09  1.6285E-09  1.6010E-09  1.4567E-09
       3.3287E-09  4.1119E-09  4.8605E-09  4.8825E-09  5.2991E-09  5.4115E-09  4.5184E-09  4.9035E-09  5.2371E-09  5.0133E-09
       4.2796E-09  4.5868E-09  5.3841E-09  5.3853E-09  5.2786E-09  4.8353E-09  5.4947E-09  5.6359E-09  5.2735E-09  5.4643E-09
       5.3374E-09  5.8054E-09  5.8352E-09  5.5834E-09  5.4537E-09  5.2161E-09  4.9281E-09  5.5547E-09  5.2295E-09  5.5125E-09
       5.7457E-09  4.8917E-09  5.2709E-09  4.9282E-09  5.5402E-09  5.0153E-09  5.1620E-09  4.9300E-09  5.0261E-09  4.7306E-09
       4.7958E-09  4.8741E-09  4.6988E-09  4.5294E-09  4.4944E-09  4.6933E-09  4.3972E-09  4.4605E-09  4.5257E-09  4.1125E-09
       3.5871E-09  4.3311E-09  3.7849E-09  3.8547E-09  3.8951E-09  3.6467E-09  3.8176E-09  3.7197E-09  3.5720E-09  3.3449E-09
       3.5060E-09  3.2956E-09  3.4119E-09  3.3786E-09  3.0989E-09  3.1198E-09  3.1175E-09  2.9563E-09  3.0813E-09  2.9798E-09
       2.7128E-09  2.6294E-09  2.9998E-09  2.7527E-09  2.5924E-09  2.4666E-09  2.4216E-09  2.4692E-09  2.4468E-09  2.3903E-09
       2.0872E-09  2.1795E-09  2.1135E-09  2.2442E-09  2.1999E-09  2.0838E-09  1.9384E-09  2.0152E-09  1.8638E-09  1.8164E-09
       1.8998E-09  1.8161E-09  1.8011E-09  1.6575E-09  1.6557E-09  1.6876E-09  1.6765E-09  1.4706E-09  1.4607E-09  1.3861E-09
       3.4566E-09  6.2795E-09  3.8626E-09  5.5757E-09  5.7118E-09  3.9121E-09  5.2355E-09  4.6905E-09  5.1389E-09  5.3397E-09
       4.0461E-09  5.2993E-09  5.0155E-09  4.2897E-09  5.2546E-09  5.1835E-09  5.7543E-09  4.5524E-09  5.1376E-09  5.4871E-09
       5.3292E-09  5.1711E-09  5.8102E-09  5.1757E-09  5.2414E-09  5.4320E-09  5.0319E-09  5.1731E-09  5.2302E-09  4.9836E-09
       5.0929E-09  5.0738E-09  4.8178E-09  4.9134E-09  4.9892E-09  4.6638E-09  4.6269E-09  4.6754E-09  5.0823E-09  4.6036E-09
       4.6783E-09  4.3757E-09  4.3280E-09  4.5632E-09  4.7088E-09  4.6884E-09  4.5888E-09  4.3474E-09  4.2782E-09  4.2440E-09
       3.9855E-09  4.0941E-09  4.0190E-09  3.6531E-09  3.6908E-09  3.6487E-09  3.6414E-09  3.5797E-09  3.4262E-09  3.5734E-09
       3.2440E-09  3.2857E-09  3.1734E-09  3.2447E-09  3.0311E-09  2.9611E-09  2.9481E-09  2.8936E-09  2.9137E-09  2.7219E-09
       2.9113E-09  2.6498E-09  2.6938E-09  2.5396E-09  2.3790E-09  2.6115E-09  2.4200E-09  2.2825E-09  2.2488E-09  2.3562E-09
       2.1658E-09  2.0618E-09  2.1321E-09  2.1207E-09  1.9769E-09  1.8730E-09  1.8724E-09  1.9255E-09  1.9100E-09  1.9360E-09
       1.5557E-09  1.9011E-09  1.6934E-09  1.8225E-09  1.6195E-09  1.5620E-09  1.5055E-09  1.4640E-09  1.4970E-09  1.3842E-09
       6.0359E-09  5.9920E-09  3.2586E-09  4.4023E-09  4.9113E-09  4.4624E-09  4.3893E-09  4.6725E-09  4.1217E-09  4.9814E-09
       4.0907E-09  4.2718E-09  4.9985E-09  4.7526E-09  4.6053E-09  5.1965E-09  4.9669E-09  5.1844E-09  5.5934E-09  5.0284E-09
       5.1066E-09  5.2755E-09  5.4403E-09  5.0041E-09  5.6659E-09  5.0442E-09  5.0157E-09  4.9409E-09  4.7192E-09  4.6563E-09
       5.0031E-09  4.8075E-09  5.0033E-09  4.9424E-09  4.3805E-09  5.1094E-09  4.3964E-09  4.6361E-09  4.5689E-09  4.3975E-09
       4.8692E-09  4.4935E-09  4.1745E-09  4.3588E-09  4.3550E-09  4.0056E-09  4.2471E-09  3.8855E-09  4.1168E-09  4.0229E-09
       4.0049E-09  3.9597E-09  3.8794E-09  3.5417E-09  3.3464E-09  3.3814E-09  3.5135E-09  3.5461E-09  3.3605E-09  3.4743E-09
       3.2673E-09  3.2520E-09  2.9375E-09  3.0669E-09  3.0970E-09  2.7449E-09  2.8594E-09  2.8230E-09  2.9220E-09  2.8349E-09
       2.7225E-09  2.5590E-09  2.5693E-09  2.5114E-09  2.3871E-09  2.5011E-09  2.3520E-09  2.4595E-09  2.3949E-09  2.0838E-09
       2.1001E-09  2.0758E-09  2.1535E-09  1.8338E-09  2.0435E-09  1.9930E-09  1.7975E-09  1.7551E-09  1.6774E-09  1.7674E-09
       1.8389E-09  1.7881E-09  1.6556E-09  1.5303E-09  1.4944E-09  1.4727E-09  1.6136E-09  1.5034E-09  1.2830E-09  1.4303E-09
       2.2569E-09  3.0366E-09  4.0116E-09  4.4791E-09  3.7388E-09  5.1440E-09  5.2112E-09  4.8730E-09  4.9507E-09  4.6849E-09
       4.9482E-09  4.5084E-09  5.6026E-09  4.2994E-09  4.1654E-09  4.4203E-09  5.4833E-09  5.2780E-09  4.7102E-09  4.9758E-09
       4.8616E-09  4.8747E-09  4.5110E-09  4.9781E-09  4.6545E-09  4.9206E-09  5.0485E-09  4.5528E-09  4.5733E-09  4.4129E-09
       4.7377E-09  4.5198E-09  4.9006E-09  4.8813E-09  4.5554E-09  4.3529E-09  4.2472E-09  4.7136E-09  4.1174E-09  4.3251E-09
       4.0236E-09  4.3586E-09  4.5799E-09  4.1687E-09  4.1146E-09  4.3073E-09  3.6683E-09  3.8678E-09  3.9083E-09  4.1624E-09
       4.0104E-09  3.7601E-09  3.9131E-09  3.6596E-09  3.3297E-09  3.4629E-09  3.6987E-09  3.3152E-09  3.4424E-09  3.1334E-09
       2.9874E-09  2.9768E-09  2.9525E-09  3.0028E-09  2.6586E-09  2.7734E-09  2.8311E-09  2.8806E-09  2.7008E-09  2.4954E-09
       2.3846E-09  2.5647E-09  2.5034E-09  2.5753E-09  2.3104E-09  2.2842E-09  2.1950E-09  2.2211E-09  2.3049E-09  2.0969E-09
       2.1733E-09  2.3319E-09  2.0011E-09  2.1142E-09  2.0095E-09  1.8682E-09  1.8927E-09  1.7066E-09  1.7967E-09  1.6480E-09
       1.6099E-09  1.8511E-09  1.6301E-09  1.5865E-09  1.4817E-09  1.5435E-09  1.5196E-09  1.5527E-09  1.4592E-09  1.3801E-09
       4.6896E-09  3.1780E-09  4.9806E-09  4.3089E-09  3.9334E-09  4.7891E-09  4.4857E-09  3.5489E-09  3.7963E-09  4.4025E-09
       4.5326E-09  4.6995E-09  4.8480E-09  4.4413E-09  4.9684E-09  4.6427E-09  5.4001E-09  4.7407E-09  5.0438E-09  4.8281E-09
       4.5958E-09  4.5945E-09  4.5742E-09  4.6176E-09  5.1393E-09  4.8977E-09  4.5698E-09  4.8905E-09  4.7695E-09  4.4675E-09
       4.6511E-09  4.6912E-09  4.7641E-09  4.8032E-09  4.5330E-09  4.4348E-09  4.4282E-09  4.4179E-09  4.4771E-09  4.1604E-09
       4.3287E-09  4.3803E-09  3.9891E-09  4.0242E-09  4.1074E-09  3.8657E-09  3.7773E-09  3.6910E-09  3.8364E-09  3.6878E-09
       3.6719E-09  3.6602E-09  3.4480E-09  3.5234E-09  3.1646E-09  3.5027E-09  3.6831E-09  3.4721E-09  3.2756E-09  3.0231E-09
       3.0850E-09  3.0922E-09  3.0315E-09  3.0358E-09  2.7659E-09  2.7985E-09  2.6458E-09  2.5098E-09  2.6970E-09  2.5082E-09
       2.5294E-09  2.6299E-09  2.3816E-09  2.2695E-09  2.2576E-09  2.3041E-09  2.1275E-09  2.2449E-09  2.2596E-09  2.0812E-09
       2.1529E-09  1.9241E-09  1.9107E-09  1.9890E-09  1.8799E-09  1.7196E-09  1.7788E-09  1.7772E-09  1.8136E-09  1.6310E-09
       1.6745E-09  1.5948E-09  1.6167E-09  1.6036E-09  1.5082E-09  1.5780E-09  1.4233E-09  1.4736E-09  1.3199E-09  1.3771E-09
       3.5765E-09  4.0850E-09  4.6496E-09  3.9165E-09  4.5316E-09  3.4645E-09  3.4695E-09  4.1710E-09  3.5169E-09  4.7560E-09
       4.1119E-09  4.2640E-09  3.8669E-09  4.2722E-09  3.9420E-09  4.7049E-09  4.2288E-09  5.1919E-09  4.5178E-09  4.3189E-09
       3.7351E-09  4.5894E-09  4.2347E-09  4.4068E-09  4.0218E-09  4.7114E-09  4.4923E-09  4.8308E-09  4.1867E-09  4.3793E-09
       4.3991E-09  4.2501E-09  4.4866E-09  4.4229E-09  4.0671E-09  3.9927E-09  4.1058E-09  3.9727E-09  4.2899E-09  4.1769E-09
       3.9100E-09  4.2260E-09  4.3223E-09  3.8915E-09  3.8019E-09  3.8617E-09  3.6240E-09  3.7168E-09  3.7156E-09  3.6346E-09
       3.4086E-09  3.5367E-09  3.5394E-09  3.5794E-09  3.3905E-09  3.4336E-09  3.0722E-09  3.2577E-09  3.3242E-09  3.2157E-09
       3.1212E-09  3.0455E-09  2.8720E-09  2.6792E-09  2.7837E-09  2.7854E-09  2.7778E-09  2.6363E-09  2.5347E-09  2.5698E-09
       2.4053E-09  2.2141E-09  2.4733E-09  2.3310E-09  2.3868E-09  2.2977E-09  1.9902E-09  2.2273E-09  2.0703E-09  2.0215E-09
       1.9691E-09  2.0388E-09  1.9519E-09  1.9431E-09  1.7757E-09  1.6979E-09  1.9460E-09  1.8108E-09  1.7177E-09  1.7821E-09
       1.7093E-09  1.6315E-09  1.5766E-09  1.6840E-09  1.4777E-09  1.4583E-09  1.4017E-09  1.4472E-09  1.3720E-09  1.3418E-09
       1.9235E-09  4.5950E-09  4.5958E-09  3.8806E-09  2.9371E-09  4.0600E-09  4.4837E-09  3.6933E-09  4.7571E-09  4.3017E-09
       3.5340E-09  3.6961E-09  4.2848E-09  4.5832E-09  3.7463E-09  4.4498E-09  4.3061E-09  4.2800E-09  4.6752E-09  4.1851E-09
       4.2062E-09  4.3706E-09  4.3738E-09  4.2870E-09  4.4952E-09  4.1153E-09  4.2827E-09  4.4989E-09  4.2532E-09  4.2236E-09
       4.0598E-09  4.0486E-09  4.0178E-09  3.9606E-09  4.2778E-09  4.0354E-09  4.2729E-09  3.9472E-09  3.7389E-09  4.1490E-09
       3.9484E-09  4.0838E-09  3.5554E-09  4.2135E-09  3.7809E-09  3.8930E-09  3.4418E-09  3.5768E-09  3.5050E-09  3.6440E-09
       3.8171E-09  3.8925E-09  3.2859E-09  3.4024E-09  3.1106E-09  3.2253E-09  2.9139E-09  3.0828E-09  2.9607E-09  2.9452E-09
       3.0379E-09  2.8371E-09  2.9176E-09  2.6180E-09  2.5639E-09  2.6145E-09  2.6790E-09  2.5046E-09  2.5808E-09  2.5157E-09
       2.2688E-09  2.3368E-09  2.4905E-09  2.2670E-09  2.1577E-09  2.1493E-09  2.1866E-09  2.1782E-09  1.9576E-09  2.0857E-09
       1.9090E-09  1.8679E-09  2.0571E-09  1.7330E-09  1.7739E-09  1.7641E-09  1.8685E-09  1.8704E-09  1.7302E-09  1.7072E-09
       1.6142E-09  1.6261E-09  1.5160E-09  1.3929E-09  1.4772E-09  1.3767E-09  1.4365E-09  1.3994E-09  1.3904E-09  1.2852E-09
       4.4353E-09  4.1383E-09  4.2027E-09  3.5810E-09  3.3132E-09  3.5648E-09  4.3031E-09  3.5530E-09  4.0802E-09  4.4005E-09
       3.8644E-09  3.9673E-09  3.7368E-09  3.5919E-09  4.2092E-09  4.6963E-09  3.9391E-09  3.8262E-09  3.5770E-09  4.1060E-09
       4.2731E-09  4.8571E-09  4.0142E-09  4.4090E-09  4.2653E-09  4.0187E-09  3.8388E-09  4.2657E-09  4.3995E-09  4.2758E-09
       4.0740E-09  4.1874E-09  4.3971E-09  4.1198E-09  4.2903E-09  3.8152E-09  3.9059E-09  3.8863E-09  3.7399E-09  3.6970E-09
       3.8101E-09  3.6301E-09  3.7580E-09  3.3946E-09  3.6522E-09  3.2616E-09  3.5555E-09  3.5176E-09  3.4561E-09  3.4277E-09
       3.4877E-09  3.2764E-09  3.1855E-09  3.1586E-09  3.2462E-09  3.2017E-09  2.8645E-09  3.0576E-09  2.9289E-09  2.8814E-09
       2.8414E-09  2.8580E-09  2.6127E-09  2.6997E-09  2.3916E-09  2.4680E-09  2.6199E-09  2.3891E-09  2.2946E-09  2.5571E-09
       2.3899E-09  2.1763E-09  2.2299E-09  2.4016E-09  2.1782E-09  2.0785E-09  1.9526E-09  1.8434E-09  1.9849E-09  1.9042E-09
       1.8946E-09  1.8666E-09  1.8340E-09  1.9846E-09  1.7998E-09  1.7839E-09  1.6865E-09  1.6123E-09  1.6417E-09  1.5542E-09
       1.4871E-09  1.6476E-09  1.7195E-09  1.4228E-09  1.3779E-09  1.4256E-09  1.3866E-09  1.3322E-09  1.2303E-09  1.1722E-09
       3.4192E-09  5.2993E-09  4.3585E-09  4.3021E-09  3.9357E-09  3.1885E-09  3.4984E-09  3.3671E-09  3.8052E-09  3.4157E-09
       3.7128E-09  3.8783E-09  3.7541E-09  3.6976E-09  3.9262E-09  3.8738E-09  3.6984E-09  4.2107E-09  4.5842E-09  4.0915E-09
       3.7007E-09  3.9442E-09  4.0536E-09  4.5388E-09  4.0520E-09  4.3695E-09  3.8220E-09  4.3371E-09  3.7323E-09  3.8312E-09
       3.9457E-09  4.0388E-09  3.6275E-09  3.6593E-09  4.1535E-09  3.9600E-09  3.4590E-09  3.6598E-09  3.6087E-09  3.8270E-09
       3.6491E-09  3.4555E-09  3.5804E-09  3.4299E-09  3.2402E-09  3.3415E-09  3.4564E-09  3.4406E-09  3.3350E-09  3.2211E-09
       3.1893E-09  3.1987E-09  3.1160E-09  3.2043E-09  2.9411E-09  3.1295E-09  2.9077E-09  2.8278E-09  2.8076E-09  2.7196E-09
       2.7224E-09  2.8928E-09  2.6705E-09  2.7268E-09  2.5697E-09  2.4155E-09  2.5116E-09  2.3373E-09  2.3682E-09  2.2359E-09
       2.0585E-09  2.1817E-09  2.1576E-09  2.1459E-09  2.1708E-09  2.0982E-09  2.2012E-09  2.0794E-09  1.8873E-09  1.9297E-09
       1.7457E-09  1.9648E-09  2.0292E-09  1.7734E-09  1.9077E-09  1.7373E-09  1.6317E-09  1.6348E-09  1.4671E-09  1.4462E-09
       1.5142E-09  1.4689E-09  1.3461E-09  1.2390E-09  1.4013E-09  1.4133E-09  1.3437E-09  1.4192E-09  1.2782E-09  1.2279E-09
       5.3603E-09  3.9859E-09  2.7841E-09  5.0171E-09  3.7869E-09  3.5333E-09  3.4352E-09  4.1788E-09  3.6618E-09  3.1935E-09
       4.1352E-09  3.2314E-09  3.3485E-09  3.3693E-09  3.6630E-09  4.0652E-09  3.5112E-09  3.7671E-09  3.7524E-09  3.8936E-09
       3.6114E-09  4.0764E-09  4.2231E-09  3.7028E-09  3.9276E-09  3.9372E-09  4.1446E-09  3.8363E-09  3.8479E-09  3.8013E-09
       3.7844E-09  3.6621E-09  3.9778E-09  3.6989E-09  3.6213E-09  3.4319E-09  3.7046E-09  3.4635E-09  3.6950E-09  3.1231E-09
       3.5556E-09  3.4102E-09  3.3842E-09  3.7301E-09  3.2322E-09  3.5676E-09  3.0150E-09  3.3455E-09  3.2258E-09  3.4153E-09
       2.9929E-09  3.0942E-09  2.9780E-09  3.1450E-09  2.8872E-09  2.9178E-09  2.8281E-09  2.9258E-09  2.7572E-09  2.5603E-09
       2.5782E-09  2.3950E-09  2.6695E-09  2.6284E-09  2.4404E-09  2.3069E-09  2.1925E-09  2.4854E-09  2.1201E-09  2.1732E-09
       2.0208E-09  2.2553E-09  2.3052E-09  2.0863E-09  2.2814E-09  2.0279E-09  2.0513E-09  2.1108E-09  1.9072E-09  1.8742E-09
       1.9720E-09  1.9829E-09  1.8350E-09  1.7764E-09  1.7921E-09  1.6826E-09  1.4692E-09  1.5350E-09  1.4985E-09  1.5303E-09
       1.5232E-09  1.5373E-09  1.4082E-09  1.4384E-09  1.2820E-09  1.3453E-09  1.3116E-09  1.3341E-09  1.2738E-09  1.1560E-09
       2.2666E-09  3.9233E-09  4.3576E-09  3.0158E-09  3.5756E-09  3.7638E-09  3.2424E-09  2.8842E-09  2.7031E-09  3.5124E-09
       3.5574E-09  3.4310E-09  3.2743E-09  3.2739E-09  3.5036E-09  3.5283E-09  3.4851E-09  3.5116E-09  3.6284E-09  3.7681E-09
       3.8016E-09  3.7709E-09  3.4613E-09  3.5950E-09  4.1634E-09  3.6228E-09  3.9211E-09  4.1308E-09  3.6900E-09  3.5841E-09
       3.6417E-09  3.4179E-09  3.4889E-09  3.5474E-09  3.5084E-09  3.4567E-09  3.8310E-09  4.1021E-09  3.4127E-09  3.4884E-09
       3.1398E-09  3.6325E-09  3.5079E-09  3.3760E-09  3.1764E-09  3.1403E-09  3.1900E-09  3.3907E-09  2.8971E-09  2.8294E-09
       3.1967E-09  3.2632E-09  3.1174E-09  2.8501E-09  2.9074E-09  2.8686E-09  2.8621E-09  2.5385E-09  2.5959E-09  2.7925E-09
       2.7232E-09  2.7809E-09  2.5732E-09  2.4772E-09  2.5118E-09  2.3449E-09  2.3607E-09  2.2489E-09  2.1508E-09  2.1751E-09
       2.2580E-09  2.3340E-09  2.0944E-09  1.9286E-09  1.9103E-09  2.0737E-09  1.9455E-09  1.8972E-09  1.8201E-09  1.8743E-09
       1.8580E-09  1.7763E-09  1.5587E-09  1.6021E-09  1.6475E-09  1.6248E-09  1.6789E-09  1.5079E-09  1.6058E-09  1.4669E-09
       1.4168E-09  1.5428E-09  1.3908E-09  1.2726E-09  1.2699E-09  1.2015E-09  1.1676E-09  1.1911E-09  1.2632E-09  1.1445E-09
       1.9028E-09  4.1494E-09  2.6862E-09  2.9637E-09  3.6959E-09  2.9791E-09  2.9290E-09  3.5915E-09  3.6418E-09  3.0667E-09
       3.4305E-09  4.0107E-09  3.7212E-09  3.8159E-09  2.9146E-09  3.4679E-09  3.5349E-09  3.5213E-09  3.8526E-09  3.6198E-09
       3.8260E-09  3.9135E-09  3.6552E-09  3.7703E-09  3.8112E-09  3.9628E-09  3.6772E-09  3.3219E-09  3.2280E-09  3.6377E-09
       3.5523E-09  3.3285E-09  3.4370E-09  3.2957E-09  3.6007E-09  3.3753E-09  3.4570E-09  3.2489E-09  3.3438E-09  3.1601E-09
       3.1424E-09  3.3561E-09  3.1771E-09  2.7090E-09  2.9713E-09  3.1436E-09  3.1786E-09  3.1496E-09  3.2378E-09  3.1819E-09
       3.0306E-09  2.6669E-09  2.8107E-09  2.6962E-09  2.7231E-09  2.6919E-09  2.4744E-09  2.4960E-09  2.5585E-09  2.4897E-09
       2.7357E-09  2.2868E-09  2.2240E-09  2.4883E-09  2.3419E-09  2.3746E-09  2.5047E-09  2.2307E-09  2.2448E-09  2.3459E-09
       2.0663E-09  2.0429E-09  2.2251E-09  2.0505E-09  1.9653E-09  1.8543E-09  1.9115E-09  1.8006E-09  1.9044E-09  1.7529E-09
       1.8725E-09  1.7993E-09  1.6889E-09  1.6352E-09  1.6333E-09  1.5214E-09  1.6539E-09  1.5988E-09  1.4143E-09  1.3524E-09
       1.4253E-09  1.4207E-09  1.3159E-09  1.3616E-09  1.3752E-09  1.2485E-09  1.2261E-09  1.2354E-09  1.1763E-09  1.2799E-09
       4.1577E-09  2.8309E-09  3.3758E-09  2.9665E-09  3.9212E-09  3.5579E-09  3.4777E-09  3.0280E-09  3.5426E-09  3.9878E-09
       3.3693E-09  2.9282E-09  3.6816E-09  3.4176E-09  3.1900E-09  3.3382E-09  3.5719E-09  3.1710E-09  3.7028E-09  3.3726E-09
       3.2808E-09  3.7043E-09  3.5357E-09  3.8938E-09  3.6780E-09  3.3090E-09  3.8227E-09  3.7716E-09  3.3757E-09  3.6139E-09
       3.3435E-09  3.4619E-09  3.1694E-09  3.3503E-09  3.0277E-09  3.5181E-09  3.4708E-09  3.0329E-09  3.2458E-09  3.2578E-09
       3.3429E-09  3.4119E-09  3.2719E-09  3.0310E-09  2.7593E-09  2.7165E-09  3.0508E-09  2.8988E-09  2.9100E-09  2.9746E-09
       2.7173E-09  2.9094E-09  2.8318E-09  2.7682E-09  2.6305E-09  2.6579E-09  2.8449E-09  2.5082E-09  2.5565E-09  2.5064E-09
       2.3529E-09  2.7221E-09  2.5162E-09  2.3135E-09  2.2499E-09  2.1858E-09  2.2445E-09  2.1866E-09  2.0906E-09  2.0311E-09
       2.2398E-09  1.9104E-09  1.9361E-09  2.1060E-09  1.9797E-09  1.8203E-09  1.8472E-09  1.7151E-09  1.9446E-09  1.5919E-09
       1.6959E-09  1.7314E-09  1.5982E-09  1.5061E-09  1.6828E-09  1.5828E-09  1.5123E-09  1.4527E-09  1.3196E-09  1.2345E-09
       1.3439E-09  1.3306E-09  1.3585E-09  1.3623E-09  1.3073E-09  1.2478E-09  1.2148E-09  1.0581E-09  1.0607E-09  1.1241E-09
       2.6726E-09  1.0950E-09  2.5139E-09  3.2020E-09  3.3885E-09  2.7819E-09  3.6199E-09  3.7446E-09  2.5486E-09  2.7317E-09
       3.2226E-09  3.1131E-09  3.0918E-09  3.1684E-09  3.9915E-09  3.4874E-09  2.9993E-09  3.0748E-09  3.4298E-09  2.9679E-09
       3.2857E-09  3.3849E-09  3.2650E-09  3.3150E-09  3.3924E-09  3.4516E-09  3.4440E-09  3.1363E-09  3.3158E-09  3.2600E-09
       3.3305E-09  3.3791E-09  3.2396E-09  3.1014E-09  3.2922E-09  3.3121E-09  3.3199E-09  3.0397E-09  2.9821E-09  3.3831E-09
       3.0526E-09  3.0092E-09  3.0578E-09  3.2527E-09  3.1922E-09  3.0982E-09  2.7724E-09  2.9972E-09  3.0592E-09  2.9557E-09
       2.5166E-09  2.7645E-09  2.3525E-09  2.8025E-09  2.5728E-09  2.7446E-09  2.5350E-09  2.5616E-09  2.4925E-09  2.5114E-09
       2.2470E-09  2.2541E-09  2.2267E-09  2.4153E-09  2.3077E-09  2.0554E-09  2.0502E-09  2.3454E-09  2.0092E-09  2.1110E-09
       2.1591E-09  1.7623E-09  1.9332E-09  1.8095E-09  1.9387E-09  1.8782E-09  1.6839E-09  1.8903E-09  1.7350E-09  1.6828E-09
       1.6177E-09  1.5664E-09  1.6801E-09  1.6141E-09  1.5514E-09  1.4625E-09  1.4136E-09  1.3166E-09  1.3730E-09  1.4049E-09
       1.3234E-09  1.3781E-09  1.3162E-09  1.2667E-09  1.2078E-09  1.4015E-09  1.0966E-09  1.0476E-09  1.0874E-09  1.1460E-09
       1.8166E-09  2.4111E-09  3.2475E-09  3.0696E-09  2.8856E-09  3.0672E-09  3.1403E-09  2.2199E-09  2.5875E-09  2.6962E-09
       2.7639E-09  2.7134E-09  3.0815E-09  2.8665E-09  3.4586E-09  2.9232E-09  3.0648E-09  3.1617E-09  3.4134E-09  3.2155E-09
       3.1048E-09  3.3691E-09  3.3533E-09  3.3651E-09  3.3013E-09  3.1604E-09  3.3068E-09  3.0957E-09  3.0334E-09  3.3775E-09
       3.3663E-09  3.0062E-09  3.0915E-09  3.1848E-09  3.2050E-09  3.1737E-09  3.1945E-09  3.0388E-09  3.2811E-09  2.8456E-09
       2.8419E-09  3.0522E-09  2.9500E-09  3.1622E-09  3.0556E-09  2.6067E-09  2.8331E-09  2.5413E-09  2.7264E-09  2.4438E-09
       2.5654E-09  2.4416E-09  2.5119E-09  2.2714E-09  2.4045E-09  2.4969E-09  2.3171E-09  2.3799E-09  2.2960E-09  2.5679E-09
       2.5057E-09  2.1779E-09  2.2012E-09  2.1008E-09  2.0160E-09  1.9577E-09  2.1133E-09  1.9965E-09  2.1238E-09  2.1000E-09
       1.9055E-09  2.0833E-09  1.9345E-09  1.8265E-09  1.8262E-09  1.9008E-09  1.7546E-09  1.8544E-09  1.7785E-09  1.7222E-09
       1.6836E-09  1.5437E-09  1.7080E-09  1.5286E-09  1.6140E-09  1.4283E-09  1.4004E-09  1.4402E-09  1.3561E-09  1.5744E-09
       1.4492E-09  1.3619E-09  1.2511E-09  1.1974E-09  1.2599E-09  1.2265E-09  1.1219E-09  1.0362E-09  1.1175E-09  1.1474E-09
       3.2042E-09  2.4365E-09  3.5036E-09  3.1811E-09  2.6111E-09  1.9272E-09  3.1890E-09  3.2731E-09  3.0771E-09  2.3893E-09
       3.3955E-09  2.4984E-09  3.2204E-09  3.1694E-09  2.3700E-09  3.1742E-09  2.5286E-09  2.7732E-09  3.1046E-09  2.6562E-09
       3.4048E-09  3.1536E-09  3.0749E-09  3.2845E-09  3.1700E-09  3.1195E-09  2.8281E-09  3.1151E-09  3.0520E-09  3.3593E-09
       3.4043E-09  3.0705E-09  3.0143E-09  3.3100E-09  3.1520E-09  2.8875E-09  2.9015E-09  2.9135E-09  3.0153E-09  2.9408E-09
       2.5051E-09  2.9742E-09  2.6422E-09  2.9844E-09  2.6492E-09  2.7350E-09  2.8463E-09  2.5905E-09  2.5061E-09  2.5868E-09
       2.5244E-09  2.6023E-09  2.4553E-09  2.4994E-09  2.3383E-09  2.5861E-09  2.0984E-09  2.4102E-09  2.1827E-09  2.4746E-09
       2.4356E-09  2.2050E-09  2.1602E-09  2.2859E-09  2.1264E-09  2.1250E-09  2.2487E-09  2.0611E-09  2.0385E-09  1.8399E-09
       1.7179E-09  1.9017E-09  2.0510E-09  1.9355E-09  1.6847E-09  1.9240E-09  1.6296E-09  1.7479E-09  1.5386E-09  1.6158E-09
       1.5094E-09  1.5309E-09  1.6182E-09  1.5619E-09  1.4009E-09  1.5163E-09  1.3235E-09  1.4637E-09  1.4338E-09  1.3770E-09
       1.3602E-09  1.2415E-09  1.1886E-09  1.3680E-09  1.2273E-09  1.1683E-09  1.0967E-09  1.0151E-09  1.1406E-09  1.0156E-09
       2.6711E-09  1.9772E-09  2.2485E-09  2.9764E-09  3.3878E-09  2.7357E-09  2.3345E-09  2.9886E-09  2.6123E-09  2.9902E-09
       2.7210E-09  2.4770E-09  3.6053E-09  3.0087E-09  3.2412E-09  2.7798E-09  3.2058E-09  3.1289E-09  2.7975E-09  2.9292E-09
       2.9781E-09  3.1935E-09  3.1810E-09  3.0058E-09  2.6727E-09  2.5607E-09  3.4228E-09  3.2762E-09  3.0046E-09  3.0188E-09
       2.5077E-09  3.0912E-09  2.8591E-09  3.1837E-09  2.7996E-09  2.9711E-09  2.9016E-09  2.9516E-09  2.9220E-09  2.8754E-09
       2.8233E-09  2.7678E-09  2.6140E-09  2.6887E-09  2.7590E-09  2.6752E-09  2.4534E-09  2.7517E-09  2.5163E-09  2.5254E-09
       2.6325E-09  2.4448E-09  2.6730E-09  2.3308E-09  2.4049E-09  2.3457E-09  2.0891E-09  2.4713E-09  2.2958E-09  2.3471E-09
       2.2313E-09  2.1525E-09  2.2004E-09  1.8828E-09  1.9525E-09  2.1863E-09  1.9166E-09  2.0989E-09  1.9397E-09  1.9169E-09
       1.7949E-09  1.8885E-09  1.7908E-09  1.7243E-09  1.7388E-09  1.6735E-09  1.4618E-09  1.6914E-09  1.6991E-09  1.7087E-09
       1.5132E-09  1.5440E-09  1.4626E-09  1.4908E-09  1.4243E-09  1.3141E-09  1.4450E-09  1.2792E-09  1.3390E-09  1.3223E-09
       1.2695E-09  1.3233E-09  1.2331E-09  1.1708E-09  1.0957E-09  1.1968E-09  1.1568E-09  1.1517E-09  1.0935E-09  9.5143E-10
       4.3253E-09  3.1224E-09  2.3577E-09  2.9243E-09  2.5390E-09  1.9821E-09  2.7046E-09  2.3558E-09  2.7337E-09  2.2633E-09
       3.3459E-09  3.1097E-09  2.4204E-09  2.7753E-09  3.1562E-09  2.7952E-09  2.5540E-09  3.1645E-09  2.8627E-09  2.9150E-09
       2.9090E-09  3.0349E-09  2.6742E-09  3.0401E-09  2.8654E-09  2.8496E-09  2.7755E-09  2.8261E-09  2.6958E-09  2.7761E-09
       2.8787E-09  2.7334E-09  3.0050E-09  2.6300E-09  2.9531E-09  2.7489E-09  2.6789E-09  2.9354E-09  2.9386E-09  2.4410E-09
       2.9244E-09  2.5258E-09  2.9140E-09  2.5601E-09  2.5147E-09  2.4349E-09  2.2961E-09  2.5141E-09  2.2358E-09  2.5023E-09
       2.5225E-09  2.4435E-09  2.3474E-09  2.5455E-09  2.3104E-09  2.3080E-09  2.2678E-09  2.2097E-09  2.1102E-09  2.1927E-09
       2.0342E-09  2.0201E-09  1.8554E-09  1.9969E-09  1.8872E-09  1.8992E-09  1.9767E-09  1.8552E-09  1.7934E-09  1.8677E-09
       1.8037E-09  1.7051E-09  1.7716E-09  1.7104E-09  1.6758E-09  1.6698E-09  1.7415E-09  1.6088E-09  1.4996E-09  1.5578E-09
       1.4748E-09  1.6053E-09  1.4340E-09  1.5585E-09  1.4586E-09  1.3348E-09  1.3270E-09  1.3371E-09  1.2718E-09  1.2709E-09
       1.2104E-09  1.2557E-09  1.1586E-09  1.2297E-09  1.1370E-09  1.1098E-09  1.1623E-09  1.0766E-09  1.0161E-09  1.0189E-09
       2.0181E-09  2.2946E-09  2.6065E-09  2.0743E-09  4.0694E-09  2.5752E-09  2.4277E-09  2.7766E-09  2.1428E-09  2.5359E-09
       3.0513E-09  2.9024E-09  2.4268E-09  2.9163E-09  2.7443E-09  2.7526E-09  2.6552E-09  2.6572E-09  2.9664E-09  2.8690E-09
       3.2193E-09  2.7168E-09  2.7429E-09  2.7849E-09  2.8066E-09  3.0532E-09  2.9329E-09  2.7232E-09  2.8307E-09  2.6313E-09
       2.8419E-09  2.5089E-09  2.9103E-09  2.8688E-09  2.7316E-09  2.4497E-09  2.8051E-09  2.7840E-09  2.5325E-09  2.6638E-09
       2.7168E-09  2.6609E-09  2.5781E-09  2.6467E-09  2.4708E-09  2.6628E-09  2.6287E-09  2.5040E-09  2.5871E-09  2.2902E-09
       2.4919E-09  2.2212E-09  2.3970E-09  2.4988E-09  2.3564E-09  2.3459E-09  2.2747E-09  2.0500E-09  2.0076E-09  2.2658E-09
       2.1150E-09  2.0798E-09  2.0794E-09  2.0188E-09  1.9485E-09  2.0531E-09  1.7984E-09  1.6853E-09  1.8796E-09  1.6205E-09
       1.6755E-09  1.6702E-09  1.5018E-09  1.6965E-09  1.6802E-09  1.6736E-09  1.5987E-09  1.5941E-09  1.5528E-09  1.5307E-09
       1.4642E-09  1.3876E-09  1.4333E-09  1.4504E-09  1.3915E-09  1.2174E-09  1.5142E-09  1.1724E-09  1.2215E-09  1.1873E-09
       1.2303E-09  1.0592E-09  1.1067E-09  1.1443E-09  1.2743E-09  1.0044E-09  1.1414E-09  1.0510E-09  1.0190E-09  9.8590E-10
       7.7126E-10  1.3672E-09  3.9778E-09  2.1304E-09  2.3479E-09  2.8819E-09  2.7406E-09  1.9310E-09  3.0307E-09  2.9245E-09
       2.4333E-09  2.4463E-09  2.6696E-09  2.6621E-09  2.7169E-09  3.2278E-09  2.8443E-09  2.8588E-09  2.6349E-09  2.7201E-09
       2.7924E-09  2.6924E-09  2.7980E-09  2.9359E-09  2.6726E-09  2.9727E-09  3.1084E-09  2.7832E-09  2.4802E-09  2.4268E-09
       2.7859E-09  2.6987E-09  2.6758E-09  2.5034E-09  2.6772E-09  2.8981E-09  2.7154E-09  2.5679E-09  2.5820E-09  2.5269E-09
       2.4771E-09  2.5036E-09  2.5091E-09  2.5368E-09  2.2693E-09  2.3943E-09  2.3752E-09  2.6590E-09  2.0377E-09  2.3159E-09
       2.2877E-09  2.2698E-09  2.3935E-09  2.3984E-09  2.2159E-09  2.1969E-09  2.2045E-09  2.0426E-09  2.0981E-09  1.8980E-09
       1.9873E-09  1.8766E-09  2.0440E-09  1.9969E-09  1.8019E-09  1.8888E-09  1.8603E-09  1.6890E-09  1.8252E-09  1.7778E-09
       1.7158E-09  1.5345E-09  1.6590E-09  1.7181E-09  1.6048E-09  1.5635E-09  1.4752E-09  1.5431E-09  1.5733E-09  1.5045E-09
       1.4873E-09  1.3722E-09  1.3724E-09  1.4181E-09  1.4227E-09  1.3454E-09  1.3392E-09  1.3235E-09  1.2172E-09  1.4424E-09
       1.2465E-09  1.2853E-09  1.1039E-09  1.1913E-09  1.1558E-09  1.0370E-09  1.0607E-09  1.1487E-09  1.0031E-09  1.0266E-09
       1.9182E-09  2.2655E-09  2.4177E-09  2.6884E-09  2.6190E-09  2.1545E-09  2.2597E-09  2.1107E-09  2.4959E-09  2.2978E-09
       2.4990E-09  2.5711E-09  2.4538E-09  3.1949E-09  2.8574E-09  2.7615E-09  2.5079E-09  2.3184E-09  2.5623E-09  2.2512E-09
       2.5822E-09  2.5366E-09  2.4695E-09  2.8622E-09  3.0335E-09  2.6393E-09  2.4919E-09  2.3843E-09  2.8221E-09  2.6067E-09
       2.2472E-09  2.4812E-09  2.5410E-09  2.3041E-09  2.3419E-09  2.6234E-09  2.3994E-09  2.5646E-09  2.4615E-09  2.4610E-09
       2.5272E-09  2.5876E-09  2.4251E-09  2.3998E-09  2.3706E-09  2.4332E-09  2.2664E-09  2.2999E-09  2.3515E-09  2.0686E-09
       2.2555E-09  2.3410E-09  2.0169E-09  1.9742E-09  2.1995E-09  2.2470E-09  1.8624E-09  2.1661E-09  1.9606E-09  1.8431E-09
       2.1604E-09  1.8986E-09  1.7618E-09  1.9231E-09  1.8362E-09  1.9066E-09  1.6818E-09  1.8231E-09  1.6598E-09  1.6245E-09
       1.6261E-09  1.5872E-09  1.6342E-09  1.5683E-09  1.4415E-09  1.4967E-09  1.4982E-09  1.4176E-09  1.3439E-09  1.2947E-09
       1.4198E-09  1.3203E-09  1.3269E-09  1.3400E-09  1.2564E-09  1.1633E-09  1.2233E-09  1.2591E-09  1.1991E-09  1.1517E-09
       1.0095E-09  1.1406E-09  1.0639E-09  1.1170E-09  1.1473E-09  9.8916E-10  1.0866E-09  9.4136E-10  9.4993E-10  9.1834E-10
       1.4358E-09  6.1275E-10  2.8459E-09  2.1571E-09  1.9705E-09  2.5738E-09  2.7733E-09  2.7256E-09  2.5518E-09  2.3447E-09
       2.3750E-09  2.0478E-09  2.4627E-09  2.5430E-09  2.4720E-09  2.1946E-09  1.9782E-09  2.2299E-09  2.6795E-09  2.5716E-09
       2.4027E-09  2.9705E-09  2.5693E-09  2.4633E-09  2.6642E-09  2.3588E-09  2.6905E-09  2.4950E-09  2.4467E-09  2.5266E-09
       2.5243E-09  2.3174E-09  2.7689E-09  2.6429E-09  2.6068E-09  2.3985E-09  2.5073E-09  2.5850E-09  2.4766E-09  2.7311E-09
       2.5643E-09  2.2905E-09  2.3156E-09  2.5114E-09  2.2517E-09  2.1543E-09  2.3762E-09  2.0829E-09  2.0557E-09  2.1849E-09
       2.0800E-09  1.8966E-09  2.1169E-09  1.9133E-09  2.1285E-09  2.1720E-09  2.1706E-09  1.9102E-09  1.9117E-09  1.9106E-09
       1.8533E-09  1.8609E-09  1.8836E-09  1.7136E-09  1.7041E-09  1.6672E-09  1.7169E-09  1.7061E-09  1.7359E-09  1.5982E-09
       1.7850E-09  1.6960E-09  1.7512E-09  1.6274E-09  1.4922E-09  1.6143E-09  1.4214E-09  1.3893E-09  1.5415E-09  1.3712E-09
       1.4145E-09  1.4805E-09  1.2661E-09  1.2265E-09  1.2784E-09  1.1353E-09  1.2704E-09  1.3810E-09  1.1093E-09  1.2880E-09
       1.0880E-09  1.2197E-09  1.0289E-09  1.1133E-09  1.0580E-09  1.0716E-09  9.4619E-10  1.0732E-09  1.0202E-09  9.9896E-10
       6.5782E-10  2.8118E-09  1.9283E-09  1.9377E-09  3.1130E-09  2.3549E-09  2.5793E-09  2.2725E-09  1.7659E-09  2.2652E-09
       2.3445E-09  1.9733E-09  2.2224E-09  2.8390E-09  2.0318E-09  3.0878E-09  2.5272E-09  2.1613E-09  2.5383E-09  2.6309E-09
       2.8492E-09  2.8448E-09  2.8118E-09  2.3142E-09  2.5914E-09  2.7373E-09  2.6346E-09  2.3637E-09  2.5358E-09  2.3846E-09
       2.5238E-09  2.2859E-09  2.6044E-09  2.4797E-09  2.2691E-09  2.3859E-09  2.4734E-09  2.4319E-09  2.3071E-09  2.1634E-09
       2.1245E-09  2.2036E-09  2.3241E-09  2.1268E-09  2.1787E-09  2.1913E-09  2.3222E-09  1.9839E-09  2.4031E-09  2.1103E-09
       2.1626E-09  1.7982E-09  2.1546E-09  2.0424E-09  1.7419E-09  1.9084E-09  1.9677E-09  1.8661E-09  1.9435E-09  1.8653E-09
       1.8869E-09  1.9857E-09  1.6850E-09  1.7280E-09  1.6136E-09  1.6827E-09  1.5996E-09  1.7255E-09  1.6896E-09  1.6082E-09
       1.5770E-09  1.4462E-09  1.5156E-09  1.3708E-09  1.5556E-09  1.4175E-09  1.4238E-09  1.3391E-09  1.3284E-09  1.4295E-09
       1.5059E-09  1.2803E-09  1.2915E-09  1.1926E-09  1.3322E-09  1.2091E-09  1.2576E-09  1.1626E-09  1.0929E-09  1.1182E-09
       1.0482E-09  1.0887E-09  1.0632E-09  1.0322E-09  1.0537E-09  1.0384E-09  9.6256E-10  1.0275E-09  9.3676E-10  9.4400E-10
       7.5343E-10  1.8314E-09  2.1857E-09  1.7304E-09  2.8516E-09  2.7436E-09  2.0481E-09  2.3501E-09  2.6730E-09  2.2404E-09
       2.0378E-09  2.3472E-09  2.5023E-09  2.1548E-09  2.3173E-09  2.7418E-09  2.2445E-09  2.3136E-09  1.9370E-09  2.3032E-09
       2.0522E-09  2.4473E-09  2.3329E-09  1.9456E-09  2.3983E-09  2.4550E-09  2.6317E-09  2.1796E-09  2.0738E-09  2.1340E-09
       2.5319E-09  2.5408E-09  2.2541E-09  2.2585E-09  2.3732E-09  2.2703E-09  2.3321E-09  2.6812E-09  2.4077E-09  2.4107E-09
       2.3883E-09  2.4053E-09  2.2999E-09  2.1426E-09  2.0297E-09  2.1093E-09  2.1014E-09  2.1178E-09  2.0633E-09  2.0169E-09
       1.9304E-09  2.1708E-09  2.1080E-09  1.8516E-09  1.8527E-09  1.8190E-09  2.0299E-09  1.8540E-09  1.9491E-09  1.9225E-09
       1.6964E-09  1.6227E-09  1.7782E-09  1.6622E-09  1.6542E-09  1.4976E-09  1.5554E-09  1.5311E-09  1.6855E-09  1.5933E-09
       1.5745E-09  1.5688E-09  1.5057E-09  1.4695E-09  1.3964E-09  1.6177E-09  1.3575E-09  1.4447E-09  1.2764E-09  1.2410E-09
       1.3599E-09  1.3146E-09  1.1649E-09  1.3428E-09  1.2486E-09  1.1822E-09  1.1206E-09  1.1627E-09  1.1244E-09  1.1207E-09
       1.0171E-09  1.0642E-09  9.9786E-10  9.9956E-10  9.0526E-10  1.0060E-09  9.7413E-10  1.0284E-09  9.1394E-10  8.7833E-10

      Percentage errors follow in a matrix A(ir,iz), format (1(5x,1p,10(1x,e11.4)))

       6.7704E+01  4.0483E+01  2.3299E+01  1.8517E+01  1.8699E+01  1.4922E+01  1.3620E+01  1.4167E+01  1.2110E+01  1.3406E+01
       1.1174E+01  1.0859E+01  1.0755E+01  9.8199E+00  9.8974E+00  9.2656E+00  9.6568E+00  9.9220E+00  9.2190E+00  7.9568E+00
       7.9793E+00  8.0143E+00  7.8815E+00  8.0568E+00  7.4671E+00  6.9707E+00  6.9766E+00  6.8324E+00  6.8838E+00  6.5225E+00
       6.8863E+00  6.6976E+00  6.0935E+00  6.9962E+00  6.6858E+00  6.0992E+00  6.0400E+00  6.2925E+00  6.1593E+00  6.1466E+00
       6.2945E+00  6.1031E+00  5.9000E+00  5.7679E+00  5.9128E+00  5.8806E+00  6.0422E+00  5.7479E+00  5.6902E+00  5.3759E+00
       5.4303E+00  5.4428E+00  5.6145E+00  5.0917E+00  5.6576E+00  5.4764E+00  5.4274E+00  5.6348E+00  5.5546E+00  5.2762E+00
       5.4914E+00  5.4767E+00  5.6244E+00  5.5999E+00  5.3789E+00  5.3719E+00  5.3137E+00  5.5463E+00  5.2941E+00  5.5898E+00
       5.2188E+00  5.3980E+00  5.4264E+00  5.4805E+00  5.6619E+00  5.6305E+00  5.4395E+00  5.6521E+00  5.4598E+00  5.6888E+00
       5.5892E+00  5.5694E+00  5.4017E+00  5.6322E+00  5.5103E+00  5.8982E+00  6.0766E+00  5.7650E+00  5.7084E+00  5.5331E+00
       5.9831E+00  5.4754E+00  5.5394E+00  5.7396E+00  5.8625E+00  5.5864E+00  5.8865E+00  6.0351E+00  5.6789E+00  5.7717E+00
       4.5096E+01  3.5137E+01  2.7078E+01  1.9377E+01  1.6268E+01  1.5953E+01  1.4985E+01  1.4050E+01  1.2987E+01  1.1372E+01
       1.1781E+01  1.0582E+01  1.1676E+01  9.2227E+00  1.0651E+01  9.3255E+00  9.2014E+00  8.8368E+00  8.9590E+00  7.4404E+00
       8.2146E+00  7.8966E+00  7.5308E+00  7.5126E+00  7.4911E+00  7.2272E+00  7.3346E+00  6.8190E+00  6.8848E+00  7.0715E+00
       6.3797E+00  6.5751E+00  6.0516E+00  6.1102E+00  6.4428E+00  6.0807E+00  6.1209E+00  6.1852E+00  5.8654E+00  5.9454E+00
       5.9366E+00  5.7544E+00  5.9911E+00  5.8088E+00  5.8791E+00  5.9021E+00  5.3957E+00  5.6701E+00  5.4290E+00  5.5993E+00
       5.6972E+00  5.5444E+00  5.3364E+00  5.5332E+00  4.9544E+00  5.5168E+00  5.2916E+00  5.3828E+00  5.4566E+00  5.5963E+00
       5.4521E+00  5.3269E+00  5.2803E+00  5.6108E+00  5.5048E+00  5.4882E+00  5.4029E+00  5.5883E+00  5.4251E+00  5.4569E+00
       5.5369E+00  5.3134E+00  5.6882E+00  5.6027E+00  5.2204E+00  5.7441E+00  5.4737E+00  6.2094E+00  5.5329E+00  5.5256E+00
       5.4713E+00  5.5770E+00  5.1382E+00  5.5430E+00  5.5697E+00  5.3271E+00  5.4136E+00  5.6566E+00  5.8515E+00  5.7546E+00
       5.4483E+00  5.7559E+00  5.6992E+00  5.8539E+00  5.6499E+00  5.7296E+00  5.5666E+00  5.5194E+00  6.0867E+00  5.7721E+00
       6.4566E+01  3.0061E+01  3.0578E+01  1.8397E+01  1.7197E+01  1.4983E+01  1.3945E+01  1.1461E+01  1.2404E+01  1.3203E+01
       1.2930E+01  1.0532E+01  1.0146E+01  9.8696E+00  1.0036E+01  9.0541E+00  8.6635E+00  8.6559E+00  8.9115E+00  7.5212E+00
       8.1676E+00  7.2642E+00  7.6746E+00  7.8912E+00  7.0431E+00  7.2808E+00  6.6995E+00  7.1158E+00  6.5910E+00  6.6016E+00
       6.3827E+00  6.9878E+00  6.0688E+00  6.2683E+00  5.8298E+00  5.8432E+00  5.8740E+00  5.9669E+00  5.6296E+00  5.9494E+00
       5.8061E+00  5.9810E+00  5.4284E+00  5.6770E+00  5.6509E+00  5.6182E+00  5.4279E+00  5.3660E+00  5.7159E+00  5.6595E+00
       5.5784E+00  5.5440E+00  5.4611E+00  5.3331E+00  5.1521E+00  5.5818E+00  5.7321E+00  5.2921E+00  5.2410E+00  5.2588E+00
       5.3241E+00  5.3240E+00  5.6474E+00  5.3243E+00  5.3259E+00  5.6472E+00  5.6140E+00  5.3780E+00  5.4861E+00  5.4755E+00
       5.5236E+00  5.2300E+00  5.3602E+00  5.7125E+00  5.3311E+00  5.2492E+00  5.6786E+00  5.3572E+00  5.6679E+00  5.5331E+00
       5.5969E+00  5.4383E+00  5.3768E+00  5.6314E+00  5.4470E+00  5.5397E+00  5.4650E+00  5.7029E+00  5.2719E+00  5.5112E+00
       5.8999E+00  5.4761E+00  5.6743E+00  5.3257E+00  5.7972E+00  5.5245E+00  5.3959E+00  5.8335E+00  5.8199E+00  6.2747E+00
       5.6371E+01  2.4652E+01  2.3528E+01  2.0142E+01  1.7707E+01  1.4182E+01  1.4107E+01  1.3132E+01  1.3223E+01  1.1788E+01
       1.1227E+01  1.0674E+01  1.0051E+01  9.4632E+00  9.4869E+00  9.5135E+00  8.3699E+00  8.7945E+00  8.2808E+00  8.0988E+00
       7.8389E+00  7.3560E+00  7.1697E+00  7.6337E+00  8.2252E+00  6.9156E+00  6.8498E+00  6.8534E+00  6.7158E+00  6.6493E+00
       6.3210E+00  6.3119E+00  6.0126E+00  6.2782E+00  6.1860E+00  5.9106E+00  6.1130E+00  6.0504E+00  5.7516E+00  5.4494E+00
       5.7859E+00  5.6821E+00  5.8380E+00  5.5509E+00  5.6807E+00  5.3668E+00  5.6338E+00  5.3153E+00  5.8838E+00  5.4437E+00
       5.3729E+00  5.2700E+00  5.0865E+00  5.4050E+00  5.0765E+00  5.5523E+00  5.2577E+00  5.4407E+00  5.3941E+00  5.2439E+00
       5.4037E+00  5.3548E+00  5.1380E+00  5.2976E+00  5.3389E+00  5.2675E+00  5.3742E+00  5.2824E+00  5.0752E+00  5.4807E+00
       4.9922E+00  5.1532E+00  5.4031E+00  5.3171E+00  5.2237E+00  5.4280E+00  5.2889E+00  5.2073E+00  5.2604E+00  5.4314E+00
       5.6841E+00  5.5985E+00  5.4130E+00  5.7014E+00  5.3789E+00  5.5349E+00  5.7347E+00  5.2822E+00  5.5272E+00  5.7438E+00
       5.1725E+00  5.5484E+00  5.4044E+00  5.6564E+00  5.4849E+00  5.9308E+00  5.7397E+00  5.8730E+00  5.5111E+00  5.9334E+00
       7.3584E+01  3.0225E+01  2.5869E+01  1.8384E+01  1.8871E+01  1.2575E+01  1.3970E+01  1.3130E+01  1.2249E+01  1.1751E+01
       1.1270E+01  9.5005E+00  9.9242E+00  9.0354E+00  9.0357E+00  8.8091E+00  9.1190E+00  8.2387E+00  8.0812E+00  7.7399E+00
       7.5825E+00  7.4258E+00  7.3505E+00  6.9199E+00  6.8273E+00  7.3042E+00  6.7619E+00  6.8197E+00  6.9811E+00  6.3639E+00
       6.2520E+00  5.8792E+00  6.1060E+00  6.2238E+00  5.9855E+00  6.0013E+00  6.0111E+00  5.7107E+00  5.7266E+00  5.7293E+00
       5.8883E+00  5.8007E+00  5.4503E+00  5.7691E+00  5.2029E+00  5.5387E+00  5.2939E+00  5.4529E+00  5.2112E+00  5.0185E+00
       5.2913E+00  5.2663E+00  5.3613E+00  5.2271E+00  5.3502E+00  5.0791E+00  4.9490E+00  4.8986E+00  5.4616E+00  5.3941E+00
       4.9697E+00  5.3779E+00  5.0796E+00  4.8635E+00  4.9901E+00  5.4753E+00  5.3798E+00  5.2312E+00  5.1998E+00  5.3589E+00
       5.2788E+00  5.3227E+00  5.1160E+00  4.8935E+00  5.0721E+00  5.4454E+00  5.1493E+00  5.3101E+00  5.4644E+00  5.4569E+00
       5.3407E+00  5.2675E+00  5.2439E+00  5.4810E+00  5.3761E+00  5.4317E+00  5.5918E+00  5.5288E+00  5.5245E+00  5.6822E+00
       5.2994E+00  5.3734E+00  5.6650E+00  5.2472E+00  5.3822E+00  5.5808E+00  6.1193E+00  5.9594E+00  5.8283E+00  5.6624E+00
       1.0000E+02  4.6747E+01  2.5943E+01  1.8381E+01  1.4279E+01  1.4841E+01  1.1961E+01  1.2616E+01  1.1611E+01  1.0127E+01
       1.0854E+01  1.1652E+01  1.0780E+01  9.2261E+00  9.0503E+00  8.6206E+00  8.7070E+00  7.9614E+00  7.9102E+00  7.8920E+00
       7.2230E+00  7.1502E+00  7.1739E+00  7.4918E+00  6.1439E+00  6.6870E+00  6.5504E+00  6.4279E+00  6.7062E+00  6.4082E+00
       6.1581E+00  5.9410E+00  5.9979E+00  5.8532E+00  6.0361E+00  5.9562E+00  5.7869E+00  5.5306E+00  5.4569E+00  5.4523E+00
       5.4352E+00  5.4073E+00  6.0379E+00  5.6982E+00  5.3548E+00  5.5332E+00  4.9453E+00  5.4852E+00  5.4661E+00  5.3040E+00
       5.2036E+00  5.1630E+00  5.2201E+00  5.0682E+00  5.3183E+00  5.2398E+00  5.0204E+00  5.0422E+00  4.7790E+00  5.2792E+00
       5.2938E+00  4.7758E+00  5.2864E+00  5.2256E+00  5.0268E+00  4.9198E+00  5.2752E+00  4.5991E+00  5.0342E+00  5.1259E+00
       4.8758E+00  5.1131E+00  5.0428E+00  5.3057E+00  5.3206E+00  5.1778E+00  5.1726E+00  5.2097E+00  5.1560E+00  5.3513E+00
       5.0756E+00  5.1790E+00  5.0094E+00  5.1485E+00  5.3591E+00  5.2775E+00  5.7324E+00  5.2743E+00  5.5550E+00  5.2230E+00
       5.4598E+00  5.1958E+00  5.5642E+00  5.6318E+00  5.5692E+00  6.0847E+00  5.5581E+00  5.9014E+00  5.7701E+00  5.4936E+00
       5.6256E+01  2.5947E+01  2.0152E+01  1.6874E+01  1.6758E+01  1.4821E+01  1.2609E+01  1.3144E+01  1.1554E+01  1.1777E+01
       1.0867E+01  1.0393E+01  9.1416E+00  9.4756E+00  8.6852E+00  8.3009E+00  8.8888E+00  8.6449E+00  8.1006E+00  7.0552E+00
       7.1945E+00  7.0989E+00  7.2849E+00  6.8577E+00  6.7740E+00  7.0800E+00  6.6321E+00  6.1933E+00  6.2085E+00  5.9841E+00
       5.8217E+00  5.8983E+00  5.8957E+00  5.9303E+00  5.9163E+00  5.5822E+00  5.5178E+00  5.6324E+00  5.3605E+00  5.2762E+00
       5.8097E+00  5.5162E+00  5.5126E+00  5.5037E+00  5.4209E+00  5.0306E+00  5.0912E+00  5.5952E+00  5.1199E+00  5.0903E+00
       5.4451E+00  5.2109E+00  5.2700E+00  5.2447E+00  5.1641E+00  5.3707E+00  5.0859E+00  4.7628E+00  5.1329E+00  5.1932E+00
       5.1955E+00  5.4155E+00  4.9067E+00  5.0019E+00  5.1802E+00  5.1102E+00  5.0924E+00  5.1553E+00  4.9323E+00  4.8072E+00
       5.0076E+00  4.9663E+00  5.0203E+00  4.9190E+00  4.9869E+00  5.1747E+00  5.1345E+00  4.9268E+00  4.8820E+00  5.0177E+00
       5.3505E+00  5.4832E+00  5.3109E+00  5.3869E+00  5.2105E+00  5.0776E+00  4.9951E+00  5.4457E+00  5.3560E+00  5.5648E+00
       5.1602E+00  5.3117E+00  5.5134E+00  5.8371E+00  5.2781E+00  5.8951E+00  5.3018E+00  5.9825E+00  5.7472E+00  5.5348E+00
       9.4987E+01  3.2503E+01  2.3062E+01  1.8334E+01  1.6682E+01  1.4393E+01  1.6215E+01  1.2328E+01  1.0509E+01  1.1452E+01
       1.0095E+01  9.6049E+00  9.4760E+00  9.4605E+00  9.4024E+00  8.0084E+00  8.7925E+00  7.9289E+00  7.6628E+00  7.6504E+00
       7.4980E+00  6.7234E+00  7.0546E+00  6.7844E+00  6.5502E+00  6.5656E+00  6.3305E+00  6.5782E+00  6.3036E+00  5.8324E+00
       5.6977E+00  5.6019E+00  5.7280E+00  5.4487E+00  6.0766E+00  5.3577E+00  5.3582E+00  5.8000E+00  5.4415E+00  5.4255E+00
       5.1820E+00  5.3165E+00  5.0361E+00  5.4377E+00  4.9309E+00  5.2013E+00  5.0347E+00  4.9851E+00  5.1924E+00  5.0867E+00
       5.3378E+00  4.7744E+00  5.0624E+00  5.0253E+00  5.0409E+00  5.0326E+00  4.9079E+00  4.9728E+00  5.0343E+00  4.8548E+00
       4.9871E+00  5.0292E+00  4.8931E+00  4.8030E+00  4.9412E+00  4.8584E+00  5.2056E+00  5.2025E+00  5.1308E+00  5.1596E+00
       4.8616E+00  5.0901E+00  4.8913E+00  5.1249E+00  5.3832E+00  5.0838E+00  4.9669E+00  5.1180E+00  4.9363E+00  4.9589E+00
       5.0058E+00  5.2934E+00  4.9741E+00  5.2349E+00  5.2570E+00  5.2536E+00  5.2926E+00  5.1554E+00  5.1506E+00  5.3140E+00
       5.1739E+00  5.5525E+00  5.5853E+00  5.5971E+00  5.6344E+00  5.4810E+00  5.0783E+00  5.6906E+00  5.4004E+00  5.5491E+00
       4.3496E+01  3.1641E+01  2.1890E+01  1.8791E+01  1.5383E+01  1.4463E+01  1.2028E+01  1.1657E+01  1.0773E+01  1.1324E+01
       9.9751E+00  9.8294E+00  8.7948E+00  9.7093E+00  8.0055E+00  8.1435E+00  7.7816E+00  7.6224E+00  7.3526E+00  7.4956E+00
       7.1238E+00  7.0725E+00  6.6134E+00  6.7022E+00  6.3591E+00  6.7078E+00  6.1159E+00  5.9560E+00  5.6159E+00  6.2081E+00
       5.9080E+00  5.8595E+00  5.5896E+00  5.8235E+00  5.4890E+00  5.2466E+00  5.2139E+00  5.8053E+00  5.2923E+00  5.8142E+00
       5.4143E+00  4.9842E+00  5.0421E+00  5.1482E+00  5.1290E+00  5.0045E+00  5.0739E+00  4.7319E+00  4.9602E+00  4.6686E+00
       5.2013E+00  4.9891E+00  5.0372E+00  4.6126E+00  5.0013E+00  5.0015E+00  4.5388E+00  4.8650E+00  4.8978E+00  4.8359E+00
       4.7316E+00  4.8118E+00  4.9089E+00  4.9477E+00  4.9654E+00  4.5830E+00  4.7608E+00  5.2816E+00  4.5419E+00  4.9844E+00
       4.9600E+00  4.8416E+00  5.0900E+00  5.0341E+00  5.0333E+00  4.9312E+00  4.8220E+00  4.8314E+00  4.9811E+00  4.9941E+00
       5.1339E+00  4.9302E+00  4.9279E+00  5.1496E+00  5.3122E+00  5.2363E+00  5.5338E+00  4.9770E+00  5.1742E+00  5.4015E+00
       4.9925E+00  5.3058E+00  5.5862E+00  5.3063E+00  5.4331E+00  5.1761E+00  5.4142E+00  5.5176E+00  5.6958E+00  5.1149E+00
       4.7737E+01  2.8461E+01  2.0514E+01  1.6163E+01  1.4800E+01  1.3488E+01  1.3399E+01  1.1445E+01  9.8080E+00  1.0567E+01
       9.8823E+00  9.3535E+00  9.0080E+00  8.7250E+00  8.3233E+00  8.3361E+00  7.5617E+00  8.5221E+00  7.7240E+00  7.2560E+00
       7.1245E+00  6.8596E+00  6.5272E+00  7.1286E+00  6.3885E+00  6.5908E+00  5.9482E+00  5.9948E+00  5.9497E+00  5.7918E+00
       6.0742E+00  5.5864E+00  5.7927E+00  5.6796E+00  5.4881E+00  5.5639E+00  5.2764E+00  5.0368E+00  5.5590E+00  5.1856E+00
       5.3487E+00  5.0165E+00  5.0710E+00  5.4992E+00  4.8993E+00  5.0680E+00  4.9702E+00  5.0533E+00  5.0790E+00  5.0473E+00
       4.8264E+00  4.8991E+00  4.9541E+00  5.0188E+00  5.1201E+00  4.8914E+00  4.7861E+00  4.5635E+00  4.7287E+00  4.9027E+00
       4.9231E+00  4.7450E+00  4.9358E+00  5.0329E+00  5.1615E+00  4.8871E+00  4.8167E+00  4.6905E+00  4.8315E+00  4.7218E+00
       4.9528E+00  4.8654E+00  4.7916E+00  4.7255E+00  5.0426E+00  4.7302E+00  5.0098E+00  4.9736E+00  5.0713E+00  5.0317E+00
       5.0342E+00  4.9284E+00  4.9274E+00  5.1072E+00  5.0969E+00  4.9748E+00  4.8727E+00  5.2724E+00  5.0829E+00  5.1071E+00
       5.3626E+00  5.3819E+00  5.2372E+00  5.3376E+00  5.1291E+00  5.4810E+00  5.4231E+00  5.4597E+00  5.2194E+00  5.3335E+00
       6.3390E+01  2.6173E+01  2.1035E+01  1.9948E+01  1.5753E+01  1.2885E+01  1.2306E+01  1.1936E+01  1.1195E+01  1.0385E+01
       9.5923E+00  9.0827E+00  9.4164E+00  9.2761E+00  8.5137E+00  7.8022E+00  7.8756E+00  7.2853E+00  7.5874E+00  7.2791E+00
       7.1154E+00  6.6380E+00  6.9779E+00  6.3688E+00  5.9442E+00  5.7967E+00  5.9960E+00  6.1287E+00  6.0938E+00  5.4724E+00
       5.9834E+00  5.3966E+00  5.4748E+00  5.7812E+00  5.3731E+00  5.4122E+00  5.2535E+00  4.9137E+00  5.0047E+00  5.1651E+00
       4.9298E+00  5.1419E+00  5.0548E+00  5.1569E+00  4.9936E+00  5.2027E+00  4.6224E+00  4.7725E+00  4.9521E+00  4.8067E+00
       4.7733E+00  5.0856E+00  4.8960E+00  4.7858E+00  4.8385E+00  4.5924E+00  4.7718E+00  4.5771E+00  4.6362E+00  4.7598E+00
       4.7326E+00  4.7565E+00  4.4778E+00  4.9535E+00  4.4431E+00  4.8716E+00  4.6428E+00  5.0071E+00  4.6578E+00  5.0688E+00
       4.8611E+00  4.9251E+00  4.6426E+00  4.5364E+00  4.8277E+00  4.8750E+00  4.8125E+00  4.8148E+00  4.8934E+00  4.7974E+00
       4.9913E+00  5.0886E+00  5.0032E+00  5.1212E+00  4.7067E+00  4.8670E+00  4.8304E+00  5.0137E+00  4.8524E+00  5.1061E+00
       4.9469E+00  5.2361E+00  5.1334E+00  4.9524E+00  5.3245E+00  5.1253E+00  5.3347E+00  5.3790E+00  5.2393E+00  5.6149E+00
       5.5318E+01  2.7145E+01  2.2503E+01  1.4761E+01  1.7517E+01  1.4170E+01  1.1604E+01  1.1986E+01  1.1325E+01  9.9735E+00
       1.0413E+01  9.2186E+00  8.6823E+00  8.5909E+00  7.9106E+00  8.4138E+00  7.7125E+00  7.7687E+00  6.9599E+00  6.9552E+00
       6.6370E+00  6.5999E+00  6.3003E+00  6.4723E+00  6.0355E+00  6.0984E+00  6.1014E+00  5.9717E+00  5.8980E+00  5.6925E+00
       5.7281E+00  5.7245E+00  5.2494E+00  5.4862E+00  5.3978E+00  5.1751E+00  5.0980E+00  5.2189E+00  5.2376E+00  5.0995E+00
       5.2012E+00  5.0019E+00  5.0336E+00  4.6426E+00  4.9354E+00  5.0559E+00  4.7232E+00  4.9396E+00  4.7916E+00  5.0528E+00
       5.0321E+00  4.6725E+00  4.7576E+00  4.6401E+00  4.9192E+00  4.5520E+00  4.5094E+00  4.3744E+00  4.6685E+00  4.7595E+00
       4.5632E+00  4.9107E+00  4.9589E+00  4.4267E+00  4.8078E+00  4.6420E+00  4.6031E+00  4.6851E+00  4.7538E+00  4.5556E+00
       4.6997E+00  4.9491E+00  4.8239E+00  4.7992E+00  4.9550E+00  4.8620E+00  4.9741E+00  4.7191E+00  4.7445E+00  4.8655E+00
       4.9374E+00  4.8572E+00  4.7786E+00  4.7574E+00  4.9496E+00  4.9800E+00  4.9481E+00  5.3257E+00  5.0527E+00  4.9678E+00
       5.0129E+00  4.9076E+00  5.1007E+00  5.1766E+00  5.2679E+00  5.1596E+00  5.3861E+00  5.6388E+00  5.2822E+00  5.3529E+00
       7.7976E+01  2.3248E+01  1.8965E+01  1.6117E+01  1.6359E+01  1.4655E+01  1.2388E+01  1.1344E+01  1.0225E+01  1.1010E+01
       9.7053E+00  9.2048E+00  8.6567E+00  7.8833E+00  8.0377E+00  7.5148E+00  7.9037E+00  7.1369E+00  7.2901E+00  6.3144E+00
       6.4809E+00  6.5988E+00  6.3891E+00  6.0931E+00  6.2871E+00  6.1793E+00  5.9979E+00  5.8709E+00  5.7510E+00  5.6565E+00
       5.0417E+00  5.5214E+00  5.4976E+00  5.1495E+00  5.3826E+00  5.2573E+00  5.1007E+00  5.0663E+00  5.0282E+00  4.9595E+00
       4.7271E+00  4.7062E+00  5.1951E+00  5.0323E+00  4.7895E+00  4.7739E+00  4.7809E+00  4.9071E+00  4.8454E+00  4.5716E+00
       4.5534E+00  4.5548E+00  4.7406E+00  4.6114E+00  4.5197E+00  4.8627E+00  4.6111E+00  4.6053E+00  4.4442E+00  4.5364E+00
       4.6643E+00  4.6912E+00  4.6102E+00  4.6292E+00  4.8918E+00  4.4818E+00  4.4538E+00  4.6143E+00  4.6843E+00  4.5899E+00
       4.6977E+00  4.6960E+00  4.8430E+00  4.3458E+00  4.9795E+00  4.4966E+00  4.5381E+00  4.4142E+00  4.6121E+00  4.9000E+00
       4.4678E+00  4.8085E+00  4.8847E+00  4.8547E+00  4.8136E+00  4.9804E+00  5.1347E+00  5.1390E+00  4.9455E+00  4.8101E+00
       4.8926E+00  5.0756E+00  4.9937E+00  4.9998E+00  4.9622E+00  5.1440E+00  5.4305E+00  5.1913E+00  5.2676E+00  5.1749E+00
       3.6826E+01  2.3345E+01  1.8637E+01  1.6229E+01  1.5039E+01  1.3553E+01  1.2337E+01  1.1810E+01  1.0467E+01  9.2888E+00
       9.5111E+00  9.5079E+00  8.3793E+00  8.2288E+00  7.7476E+00  7.8322E+00  7.3020E+00  6.8486E+00  7.0399E+00  6.5813E+00
       6.7731E+00  6.3169E+00  6.4594E+00  5.5039E+00  5.6743E+00  6.3828E+00  5.6949E+00  5.2546E+00  5.6020E+00  5.3028E+00
       5.3329E+00  5.2715E+00  5.2900E+00  5.0107E+00  5.2405E+00  4.9887E+00  5.0044E+00  5.2351E+00  5.1046E+00  4.6960E+00
       4.7808E+00  4.6995E+00  4.9026E+00  4.7858E+00  4.5295E+00  4.6071E+00  4.6686E+00  4.4037E+00  4.5644E+00  4.5918E+00
       4.7507E+00  4.7669E+00  4.5534E+00  4.5253E+00  4.5222E+00  4.6925E+00  4.6421E+00  4.2190E+00  4.4645E+00  4.6130E+00
       4.6204E+00  4.4749E+00  4.5450E+00  4.8471E+00  4.5133E+00  4.4751E+00  4.4939E+00  4.4527E+00  4.4463E+00  4.4732E+00
       4.6372E+00  4.6817E+00  4.3806E+00  4.8180E+00  4.9730E+00  4.7952E+00  4.4802E+00  4.6268E+00  4.3761E+00  4.6621E+00
       4.6285E+00  4.8107E+00  4.7958E+00  4.8312E+00  4.7868E+00  4.7782E+00  5.2016E+00  4.6547E+00  4.9180E+00  5.1628E+00
       5.0106E+00  5.1554E+00  4.8888E+00  5.0492E+00  5.1158E+00  5.0049E+00  5.1109E+00  4.9546E+00  5.2438E+00  5.2524E+00
       4.3722E+01  2.4550E+01  1.7223E+01  1.4570E+01  1.3905E+01  1.3086E+01  1.1799E+01  1.0467E+01  1.0876E+01  1.0555E+01
       9.4242E+00  8.8448E+00  8.5831E+00  7.6207E+00  7.9356E+00  7.4139E+00  6.8769E+00  7.0674E+00  7.1128E+00  6.5160E+00
       6.4151E+00  6.5822E+00  6.1986E+00  5.8148E+00  6.2839E+00  5.4911E+00  5.1975E+00  5.5868E+00  5.5154E+00  5.2773E+00
       5.3009E+00  5.2775E+00  5.0626E+00  5.1945E+00  4.8577E+00  4.9766E+00  4.9990E+00  4.9900E+00  4.9370E+00  4.9586E+00
       4.6555E+00  4.6396E+00  4.6461E+00  4.6914E+00  4.7225E+00  4.3298E+00  4.4914E+00  4.7078E+00  4.5236E+00  4.6690E+00
       4.3537E+00  4.6037E+00  4.5511E+00  4.5055E+00  4.6522E+00  4.6694E+00  4.3815E+00  4.4148E+00  4.2254E+00  4.4122E+00
       4.3990E+00  4.6060E+00  4.5777E+00  4.6340E+00  4.4429E+00  4.3748E+00  4.5808E+00  4.5073E+00  4.7562E+00  4.3531E+00
       4.5888E+00  4.4184E+00  4.8216E+00  4.4536E+00  4.7302E+00  4.7168E+00  4.4703E+00  4.5927E+00  4.6733E+00  4.8053E+00
       4.6902E+00  4.8836E+00  4.5711E+00  4.8948E+00  4.9236E+00  4.6971E+00  5.1725E+00  5.0779E+00  4.8668E+00  4.9758E+00
       4.8280E+00  5.0901E+00  4.8924E+00  4.8670E+00  4.8611E+00  4.9073E+00  5.0585E+00  5.2471E+00  5.1544E+00  5.0270E+00
       3.1837E+01  2.4584E+01  1.7908E+01  1.5467E+01  1.3733E+01  1.4346E+01  1.2622E+01  1.0750E+01  1.1664E+01  9.5568E+00
       8.4609E+00  8.6618E+00  8.1743E+00  8.5246E+00  7.8599E+00  7.6330E+00  7.0450E+00  6.9947E+00  6.7368E+00  6.7759E+00
       6.3216E+00  5.9288E+00  5.7852E+00  5.8554E+00  5.6871E+00  5.5960E+00  5.5250E+00  5.7256E+00  5.6215E+00  5.3522E+00
       5.3142E+00  4.9868E+00  4.9702E+00  4.8879E+00  4.8557E+00  5.0567E+00  4.9945E+00  4.6784E+00  4.6028E+00  4.9207E+00
       4.6107E+00  4.7169E+00  4.5892E+00  4.6321E+00  4.5105E+00  4.5370E+00  4.6984E+00  4.4346E+00  4.5758E+00  4.6530E+00
       4.2648E+00  4.5520E+00  4.4068E+00  4.4642E+00  4.5637E+00  4.4977E+00  4.2279E+00  4.3288E+00  4.4875E+00  4.4555E+00
       4.3248E+00  4.6348E+00  4.5219E+00  4.2519E+00  4.2193E+00  4.3356E+00  4.4690E+00  4.5356E+00  4.4535E+00  4.6949E+00
       4.4443E+00  4.6420E+00  4.2430E+00  4.5489E+00  4.4465E+00  4.5117E+00  4.5805E+00  4.7400E+00  4.4531E+00  4.6964E+00
       4.4081E+00  4.5796E+00  4.6356E+00  4.5923E+00  4.7326E+00  4.6033E+00  4.7030E+00  5.1997E+00  4.9844E+00  4.8591E+00
       4.6690E+00  4.9740E+00  4.8405E+00  4.9810E+00  4.6876E+00  4.9123E+00  4.8038E+00  4.9225E+00  5.1053E+00  4.9563E+00
       4.0035E+01  2.9043E+01  2.0497E+01  1.5000E+01  1.3572E+01  1.1028E+01  1.0967E+01  1.0026E+01  1.0158E+01  9.3120E+00
       9.4674E+00  8.1416E+00  8.3129E+00  7.5709E+00  7.1953E+00  7.1717E+00  7.3350E+00  6.7519E+00  6.4599E+00  6.1509E+00
       6.3060E+00  6.1049E+00  6.0510E+00  5.9141E+00  5.2353E+00  5.4240E+00  5.9371E+00  5.6837E+00  5.1207E+00  5.0251E+00
       5.2812E+00  4.9037E+00  4.9663E+00  4.9765E+00  4.7313E+00  4.5961E+00  4.8605E+00  4.7254E+00  4.6554E+00  4.6841E+00
       4.6186E+00  4.3965E+00  4.2920E+00  4.3611E+00  4.6091E+00  4.4365E+00  4.2407E+00  4.2155E+00  4.4223E+00  4.4809E+00
       4.4155E+00  4.5912E+00  4.5418E+00  4.2364E+00  4.3983E+00  4.3136E+00  4.3675E+00  4.3916E+00  4.5455E+00  4.0674E+00
       4.2228E+00  4.4545E+00  4.2908E+00  4.6754E+00  4.2382E+00  4.5501E+00  4.4546E+00  4.4254E+00  4.6380E+00  4.3152E+00
       4.4160E+00  4.4757E+00  4.5922E+00  4.3654E+00  4.6719E+00  4.5262E+00  4.5093E+00  4.5343E+00  4.2949E+00  4.2594E+00
       4.5960E+00  4.4982E+00  4.7348E+00  4.8953E+00  4.6706E+00  4.6933E+00  4.9664E+00  4.8128E+00  4.6804E+00  4.9762E+00
       4.7705E+00  5.1731E+00  4.7708E+00  4.7587E+00  4.9225E+00  4.7545E+00  5.0369E+00  4.9720E+00  4.9162E+00  5.1695E+00
       4.8395E+01  1.9866E+01  1.7870E+01  1.5800E+01  1.4644E+01  1.2105E+01  1.1483E+01  1.0973E+01  8.6725E+00  9.2206E+00
       9.1058E+00  8.1092E+00  7.6042E+00  6.8768E+00  7.1401E+00  6.9495E+00  7.2205E+00  6.5319E+00  6.4294E+00  5.9081E+00
       6.0484E+00  5.9613E+00  5.2107E+00  5.7484E+00  5.5182E+00  5.4211E+00  5.3597E+00  5.6039E+00  5.2212E+00  5.0165E+00
       5.0928E+00  5.0010E+00  4.8627E+00  4.6946E+00  4.8108E+00  4.8114E+00  4.7090E+00  4.2876E+00  4.6714E+00  4.4160E+00
       4.4730E+00  4.6632E+00  4.4417E+00  4.4441E+00  4.5728E+00  4.4208E+00  4.3465E+00  4.3834E+00  4.1674E+00  4.3230E+00
       4.1968E+00  4.3608E+00  4.5796E+00  4.1588E+00  4.3219E+00  4.3352E+00  4.4748E+00  4.2893E+00  4.2729E+00  4.1841E+00
       4.2987E+00  4.2826E+00  4.3759E+00  4.3073E+00  4.3767E+00  4.3895E+00  4.4621E+00  4.5396E+00  4.5120E+00  4.2529E+00
       4.4539E+00  4.6453E+00  4.6280E+00  4.3148E+00  4.5914E+00  4.4694E+00  4.4428E+00  4.6603E+00  4.5274E+00  4.4165E+00
       4.4470E+00  4.4621E+00  4.7677E+00  4.4017E+00  4.8268E+00  4.5921E+00  4.6472E+00  4.5926E+00  4.5632E+00  4.8412E+00
       4.7192E+00  4.7330E+00  4.7602E+00  4.7903E+00  4.8185E+00  4.8118E+00  4.7413E+00  5.2571E+00  5.0433E+00  4.8205E+00
       3.6577E+01  2.0063E+01  1.5842E+01  1.3922E+01  1.4646E+01  1.1672E+01  1.1386E+01  1.0511E+01  8.7964E+00  8.4734E+00
       8.6706E+00  7.9916E+00  7.6696E+00  7.4481E+00  7.2964E+00  6.6520E+00  6.4039E+00  6.4019E+00  6.1806E+00  5.8856E+00
       5.7102E+00  5.4120E+00  5.7170E+00  5.4002E+00  5.4661E+00  5.5164E+00  5.0099E+00  5.5936E+00  4.7508E+00  4.8067E+00
       5.0692E+00  4.9414E+00  4.8049E+00  4.7186E+00  4.5740E+00  4.5062E+00  4.5200E+00  4.5329E+00  4.4845E+00  4.6796E+00
       4.4565E+00  4.4196E+00  4.3102E+00  4.4862E+00  4.4471E+00  4.1744E+00  4.2753E+00  4.5368E+00  4.2987E+00  4.3379E+00
       4.4420E+00  4.2908E+00  4.2737E+00  4.1671E+00  4.0960E+00  4.0115E+00  4.4355E+00  4.0800E+00  4.1434E+00  4.2455E+00
       4.1400E+00  4.3176E+00  4.1925E+00  4.3932E+00  3.9544E+00  4.2712E+00  4.3832E+00  4.2625E+00  4.3359E+00  4.3404E+00
       4.1441E+00  4.1614E+00  4.2611E+00  4.3413E+00  4.2550E+00  4.3290E+00  4.2649E+00  4.3959E+00  4.4280E+00  4.2342E+00
       4.5192E+00  4.3149E+00  4.4674E+00  4.6082E+00  4.4882E+00  4.4200E+00  4.6047E+00  4.8813E+00  4.7869E+00  4.8783E+00
       4.7060E+00  4.8061E+00  4.5137E+00  4.7551E+00  4.7241E+00  4.9753E+00  4.8471E+00  4.9844E+00  4.8408E+00  5.3305E+00
       4.4439E+01  2.3220E+01  1.5115E+01  1.5016E+01  1.2065E+01  1.1316E+01  1.0018E+01  1.1953E+01  1.0096E+01  8.1140E+00
       8.3849E+00  7.5343E+00  7.1052E+00  6.5947E+00  6.9531E+00  6.5265E+00  6.6331E+00  6.2935E+00  6.1584E+00  5.7793E+00
       6.2401E+00  5.8482E+00  5.4553E+00  5.4563E+00  5.2081E+00  5.0415E+00  5.0791E+00  5.1735E+00  4.6691E+00  4.7803E+00
       4.7395E+00  4.7068E+00  4.7696E+00  4.7260E+00  4.7168E+00  4.8194E+00  4.4971E+00  4.5337E+00  4.3598E+00  4.3610E+00
       4.4618E+00  4.5347E+00  4.2902E+00  4.3727E+00  4.3043E+00  4.2935E+00  4.3671E+00  4.3136E+00  4.3784E+00  4.0716E+00
       4.4067E+00  4.2327E+00  3.9905E+00  4.1045E+00  4.4066E+00  4.3570E+00  4.2425E+00  4.1773E+00  4.1097E+00  4.2869E+00
       4.3392E+00  4.3185E+00  4.2355E+00  4.0540E+00  4.2886E+00  4.3321E+00  4.1003E+00  4.2103E+00  4.3432E+00  3.8662E+00
       4.3415E+00  4.1626E+00  4.2117E+00  4.2842E+00  4.4610E+00  4.2313E+00  4.0584E+00  4.1288E+00  4.0791E+00  4.2618E+00
       4.3288E+00  4.6210E+00  4.5440E+00  4.3552E+00  4.4458E+00  4.7449E+00  4.6121E+00  4.6368E+00  4.5261E+00  4.5779E+00
       4.6254E+00  4.6068E+00  4.7322E+00  4.6920E+00  4.7285E+00  4.7198E+00  4.7797E+00  4.9524E+00  4.9465E+00  4.8235E+00
       4.7275E+01  2.2325E+01  1.8644E+01  1.4573E+01  1.2316E+01  1.2405E+01  1.0433E+01  9.0562E+00  9.6337E+00  9.3834E+00
       9.1410E+00  7.3741E+00  7.1729E+00  7.5186E+00  6.8900E+00  6.8248E+00  6.5482E+00  6.4702E+00  5.6700E+00  5.5126E+00
       5.8305E+00  5.3296E+00  5.3715E+00  5.3145E+00  5.2435E+00  5.1208E+00  5.0891E+00  4.9576E+00  4.8788E+00  4.7585E+00
       4.6585E+00  4.7144E+00  4.6478E+00  4.4183E+00  4.4135E+00  4.5085E+00  4.5003E+00  4.2549E+00  4.2140E+00  4.2147E+00
       4.3998E+00  4.0618E+00  4.2769E+00  4.3204E+00  4.1085E+00  4.1079E+00  4.4735E+00  4.1900E+00  4.1275E+00  3.9884E+00
       4.2702E+00  4.3638E+00  4.1807E+00  4.1939E+00  4.2132E+00  4.0149E+00  4.1966E+00  4.0611E+00  4.3322E+00  4.2157E+00
       4.0688E+00  4.2045E+00  4.1695E+00  4.1047E+00  4.3395E+00  4.0497E+00  4.1843E+00  3.9728E+00  4.2259E+00  4.2297E+00
       4.3488E+00  4.2256E+00  4.3218E+00  4.0105E+00  4.4163E+00  4.0991E+00  4.1185E+00  4.2004E+00  4.3169E+00  4.3689E+00
       4.4006E+00  4.1005E+00  4.4031E+00  4.3697E+00  4.1638E+00  4.4445E+00  4.3333E+00  4.6156E+00  4.4506E+00  4.6481E+00
       4.5703E+00  4.5419E+00  4.6715E+00  4.7242E+00  4.4821E+00  4.9054E+00  4.8796E+00  4.7204E+00  4.5731E+00  4.6449E+00
       2.4557E+01  2.1138E+01  1.7118E+01  1.2843E+01  1.3195E+01  1.1344E+01  1.0570E+01  9.3742E+00  8.9268E+00  8.1756E+00
       7.9568E+00  8.1166E+00  7.3801E+00  7.8529E+00  6.6765E+00  6.5994E+00  6.3876E+00  6.1649E+00  5.8019E+00  5.8490E+00
       5.1968E+00  5.4880E+00  5.8325E+00  5.1549E+00  5.0184E+00  5.2028E+00  4.7398E+00  4.7299E+00  4.6452E+00  4.6689E+00
       4.9119E+00  4.5155E+00  4.6007E+00  4.5240E+00  4.2854E+00  4.3836E+00  4.1985E+00  4.1811E+00  4.4402E+00  4.4170E+00
       4.1492E+00  4.1554E+00  4.2469E+00  4.1150E+00  3.9383E+00  4.2058E+00  4.0768E+00  4.0709E+00  4.1685E+00  4.1387E+00
       3.9143E+00  3.9467E+00  4.0729E+00  3.9469E+00  4.1027E+00  4.0735E+00  3.9444E+00  4.0425E+00  3.9875E+00  4.1632E+00
       4.0138E+00  4.1187E+00  4.2217E+00  4.0544E+00  3.8418E+00  3.9548E+00  4.0350E+00  4.0805E+00  4.0976E+00  4.1877E+00
       4.1177E+00  4.2087E+00  4.1416E+00  4.0813E+00  4.2054E+00  4.2314E+00  4.1848E+00  4.0818E+00  4.1286E+00  4.2904E+00
       4.2837E+00  4.3688E+00  4.5368E+00  4.1366E+00  4.1546E+00  4.3842E+00  4.3932E+00  4.4046E+00  4.3066E+00  4.7237E+00
       4.4869E+00  4.6530E+00  4.6177E+00  4.7507E+00  4.5993E+00  4.6737E+00  4.7554E+00  4.6433E+00  4.7272E+00  4.9437E+00
       4.6542E+01  2.0851E+01  1.7068E+01  1.4170E+01  1.2456E+01  1.0867E+01  1.1831E+01  1.0064E+01  9.0976E+00  8.2934E+00
       7.8645E+00  7.4741E+00  6.9934E+00  7.2223E+00  6.4308E+00  5.9971E+00  5.9051E+00  5.9095E+00  5.8799E+00  5.6118E+00
       5.3813E+00  5.2378E+00  5.2036E+00  5.2980E+00  4.8616E+00  5.0354E+00  5.1150E+00  4.9320E+00  4.5622E+00  4.8770E+00
       4.6763E+00  4.4711E+00  4.2982E+00  4.2293E+00  4.1917E+00  4.1115E+00  4.3396E+00  4.1475E+00  4.1555E+00  4.3710E+00
       4.0065E+00  4.0247E+00  4.2955E+00  4.2380E+00  4.2512E+00  3.9477E+00  3.8266E+00  3.8585E+00  4.3063E+00  4.0062E+00
       3.9876E+00  3.9909E+00  3.9843E+00  3.8270E+00  3.7517E+00  3.9929E+00  4.2477E+00  4.0543E+00  3.8330E+00  3.9697E+00
       3.9928E+00  3.9005E+00  3.9237E+00  4.1837E+00  3.9491E+00  4.2131E+00  4.0539E+00  4.1759E+00  4.0449E+00  3.9732E+00
       4.1041E+00  4.1636E+00  4.2140E+00  4.0621E+00  4.1891E+00  4.1765E+00  4.2199E+00  4.2322E+00  4.0346E+00  4.3350E+00
       4.1777E+00  4.1554E+00  4.2815E+00  4.5338E+00  4.4081E+00  4.3711E+00  4.5195E+00  4.4002E+00  4.5346E+00  4.4788E+00
       4.4432E+00  4.6130E+00  4.4031E+00  4.5908E+00  4.6012E+00  4.9312E+00  4.9880E+00  4.5121E+00  4.7399E+00  4.8456E+00
       4.3450E+01  2.6875E+01  1.4439E+01  1.2928E+01  1.2001E+01  1.1086E+01  9.6119E+00  9.1232E+00  8.3556E+00  8.1940E+00
       7.6774E+00  7.4572E+00  7.0500E+00  6.7246E+00  6.2853E+00  5.9217E+00  6.4135E+00  5.9433E+00  5.6617E+00  5.5842E+00
       5.4179E+00  5.2120E+00  4.7541E+00  5.1743E+00  4.8552E+00  4.7743E+00  4.7430E+00  4.5369E+00  4.6117E+00  4.6069E+00
       4.3967E+00  4.3013E+00  4.2510E+00  4.2717E+00  4.3346E+00  4.2147E+00  4.3443E+00  4.2842E+00  4.2262E+00  4.0957E+00
       4.3643E+00  3.7793E+00  4.2293E+00  4.0016E+00  3.8410E+00  3.7946E+00  4.0628E+00  3.7450E+00  3.7066E+00  3.9259E+00
       4.1519E+00  3.7751E+00  3.9286E+00  3.9870E+00  3.9571E+00  4.0549E+00  3.7879E+00  3.8470E+00  3.8067E+00  4.1090E+00
       3.9650E+00  3.9249E+00  4.0119E+00  3.8926E+00  3.8193E+00  3.7906E+00  3.8566E+00  4.1937E+00  3.6977E+00  3.9042E+00
       4.0371E+00  4.1383E+00  3.9362E+00  4.2289E+00  4.0934E+00  3.8954E+00  4.2986E+00  4.2676E+00  4.2101E+00  4.0506E+00
       4.2680E+00  4.3721E+00  4.3392E+00  4.3287E+00  4.2878E+00  4.0689E+00  4.5016E+00  4.3708E+00  4.4027E+00  4.1064E+00
       4.3139E+00  4.2677E+00  4.6511E+00  4.3214E+00  4.3575E+00  4.6352E+00  4.7424E+00  4.5297E+00  4.7032E+00  4.7361E+00
       6.7931E+01  2.0009E+01  1.6526E+01  1.2786E+01  1.1837E+01  1.0039E+01  9.4021E+00  9.2013E+00  8.7334E+00  7.8965E+00
       7.7380E+00  7.2576E+00  6.5075E+00  6.6806E+00  6.7870E+00  6.2201E+00  5.8982E+00  5.9815E+00  6.0537E+00  5.4669E+00
       5.5199E+00  5.2660E+00  4.8187E+00  4.7282E+00  4.6130E+00  4.9358E+00  4.7126E+00  4.3043E+00  4.5885E+00  4.5362E+00
       4.4896E+00  4.2496E+00  4.2462E+00  4.0939E+00  4.2950E+00  4.3809E+00  4.1648E+00  4.1759E+00  4.2152E+00  4.0168E+00
       3.9723E+00  3.9394E+00  3.8151E+00  4.0369E+00  3.8343E+00  3.9936E+00  3.9137E+00  3.8845E+00  3.7882E+00  4.0022E+00
       3.7749E+00  3.9498E+00  3.8021E+00  3.7817E+00  3.6972E+00  3.8479E+00  3.8806E+00  3.8854E+00  3.8866E+00  3.7141E+00
       3.8752E+00  3.8324E+00  3.8445E+00  3.9855E+00  3.8524E+00  3.8373E+00  4.0877E+00  4.0751E+00  3.8676E+00  4.1581E+00
       4.1460E+00  3.8582E+00  4.1558E+00  4.1557E+00  3.9536E+00  4.0199E+00  4.0342E+00  4.2070E+00  4.2704E+00  3.9869E+00
       4.1771E+00  3.9800E+00  4.2635E+00  4.0320E+00  4.2522E+00  4.4041E+00  4.2098E+00  4.4143E+00  4.4725E+00  4.3123E+00
       4.2217E+00  4.4792E+00  4.6104E+00  4.6108E+00  4.5586E+00  4.4479E+00  4.6249E+00  4.6405E+00  4.7424E+00  4.4856E+00
       3.6170E+01  2.0246E+01  2.0725E+01  1.2362E+01  1.1140E+01  1.1113E+01  1.0132E+01  9.2576E+00  8.1411E+00  7.8552E+00
       7.0781E+00  6.9585E+00  6.8018E+00  6.9565E+00  6.1522E+00  6.1012E+00  5.8481E+00  6.0211E+00  5.7674E+00  5.0637E+00
       4.9918E+00  5.5123E+00  5.0902E+00  4.6926E+00  4.7275E+00  4.5533E+00  4.4983E+00  4.4720E+00  4.1880E+00  4.4104E+00
       4.3728E+00  4.1506E+00  4.1100E+00  4.2425E+00  4.1548E+00  3.8331E+00  4.0217E+00  4.1815E+00  4.0216E+00  3.9255E+00
       4.0438E+00  3.9632E+00  3.7229E+00  4.0414E+00  3.8355E+00  3.9115E+00  3.9107E+00  3.7260E+00  3.7230E+00  3.5869E+00
       3.6529E+00  3.8122E+00  3.8842E+00  3.9927E+00  3.5962E+00  3.9870E+00  3.7769E+00  3.8328E+00  3.7426E+00  3.8794E+00
       3.7603E+00  3.5768E+00  3.8181E+00  3.7248E+00  3.9449E+00  3.8339E+00  3.7591E+00  3.5854E+00  3.9179E+00  3.8686E+00
       3.9294E+00  3.9198E+00  3.8755E+00  4.1519E+00  3.9543E+00  4.1297E+00  4.1514E+00  3.8573E+00  4.0451E+00  3.9079E+00
       4.1560E+00  4.1863E+00  4.2270E+00  4.3807E+00  4.2764E+00  4.2186E+00  4.2378E+00  4.2639E+00  4.4164E+00  4.4025E+00
       4.4677E+00  4.1789E+00  4.4170E+00  4.5656E+00  4.5257E+00  4.2819E+00  4.6124E+00  4.4282E+00  4.6027E+00  4.6831E+00
       4.3130E+01  2.1681E+01  1.4485E+01  1.2288E+01  1.1137E+01  9.7096E+00  9.3981E+00  8.3549E+00  7.9037E+00  7.8358E+00
       7.1435E+00  7.0183E+00  6.8493E+00  6.1877E+00  6.0922E+00  6.2217E+00  5.7885E+00  5.3145E+00  5.6085E+00  5.3491E+00
       5.2559E+00  5.0029E+00  4.7238E+00  4.7186E+00  4.4647E+00  4.5844E+00  4.2889E+00  4.2435E+00  4.3280E+00  4.3946E+00
       4.2158E+00  3.9165E+00  4.1274E+00  4.1744E+00  4.1546E+00  4.0739E+00  3.7642E+00  4.0402E+00  4.0557E+00  3.6806E+00
       3.7267E+00  3.8069E+00  3.8947E+00  3.6663E+00  3.7917E+00  3.9294E+00  3.8637E+00  3.6829E+00  3.7622E+00  3.7804E+00
       3.7900E+00  3.7792E+00  3.8135E+00  3.5994E+00  3.7266E+00  3.7522E+00  3.8677E+00  3.6245E+00  3.7114E+00  3.6372E+00
       3.5980E+00  3.5979E+00  3.8279E+00  3.8546E+00  3.6715E+00  3.8461E+00  3.9251E+00  3.7604E+00  3.9876E+00  3.9180E+00
       4.0355E+00  3.9207E+00  3.6884E+00  3.8370E+00  3.9542E+00  4.0186E+00  3.8492E+00  3.9054E+00  4.1293E+00  4.0844E+00
       4.0794E+00  4.0394E+00  4.0659E+00  4.3789E+00  4.3021E+00  4.1439E+00  4.0406E+00  4.2822E+00  4.2963E+00  4.5649E+00
       4.4225E+00  4.3423E+00  4.3022E+00  4.4772E+00  4.3101E+00  4.5338E+00  4.4854E+00  4.6274E+00  4.7005E+00  4.6138E+00
       3.5181E+01  2.1952E+01  1.3275E+01  1.2193E+01  1.0860E+01  9.9638E+00  9.7611E+00  8.8719E+00  8.6491E+00  7.2863E+00
       6.8452E+00  6.7704E+00  6.2618E+00  6.4993E+00  6.2048E+00  5.6081E+00  5.5602E+00  5.2962E+00  4.8820E+00  4.9618E+00
       5.0668E+00  4.8013E+00  4.4855E+00  4.7943E+00  4.5641E+00  4.5340E+00  4.7060E+00  4.2678E+00  4.2104E+00  4.2136E+00
       4.2831E+00  4.0225E+00  4.1017E+00  4.1294E+00  3.8942E+00  4.0108E+00  4.0017E+00  3.5626E+00  3.7757E+00  3.7037E+00
       4.0243E+00  3.8551E+00  3.7882E+00  3.8619E+00  4.0194E+00  3.5857E+00  3.6359E+00  3.9619E+00  3.6657E+00  3.6887E+00
       3.6780E+00  3.7405E+00  3.6628E+00  3.5737E+00  3.6218E+00  3.7245E+00  3.5853E+00  3.5414E+00  3.7528E+00  3.6799E+00
       3.6528E+00  3.8727E+00  3.8713E+00  3.7524E+00  3.8056E+00  3.5811E+00  3.6640E+00  3.5959E+00  3.6299E+00  3.7130E+00
       3.6659E+00  3.8791E+00  3.8692E+00  3.9777E+00  3.7230E+00  4.1199E+00  4.0474E+00  3.9567E+00  3.7756E+00  4.0446E+00
       3.9034E+00  4.1318E+00  4.1062E+00  4.0927E+00  3.8795E+00  4.1854E+00  4.1159E+00  4.1264E+00  4.2126E+00  4.1939E+00
       4.2956E+00  4.2314E+00  4.2977E+00  4.2089E+00  4.3913E+00  4.3100E+00  4.2695E+00  4.2926E+00  4.5663E+00  4.2264E+00
       3.0792E+01  1.8585E+01  1.4623E+01  1.2863E+01  1.1284E+01  9.4931E+00  8.8913E+00  8.3479E+00  8.0560E+00  6.8509E+00
       7.0103E+00  6.4639E+00  6.5026E+00  6.0756E+00  5.7681E+00  5.3567E+00  5.3923E+00  5.1229E+00  5.1877E+00  4.8579E+00
       5.1410E+00  4.8683E+00  4.6203E+00  4.5338E+00  4.4195E+00  4.3556E+00  4.1875E+00  4.1212E+00  4.0529E+00  4.1272E+00
       4.2620E+00  3.9241E+00  4.0177E+00  3.7029E+00  3.8520E+00  3.9848E+00  3.8775E+00  3.9020E+00  3.8288E+00  3.7620E+00
       3.8610E+00  3.6584E+00  3.6949E+00  3.5121E+00  3.6996E+00  3.4786E+00  3.7615E+00  3.6208E+00  3.3607E+00  3.8432E+00
       3.4156E+00  3.6280E+00  3.6012E+00  3.4304E+00  3.6350E+00  3.6228E+00  3.4991E+00  3.4054E+00  3.4922E+00  3.5705E+00
       3.4638E+00  3.6066E+00  3.6395E+00  3.8932E+00  3.6137E+00  3.6978E+00  3.8647E+00  3.7201E+00  3.5829E+00  3.8616E+00
       3.7358E+00  3.7915E+00  3.7812E+00  3.7789E+00  3.8230E+00  4.0173E+00  3.6193E+00  3.8175E+00  3.9306E+00  4.0641E+00
       3.9311E+00  4.0311E+00  3.9572E+00  4.1217E+00  3.9132E+00  3.7007E+00  4.0697E+00  4.1385E+00  4.1844E+00  4.2389E+00
       3.9813E+00  4.5527E+00  4.2937E+00  4.5042E+00  4.3608E+00  4.4085E+00  4.2708E+00  4.1862E+00  4.2669E+00  4.5331E+00
       4.5456E+01  2.2981E+01  1.3395E+01  1.2449E+01  1.0473E+01  1.0274E+01  9.2199E+00  8.4361E+00  8.3074E+00  7.2603E+00
       6.8303E+00  6.4722E+00  6.4473E+00  5.8880E+00  5.8191E+00  5.4465E+00  5.1271E+00  5.4496E+00  5.1395E+00  4.7174E+00
       4.8031E+00  4.6863E+00  4.4297E+00  4.3308E+00  4.4160E+00  4.5043E+00  4.2559E+00  4.0946E+00  4.1874E+00  4.0450E+00
       4.0111E+00  3.9765E+00  3.8656E+00  3.9321E+00  3.8672E+00  3.9004E+00  3.6242E+00  3.7730E+00  3.6150E+00  3.6609E+00
       3.4460E+00  3.8069E+00  3.5454E+00  3.4114E+00  3.5356E+00  3.6014E+00  3.5320E+00  3.6098E+00  3.5861E+00  3.4488E+00
       3.4691E+00  3.4967E+00  3.5609E+00  3.5801E+00  3.4883E+00  3.6919E+00  3.4754E+00  3.5003E+00  3.8843E+00  3.4270E+00
       3.6542E+00  3.5283E+00  3.6604E+00  3.7584E+00  3.6471E+00  3.8252E+00  3.5047E+00  3.6157E+00  3.9033E+00  3.7518E+00
       3.6608E+00  3.9181E+00  3.5748E+00  3.6511E+00  3.8278E+00  3.8297E+00  3.8137E+00  3.7553E+00  3.8704E+00  4.0001E+00
       3.7683E+00  3.8974E+00  3.7269E+00  3.8088E+00  4.0242E+00  3.9671E+00  3.8034E+00  4.0896E+00  4.3289E+00  4.2142E+00
       4.0859E+00  3.9203E+00  4.3182E+00  4.0704E+00  4.3607E+00  4.4081E+00  4.1846E+00  4.4908E+00  4.2169E+00  4.4412E+00
       3.2014E+01  1.9058E+01  1.3475E+01  1.1374E+01  1.0285E+01  9.7852E+00  8.5968E+00  7.9426E+00  6.9011E+00  7.4799E+00
       6.3862E+00  6.4695E+00  6.1116E+00  5.8375E+00  5.5191E+00  5.4858E+00  5.3807E+00  5.3644E+00  5.0702E+00  4.5088E+00
       4.3827E+00  4.4537E+00  4.2442E+00  4.5193E+00  4.3076E+00  4.0886E+00  4.3325E+00  4.1725E+00  4.0835E+00  3.9631E+00
       3.9764E+00  3.7519E+00  3.9196E+00  3.7824E+00  3.6935E+00  3.7104E+00  3.7260E+00  3.5903E+00  3.7492E+00  3.6339E+00
       3.4444E+00  3.5809E+00  3.5925E+00  3.7048E+00  3.5574E+00  3.5051E+00  3.4639E+00  3.5927E+00  3.4988E+00  3.6684E+00
       3.5138E+00  3.5006E+00  3.5760E+00  3.4449E+00  3.5693E+00  3.4886E+00  3.7109E+00  3.6571E+00  3.5673E+00  3.4399E+00
       3.6740E+00  3.6304E+00  3.7709E+00  3.7619E+00  3.7655E+00  3.4554E+00  3.6477E+00  3.6035E+00  3.7691E+00  3.6492E+00
       3.7704E+00  3.6285E+00  3.7139E+00  3.5619E+00  3.7788E+00  3.7651E+00  3.6827E+00  3.8714E+00  3.8599E+00  3.7371E+00
       3.8711E+00  3.9173E+00  3.8818E+00  3.9139E+00  3.9029E+00  4.0231E+00  3.9327E+00  4.0352E+00  3.9476E+00  4.0727E+00
       4.2154E+00  4.2828E+00  4.2477E+00  4.1969E+00  4.0308E+00  4.0572E+00  4.2815E+00  4.5971E+00  4.4229E+00  4.3446E+00
       3.1844E+01  1.7552E+01  1.2736E+01  1.0605E+01  1.0512E+01  9.3073E+00  7.7769E+00  8.4022E+00  8.1190E+00  6.9427E+00
       6.7011E+00  6.1460E+00  5.4342E+00  5.5946E+00  5.5242E+00  5.1996E+00  5.1888E+00  4.8866E+00  4.7586E+00  4.6601E+00
       4.7303E+00  4.3904E+00  4.2428E+00  4.2863E+00  4.3290E+00  4.0847E+00  4.2512E+00  4.1653E+00  3.9427E+00  3.7829E+00
       3.8315E+00  3.8848E+00  3.6155E+00  3.9070E+00  3.7433E+00  3.7852E+00  3.6872E+00  3.5850E+00  3.4974E+00  3.5993E+00
       3.5224E+00  3.5494E+00  3.5322E+00  3.6821E+00  3.4693E+00  3.3316E+00  3.5468E+00  3.4033E+00  3.2392E+00  3.4642E+00
       3.4719E+00  3.5270E+00  3.4159E+00  3.4154E+00  3.4066E+00  3.4843E+00  3.5343E+00  3.4756E+00  3.3537E+00  3.5521E+00
       3.5482E+00  3.5586E+00  3.4523E+00  3.5821E+00  3.5419E+00  3.4052E+00  3.7051E+00  3.5607E+00  3.5314E+00  3.8458E+00
       3.5805E+00  3.4522E+00  3.6572E+00  3.7703E+00  3.5168E+00  3.8069E+00  3.6952E+00  3.8766E+00  3.7228E+00  3.9090E+00
       4.1287E+00  3.7824E+00  3.8069E+00  3.9093E+00  4.0837E+00  3.9592E+00  3.9538E+00  3.8685E+00  3.9487E+00  4.2871E+00
       4.1768E+00  4.0091E+00  4.0594E+00  4.2381E+00  4.2545E+00  4.1698E+00  4.2844E+00  4.4124E+00  4.3094E+00  4.4419E+00
       3.0054E+01  1.6195E+01  1.3444E+01  1.1621E+01  9.5248E+00  8.1902E+00  8.6912E+00  7.4890E+00  7.7686E+00  6.9572E+00
       6.4408E+00  5.9844E+00  5.7734E+00  5.5643E+00  5.4893E+00  4.7844E+00  5.1296E+00  4.9928E+00  4.7271E+00  4.5552E+00
       4.3242E+00  4.5125E+00  4.2413E+00  4.1963E+00  4.1077E+00  4.1707E+00  3.9292E+00  3.7491E+00  3.8375E+00  3.7158E+00
       3.6240E+00  3.7856E+00  3.6659E+00  3.5272E+00  3.4701E+00  3.6669E+00  3.6888E+00  3.6428E+00  3.7291E+00  3.4418E+00
       3.5228E+00  3.5817E+00  3.1832E+00  3.3073E+00  3.4311E+00  3.5298E+00  3.4576E+00  3.3095E+00  3.3185E+00  3.4177E+00
       3.3566E+00  3.4424E+00  3.4117E+00  3.6132E+00  3.4145E+00  3.4563E+00  3.5025E+00  3.4158E+00  3.4807E+00  3.5876E+00
       3.4060E+00  3.4837E+00  3.4651E+00  3.4087E+00  3.3787E+00  3.3536E+00  3.5029E+00  3.5229E+00  3.5147E+00  3.3847E+00
       3.7314E+00  3.6607E+00  3.6557E+00  3.6417E+00  3.8772E+00  3.7204E+00  3.7768E+00  3.7026E+00  3.7932E+00  3.6632E+00
       3.8285E+00  3.6747E+00  3.8565E+00  4.0815E+00  3.7120E+00  4.0204E+00  3.8470E+00  4.1005E+00  3.8033E+00  4.0797E+00
       3.9706E+00  4.2236E+00  3.8028E+00  4.1585E+00  4.0453E+00  4.0564E+00  4.3136E+00  4.4391E+00  4.1098E+00  4.2568E+00
       3.3898E+01  1.6425E+01  1.2476E+01  1.0768E+01  1.0600E+01  8.8640E+00  8.2127E+00  7.8290E+00  7.2229E+00  6.9411E+00
       6.4480E+00  6.1959E+00  5.5253E+00  5.2342E+00  5.2009E+00  4.8271E+00  5.1739E+00  5.0871E+00  4.5720E+00  4.6404E+00
       4.3473E+00  4.4925E+00  4.0737E+00  4.2349E+00  4.0357E+00  3.7547E+00  3.7367E+00  3.9959E+00  3.6634E+00  3.6760E+00
       3.9372E+00  3.5751E+00  3.6300E+00  3.5274E+00  3.5578E+00  3.4465E+00  3.3699E+00  3.5638E+00  3.4344E+00  3.3167E+00
       3.4232E+00  3.5625E+00  3.4778E+00  3.3637E+00  3.3506E+00  3.3163E+00  3.3698E+00  3.3247E+00  3.2096E+00  3.3519E+00
       3.3698E+00  3.3988E+00  3.3985E+00  3.3227E+00  3.4172E+00  3.4677E+00  3.3295E+00  3.2986E+00  3.3958E+00  3.2366E+00
       3.4000E+00  3.3064E+00  3.3615E+00  3.3712E+00  3.6335E+00  3.3512E+00  3.4197E+00  3.4402E+00  3.4084E+00  3.4782E+00
       3.4999E+00  3.6352E+00  3.7656E+00  3.5062E+00  3.7168E+00  3.4332E+00  3.5390E+00  3.6408E+00  3.6280E+00  3.6250E+00
       3.8134E+00  3.6274E+00  3.7865E+00  3.7489E+00  3.6042E+00  4.1031E+00  3.9500E+00  3.9314E+00  3.8833E+00  3.9048E+00
       3.8204E+00  4.1008E+00  3.8429E+00  4.3130E+00  4.1068E+00  4.2143E+00  4.1900E+00  3.9829E+00  4.2559E+00  4.4200E+00
       3.2705E+01  1.8000E+01  1.4597E+01  1.1814E+01  9.1923E+00  8.3458E+00  7.7390E+00  7.0560E+00  6.6188E+00  6.3643E+00
       6.1721E+00  5.8571E+00  5.5967E+00  5.7136E+00  5.4182E+00  4.9064E+00  4.7763E+00  4.4452E+00  4.4231E+00  4.4226E+00
       4.2724E+00  4.3489E+00  4.1100E+00  3.7784E+00  4.1443E+00  3.9437E+00  3.9494E+00  3.7778E+00  3.7485E+00  3.5232E+00
       3.6325E+00  3.7088E+00  3.5646E+00  3.3504E+00  3.5318E+00  3.5891E+00  3.3442E+00  3.4486E+00  3.3664E+00  3.3230E+00
       3.1160E+00  3.2096E+00  3.2719E+00  3.2286E+00  3.2143E+00  3.3075E+00  3.4835E+00  3.3539E+00  3.1908E+00  3.2621E+00
       3.1605E+00  3.2196E+00  3.4016E+00  3.2367E+00  3.2689E+00  3.4322E+00  3.2190E+00  3.3040E+00  3.2071E+00  3.4269E+00
       3.3248E+00  3.4162E+00  3.2889E+00  3.3181E+00  3.4032E+00  3.2788E+00  3.4129E+00  3.5514E+00  3.6306E+00  3.4837E+00
       3.3439E+00  3.4588E+00  3.5685E+00  3.6022E+00  3.7090E+00  3.5874E+00  3.5652E+00  3.6354E+00  3.7271E+00  3.6439E+00
       3.9201E+00  3.6150E+00  3.6574E+00  3.8184E+00  3.7812E+00  3.6142E+00  3.7903E+00  3.8227E+00  3.9916E+00  3.8641E+00
       3.7832E+00  4.2016E+00  4.0558E+00  4.0138E+00  4.2185E+00  4.1463E+00  4.1414E+00  3.9878E+00  4.2617E+00  4.4421E+00
       3.0861E+01  1.5795E+01  1.4791E+01  9.6841E+00  9.3027E+00  8.2468E+00  7.7651E+00  7.2001E+00  6.1605E+00  6.1409E+00
       6.0201E+00  5.4530E+00  5.4858E+00  5.1190E+00  5.2989E+00  4.8663E+00  4.4974E+00  4.7279E+00  4.3853E+00  4.2179E+00
       4.0741E+00  3.9230E+00  4.0234E+00  3.8514E+00  3.9334E+00  3.7677E+00  3.6115E+00  3.6945E+00  3.5016E+00  3.5234E+00
       3.4933E+00  3.4383E+00  3.3064E+00  3.4264E+00  3.3203E+00  3.3741E+00  3.4844E+00  3.3959E+00  3.4752E+00  3.3002E+00
       3.1830E+00  3.1958E+00  3.2353E+00  3.0858E+00  3.2430E+00  3.1760E+00  3.2246E+00  3.0828E+00  3.0770E+00  3.0282E+00
       3.2035E+00  3.2215E+00  3.3594E+00  3.2348E+00  3.2482E+00  3.2706E+00  3.3344E+00  3.0920E+00  3.4094E+00  3.2808E+00
       3.3889E+00  3.3347E+00  3.2850E+00  3.3717E+00  3.2918E+00  3.2810E+00  3.3158E+00  3.2989E+00  3.3839E+00  3.6570E+00
       3.5494E+00  3.5582E+00  3.4426E+00  3.4649E+00  3.5665E+00  3.6123E+00  3.5445E+00  3.6288E+00  3.6522E+00  3.5226E+00
       3.7752E+00  3.8376E+00  3.9262E+00  3.9089E+00  3.6560E+00  3.7246E+00  3.8456E+00  3.6937E+00  4.0441E+00  3.8861E+00
       3.9384E+00  3.9968E+00  4.2923E+00  3.7877E+00  4.0895E+00  4.1596E+00  4.0929E+00  4.1540E+00  3.9753E+00  4.0629E+00
       2.7857E+01  1.5713E+01  1.3170E+01  1.0187E+01  9.4488E+00  7.9554E+00  7.7613E+00  7.4451E+00  6.6258E+00  6.3448E+00
       5.7854E+00  5.4855E+00  5.3145E+00  5.1116E+00  4.8996E+00  4.8715E+00  4.4901E+00  4.5764E+00  4.4263E+00  4.2317E+00
       4.1131E+00  4.0073E+00  3.9467E+00  3.8192E+00  3.6469E+00  3.7098E+00  3.6802E+00  3.6192E+00  3.5069E+00  3.5727E+00
       3.4585E+00  3.3014E+00  3.3848E+00  3.1496E+00  3.3999E+00  3.2687E+00  3.3449E+00  3.2728E+00  3.3389E+00  3.3214E+00
       3.3287E+00  3.0958E+00  3.2603E+00  3.1525E+00  3.1477E+00  3.1107E+00  3.0535E+00  3.0628E+00  3.2077E+00  3.2909E+00
       3.2161E+00  3.3004E+00  3.3653E+00  3.4042E+00  3.2170E+00  3.3121E+00  3.1053E+00  3.1697E+00  3.1311E+00  3.3179E+00
       3.2641E+00  3.3818E+00  3.1983E+00  3.2765E+00  3.2768E+00  3.4238E+00  3.3459E+00  3.2192E+00  3.3082E+00  3.4169E+00
       3.3239E+00  3.4078E+00  3.4611E+00  3.4797E+00  3.7376E+00  3.4754E+00  3.5606E+00  3.5289E+00  3.5534E+00  3.5784E+00
       3.6033E+00  3.5184E+00  3.4977E+00  3.7328E+00  3.7420E+00  3.8083E+00  3.6657E+00  3.7201E+00  3.8078E+00  3.8761E+00
       3.8255E+00  3.9065E+00  3.9670E+00  4.0771E+00  3.9613E+00  4.1523E+00  4.1852E+00  4.0712E+00  4.0282E+00  4.0874E+00
       3.4382E+01  1.5785E+01  1.1027E+01  1.1617E+01  9.3100E+00  7.9366E+00  7.7679E+00  7.2417E+00  7.0176E+00  6.3663E+00
       6.0647E+00  5.6637E+00  5.0023E+00  4.7251E+00  4.5736E+00  4.5473E+00  4.5109E+00  4.1237E+00  4.1932E+00  4.1774E+00
       4.0606E+00  3.7877E+00  3.7755E+00  3.8177E+00  3.5286E+00  3.7030E+00  3.6863E+00  3.5545E+00  3.4894E+00  3.4297E+00
       3.1972E+00  3.3590E+00  3.2027E+00  3.2660E+00  3.1672E+00  3.1907E+00  3.2126E+00  3.1237E+00  3.3212E+00  3.1458E+00
       3.0475E+00  3.3237E+00  3.1773E+00  3.3122E+00  3.1160E+00  3.1776E+00  3.1818E+00  3.1826E+00  3.1746E+00  3.0553E+00
       3.0359E+00  3.2302E+00  3.0985E+00  3.0769E+00  3.1746E+00  3.2867E+00  3.1608E+00  3.1192E+00  3.1867E+00  3.0655E+00
       3.2523E+00  3.1792E+00  3.2574E+00  3.3385E+00  3.3897E+00  3.1819E+00  3.2434E+00  3.2838E+00  3.2515E+00  3.2770E+00
       3.4881E+00  3.4537E+00  3.4316E+00  3.4038E+00  3.4900E+00  3.5549E+00  3.6348E+00  3.3751E+00  3.4823E+00  3.6215E+00
       3.7387E+00  3.6203E+00  3.5651E+00  3.7675E+00  3.6700E+00  3.7600E+00  3.5385E+00  3.6869E+00  3.8101E+00  3.8661E+00
       3.5535E+00  3.8404E+00  3.9892E+00  4.1841E+00  3.9994E+00  4.0102E+00  4.0891E+00  4.1813E+00  4.0735E+00  4.2594E+00
       3.3747E+01  1.5992E+01  1.1781E+01  9.8469E+00  9.1308E+00  7.3127E+00  7.7264E+00  6.9560E+00  6.3947E+00  6.2965E+00
       6.0003E+00  5.2189E+00  4.8348E+00  4.8133E+00  4.5553E+00  4.4251E+00  4.5090E+00  4.4345E+00  4.0768E+00  4.0598E+00
       3.9073E+00  3.7210E+00  3.7399E+00  3.6405E+00  3.5578E+00  3.4180E+00  3.5957E+00  3.3653E+00  3.3917E+00  3.3825E+00
       3.2707E+00  3.3391E+00  3.3004E+00  3.3387E+00  3.2496E+00  3.2669E+00  3.1244E+00  3.2137E+00  3.1206E+00  3.2925E+00
       3.1725E+00  3.0525E+00  3.1955E+00  3.1707E+00  2.9980E+00  3.0777E+00  3.1900E+00  2.8442E+00  3.0322E+00  3.0428E+00
       3.1833E+00  3.1079E+00  3.0231E+00  3.2260E+00  3.1391E+00  3.0700E+00  3.2380E+00  3.0771E+00  3.0289E+00  3.1291E+00
       3.2025E+00  3.1271E+00  3.1534E+00  3.1022E+00  3.2419E+00  3.1042E+00  3.1472E+00  3.2273E+00  3.1431E+00  3.2089E+00
       3.3568E+00  3.3642E+00  3.4510E+00  3.4599E+00  3.3851E+00  3.5718E+00  3.4975E+00  3.3876E+00  3.5768E+00  3.4652E+00
       3.4779E+00  3.5059E+00  3.5382E+00  3.7180E+00  3.5762E+00  3.6282E+00  3.6371E+00  3.5151E+00  3.6544E+00  3.7873E+00
       3.9548E+00  3.8900E+00  3.8695E+00  3.8241E+00  3.7928E+00  3.8057E+00  4.1425E+00  4.1235E+00  3.9774E+00  4.0513E+00
       2.9954E+01  1.5070E+01  1.1488E+01  1.0087E+01  9.0939E+00  7.7170E+00  7.5903E+00  6.5160E+00  6.0216E+00  5.7404E+00
       5.3688E+00  5.3836E+00  5.3751E+00  4.9724E+00  4.3908E+00  4.6222E+00  4.2600E+00  4.2208E+00  3.9241E+00  3.8799E+00
       3.9074E+00  3.7103E+00  3.7219E+00  3.5526E+00  3.6074E+00  3.3919E+00  3.3707E+00  3.2922E+00  3.3184E+00  3.2530E+00
       3.1450E+00  3.3481E+00  3.1740E+00  3.1664E+00  3.1217E+00  3.2480E+00  3.1375E+00  3.0404E+00  2.8580E+00  2.9550E+00
       2.9899E+00  2.9427E+00  3.0482E+00  2.9830E+00  3.1127E+00  2.9838E+00  2.9764E+00  2.9904E+00  3.0962E+00  2.9947E+00
       2.8947E+00  2.9274E+00  3.1038E+00  3.1659E+00  2.8432E+00  3.0850E+00  3.0873E+00  3.0972E+00  2.9606E+00  3.0463E+00
       3.0896E+00  2.9503E+00  3.1413E+00  3.2121E+00  3.0615E+00  3.0116E+00  3.0518E+00  3.1216E+00  3.3530E+00  3.1206E+00
       3.3728E+00  3.3536E+00  3.2869E+00  3.2977E+00  3.5018E+00  3.3281E+00  3.2857E+00  3.4613E+00  3.4691E+00  3.5766E+00
       3.4831E+00  3.5443E+00  3.5000E+00  3.5597E+00  3.4738E+00  3.4872E+00  3.7387E+00  3.5516E+00  3.8807E+00  3.8209E+00
       3.6888E+00  3.6931E+00  3.7298E+00  3.8123E+00  3.7175E+00  3.7437E+00  3.9698E+00  3.8837E+00  3.9983E+00  3.9184E+00
       3.3675E+01  1.5170E+01  1.3445E+01  9.3994E+00  9.1676E+00  7.2327E+00  7.1938E+00  6.6707E+00  5.9930E+00  5.5129E+00
       5.4179E+00  5.1369E+00  4.9927E+00  4.7513E+00  4.4178E+00  4.5976E+00  4.1213E+00  4.2446E+00  3.9719E+00  3.6961E+00
       3.9818E+00  3.6998E+00  3.6250E+00  3.4097E+00  3.3238E+00  3.2726E+00  3.4145E+00  3.3306E+00  3.0505E+00  3.1319E+00
       3.2628E+00  3.0594E+00  3.1402E+00  3.1688E+00  3.1274E+00  3.0677E+00  3.0572E+00  3.0883E+00  2.9941E+00  2.8726E+00
       3.0185E+00  2.9502E+00  3.0001E+00  2.9462E+00  3.0334E+00  2.9955E+00  2.9795E+00  2.9280E+00  2.8593E+00  2.9693E+00
       2.8957E+00  3.0232E+00  3.0541E+00  2.9653E+00  3.1131E+00  2.9389E+00  3.1013E+00  2.7572E+00  3.0452E+00  3.0543E+00
       3.0615E+00  3.0096E+00  3.0204E+00  3.2648E+00  2.9753E+00  3.2412E+00  3.0902E+00  3.3999E+00  3.0526E+00  3.2608E+00
       3.2302E+00  3.1547E+00  3.3024E+00  3.2736E+00  3.3795E+00  3.1727E+00  3.3762E+00  3.4513E+00  3.5060E+00  3.3824E+00
       3.3894E+00  3.5036E+00  3.4868E+00  3.5182E+00  3.6881E+00  3.6505E+00  3.5907E+00  3.6560E+00  3.6562E+00  3.5719E+00
       3.6596E+00  3.6632E+00  3.8619E+00  3.8716E+00  4.0453E+00  3.9034E+00  3.9510E+00  4.0231E+00  4.0352E+00  3.9413E+00
       2.9590E+01  1.4447E+01  1.1052E+01  9.0119E+00  8.2510E+00  7.1218E+00  6.1322E+00  6.6037E+00  6.3437E+00  5.4118E+00
       5.5370E+00  5.0243E+00  4.3813E+00  4.4542E+00  4.3146E+00  4.1258E+00  4.1772E+00  4.1152E+00  3.6690E+00  3.6170E+00
       3.7139E+00  3.6966E+00  3.3204E+00  3.4235E+00  3.3624E+00  3.5078E+00  3.1963E+00  3.2654E+00  3.2397E+00  3.1620E+00
       2.9987E+00  3.1378E+00  3.0490E+00  3.0097E+00  3.1396E+00  3.0549E+00  2.8918E+00  2.9434E+00  3.0540E+00  2.8618E+00
       2.8287E+00  2.9570E+00  2.8926E+00  2.8741E+00  2.8652E+00  2.9811E+00  2.9268E+00  3.0043E+00  2.8321E+00  2.8447E+00
       2.9814E+00  3.0077E+00  3.0165E+00  3.0694E+00  2.9395E+00  3.0441E+00  2.9310E+00  3.0226E+00  2.9283E+00  3.0271E+00
       3.0173E+00  2.9247E+00  3.1395E+00  3.1850E+00  3.0640E+00  2.9742E+00  3.2042E+00  3.1336E+00  3.2673E+00  3.1649E+00
       3.1438E+00  3.2132E+00  3.1316E+00  3.1343E+00  3.3753E+00  3.1697E+00  3.2143E+00  3.2811E+00  3.4082E+00  3.4507E+00
       3.2900E+00  3.4375E+00  3.2882E+00  3.6521E+00  3.3721E+00  3.5395E+00  3.6052E+00  3.5537E+00  3.6150E+00  3.6774E+00
       3.4888E+00  3.8298E+00  3.6072E+00  4.0040E+00  3.8129E+00  3.7559E+00  3.8559E+00  4.0399E+00  3.8562E+00  3.8314E+00
       2.3544E+01  1.3962E+01  1.1466E+01  9.2383E+00  7.6252E+00  7.0154E+00  6.2338E+00  6.1090E+00  5.8115E+00  5.4598E+00
       4.9601E+00  4.7646E+00  4.5024E+00  4.4676E+00  4.2984E+00  4.1901E+00  3.8040E+00  3.7381E+00  3.6188E+00  3.4894E+00
       3.5495E+00  3.4959E+00  3.4410E+00  3.3363E+00  3.3456E+00  3.1758E+00  3.1623E+00  3.1958E+00  3.0650E+00  3.0197E+00
       3.0437E+00  2.9578E+00  3.0266E+00  3.1672E+00  3.0055E+00  3.0944E+00  3.1098E+00  2.8182E+00  2.9917E+00  2.6630E+00
       2.8513E+00  3.1496E+00  2.8309E+00  2.8599E+00  2.8356E+00  2.8199E+00  2.8435E+00  2.8687E+00  2.7574E+00  2.8206E+00
       2.9975E+00  2.9625E+00  2.8983E+00  2.8774E+00  2.8894E+00  2.9043E+00  2.9696E+00  2.9883E+00  3.0532E+00  3.0778E+00
       3.0742E+00  3.0876E+00  3.0997E+00  2.9504E+00  3.1963E+00  2.8982E+00  2.9859E+00  3.0843E+00  3.1582E+00  3.2125E+00
       3.1018E+00  3.1500E+00  3.3638E+00  3.2486E+00  3.3667E+00  3.3297E+00  3.1540E+00  3.1939E+00  3.3207E+00  3.2798E+00
       3.4298E+00  3.6025E+00  3.3322E+00  3.5907E+00  3.4742E+00  3.4583E+00  3.5897E+00  3.5454E+00  3.7675E+00  3.6454E+00
       3.7589E+00  3.7210E+00  3.6246E+00  3.7926E+00  3.6050E+00  3.8530E+00  3.9486E+00  3.8019E+00  3.7374E+00  4.1352E+00
       2.9709E+01  1.4023E+01  9.8415E+00  9.5079E+00  7.7577E+00  7.2280E+00  6.5721E+00  6.0321E+00  5.5635E+00  5.2996E+00
       4.9855E+00  4.7138E+00  4.2579E+00  4.2044E+00  4.1470E+00  4.0378E+00  3.7260E+00  3.7255E+00  3.5726E+00  3.6439E+00
       3.4369E+00  3.4201E+00  3.3060E+00  3.3562E+00  3.1778E+00  3.2573E+00  3.1127E+00  2.9958E+00  3.0900E+00  2.9777E+00
       3.0002E+00  2.7760E+00  2.9311E+00  2.9884E+00  2.8003E+00  2.8181E+00  2.8704E+00  2.8208E+00  2.8447E+00  2.6590E+00
       2.8886E+00  2.8305E+00  2.8703E+00  2.7401E+00  2.8461E+00  2.7342E+00  2.7053E+00  2.8226E+00  2.9758E+00  2.9095E+00
       2.8252E+00  2.9072E+00  2.9097E+00  2.9112E+00  2.8562E+00  3.1565E+00  2.9368E+00  2.9371E+00  2.8975E+00  2.9667E+00
       3.0427E+00  2.8849E+00  3.0325E+00  3.0005E+00  3.0477E+00  3.1017E+00  3.0520E+00  2.9962E+00  3.0317E+00  3.1126E+00
       3.1381E+00  3.1321E+00  3.0100E+00  3.1550E+00  3.1144E+00  3.2650E+00  3.3074E+00  3.2225E+00  3.3667E+00  3.2727E+00
       3.2964E+00  3.3082E+00  3.3328E+00  3.4489E+00  3.5348E+00  3.2707E+00  3.6021E+00  3.6374E+00  3.6438E+00  3.6501E+00
       3.5457E+00  3.7220E+00  3.6263E+00  3.6408E+00  3.6252E+00  3.8204E+00  3.9823E+00  4.0262E+00  3.8616E+00  4.0620E+00
       2.7736E+01  1.5384E+01  1.0567E+01  8.9610E+00  8.1145E+00  7.0342E+00  6.4566E+00  6.1225E+00  5.6775E+00  5.1916E+00
       4.9258E+00  4.5878E+00  4.5711E+00  4.1112E+00  4.0297E+00  3.8547E+00  3.9113E+00  3.6348E+00  3.5405E+00  3.4160E+00
       3.4437E+00  3.3636E+00  3.2482E+00  3.1907E+00  3.1446E+00  3.1510E+00  3.0571E+00  3.0465E+00  2.9619E+00  3.0162E+00
       2.9832E+00  2.9748E+00  2.8332E+00  2.8746E+00  2.8813E+00  2.7987E+00  2.7371E+00  2.7684E+00  2.7227E+00  2.8447E+00
       2.7978E+00  2.7566E+00  2.8024E+00  2.7721E+00  2.8437E+00  2.6852E+00  2.7936E+00  2.8243E+00  2.7522E+00  2.8967E+00
       2.8115E+00  2.7852E+00  2.8749E+00  2.9777E+00  2.9237E+00  2.8751E+00  2.9115E+00  2.8959E+00  2.8582E+00  2.9859E+00
       2.8346E+00  2.8684E+00  2.9445E+00  2.9944E+00  3.0002E+00  2.9899E+00  2.8866E+00  3.0829E+00  2.9698E+00  3.0266E+00
       2.9724E+00  2.9917E+00  3.2129E+00  3.2356E+00  3.1375E+00  3.1117E+00  3.1509E+00  3.2499E+00  3.2750E+00  3.2987E+00
       3.2437E+00  3.3364E+00  3.2782E+00  3.4269E+00  3.4298E+00  3.5341E+00  3.4244E+00  3.3980E+00  3.4882E+00  3.5372E+00
       3.5281E+00  3.7695E+00  3.9424E+00  3.6163E+00  3.7519E+00  3.5605E+00  3.7315E+00  3.8849E+00  4.0122E+00  3.9750E+00
       2.5747E+01  1.2914E+01  9.9628E+00  8.6486E+00  7.4780E+00  6.8877E+00  6.3095E+00  5.9418E+00  5.3317E+00  5.1224E+00
       4.9890E+00  4.6556E+00  4.3453E+00  4.0855E+00  4.0447E+00  3.8735E+00  3.7792E+00  3.6277E+00  3.4267E+00  3.5730E+00
       3.4748E+00  3.2772E+00  3.1068E+00  3.2376E+00  3.1834E+00  3.1625E+00  3.0021E+00  2.9042E+00  2.9973E+00  2.8871E+00
       2.8750E+00  2.8664E+00  2.7101E+00  2.7896E+00  2.7112E+00  2.7783E+00  2.6855E+00  2.9148E+00  2.7043E+00  2.8909E+00
       2.6456E+00  2.8298E+00  2.8482E+00  2.7688E+00  2.8113E+00  2.6889E+00  2.7191E+00  2.7762E+00  2.6963E+00  2.6341E+00
       2.7221E+00  2.6239E+00  2.6649E+00  2.8523E+00  2.6645E+00  2.8352E+00  2.8066E+00  2.7979E+00  2.8212E+00  2.8568E+00
       2.7740E+00  3.0458E+00  2.8032E+00  2.8763E+00  2.9181E+00  3.0856E+00  2.9212E+00  3.1210E+00  2.9517E+00  2.9216E+00
       3.0607E+00  2.9531E+00  3.0074E+00  3.1678E+00  2.9545E+00  3.2160E+00  3.0754E+00  3.3759E+00  3.3553E+00  3.1362E+00
       3.2999E+00  3.3772E+00  3.2128E+00  3.4061E+00  3.5076E+00  3.3618E+00  3.4272E+00  3.4157E+00  3.4858E+00  3.5124E+00
       3.5615E+00  3.5617E+00  3.6175E+00  3.7442E+00  3.6999E+00  3.5837E+00  3.5764E+00  3.9345E+00  3.8343E+00  3.9950E+00
       2.9204E+01  1.2840E+01  9.7901E+00  8.0230E+00  7.0746E+00  6.9371E+00  6.0480E+00  6.4425E+00  5.2505E+00  4.9239E+00
       4.6284E+00  4.3636E+00  4.2890E+00  4.2442E+00  3.7866E+00  3.5907E+00  3.8976E+00  3.4328E+00  3.5425E+00  3.4758E+00
       3.1719E+00  3.0984E+00  3.0418E+00  3.0954E+00  2.9493E+00  2.8642E+00  2.9364E+00  2.8845E+00  2.8185E+00  2.7432E+00
       2.7334E+00  2.8298E+00  2.7202E+00  2.6626E+00  2.8084E+00  2.8984E+00  2.6059E+00  2.7029E+00  2.6855E+00  2.6334E+00
       2.5988E+00  2.6488E+00  2.6548E+00  2.5249E+00  2.7947E+00  2.7924E+00  2.6958E+00  2.6225E+00  2.6243E+00  2.5668E+00
       2.6232E+00  2.6659E+00  2.7204E+00  2.7787E+00  2.8200E+00  2.7380E+00  2.8076E+00  2.8740E+00  2.8386E+00  2.8775E+00
       2.8040E+00  2.7540E+00  2.7674E+00  3.0225E+00  2.8373E+00  2.9002E+00  2.9314E+00  3.0423E+00  3.0189E+00  2.9196E+00
       2.8989E+00  2.8944E+00  2.9758E+00  2.9573E+00  3.1699E+00  3.1891E+00  3.3570E+00  3.2796E+00  3.1404E+00  3.1895E+00
       3.2284E+00  3.2823E+00  3.2591E+00  3.3126E+00  3.2738E+00  3.4639E+00  3.3631E+00  3.3494E+00  3.4642E+00  3.4169E+00
       3.3796E+00  3.5705E+00  3.3587E+00  3.6754E+00  3.5794E+00  3.7380E+00  3.6929E+00  3.7792E+00  3.8438E+00  3.7597E+00
       2.0097E+01  1.2179E+01  9.6486E+00  8.7364E+00  6.8386E+00  6.7143E+00  6.3089E+00  5.2341E+00  4.9110E+00  4.7700E+00
       4.5810E+00  4.1503E+00  4.1303E+00  3.9176E+00  3.7331E+00  3.7108E+00  3.7072E+00  3.4268E+00  3.2570E+00  3.2834E+00
       3.2580E+00  3.0491E+00  2.9358E+00  3.1526E+00  2.9832E+00  2.8800E+00  2.8831E+00  2.8498E+00  2.8674E+00  2.6909E+00
       2.7904E+00  2.6596E+00  2.7065E+00  2.6700E+00  2.6683E+00  2.6168E+00  2.6389E+00  2.6024E+00  2.6329E+00  2.5524E+00
       2.5520E+00  2.5781E+00  2.6609E+00  2.6284E+00  2.6308E+00  2.5353E+00  2.6424E+00  2.5409E+00  2.7831E+00  2.6968E+00
       2.5770E+00  2.7086E+00  2.5868E+00  2.6276E+00  2.7107E+00  2.6527E+00  2.7476E+00  2.7371E+00  2.8701E+00  2.8255E+00
       2.8445E+00  2.9167E+00  2.8201E+00  2.7714E+00  2.7415E+00  2.8866E+00  2.8739E+00  2.9170E+00  2.8572E+00  2.9404E+00
       2.9403E+00  2.9133E+00  3.1553E+00  2.9999E+00  3.1833E+00  3.1024E+00  3.1333E+00  3.2615E+00  3.2882E+00  3.1604E+00
       3.2714E+00  3.3939E+00  3.3434E+00  3.2793E+00  3.4140E+00  3.4479E+00  3.3869E+00  3.5381E+00  3.5591E+00  3.5726E+00
       3.4354E+00  3.5063E+00  3.4882E+00  3.5533E+00  3.7256E+00  3.7203E+00  3.6422E+00  3.6460E+00  3.8079E+00  3.8086E+00
       2.8022E+01  1.4327E+01  9.7666E+00  8.1172E+00  6.9495E+00  6.6569E+00  5.8460E+00  5.4970E+00  5.1779E+00  4.5221E+00
       4.5355E+00  4.1964E+00  4.0352E+00  3.8219E+00  3.3908E+00  3.6496E+00  3.3603E+00  3.3481E+00  3.2324E+00  3.2254E+00
       3.1059E+00  2.9965E+00  2.8882E+00  3.0023E+00  2.7220E+00  2.7696E+00  2.7119E+00  2.7651E+00  2.6712E+00  2.6917E+00
       2.7705E+00  2.6420E+00  2.6507E+00  2.5615E+00  2.6457E+00  2.6901E+00  2.6735E+00  2.6679E+00  2.6044E+00  2.5545E+00
       2.6594E+00  2.7157E+00  2.5720E+00  2.6883E+00  2.5506E+00  2.5851E+00  2.7225E+00  2.6331E+00  2.5648E+00  2.6638E+00
       2.4935E+00  2.5541E+00  2.6186E+00  2.5400E+00  2.7278E+00  2.6334E+00  2.7239E+00  2.6938E+00  2.7123E+00  2.6656E+00
       2.7048E+00  2.6982E+00  2.8540E+00  2.8182E+00  2.6612E+00  2.6907E+00  2.9555E+00  2.9122E+00  2.9165E+00  2.9426E+00
       3.0772E+00  2.9192E+00  3.0910E+00  3.0325E+00  3.0123E+00  3.0345E+00  3.1284E+00  3.1137E+00  3.2813E+00  3.2285E+00
       3.1637E+00  3.1945E+00  3.3250E+00  3.1511E+00  3.2200E+00  3.2539E+00  3.3541E+00  3.5006E+00  3.4895E+00  3.5805E+00
       3.5058E+00  3.5728E+00  3.4716E+00  3.4297E+00  3.4681E+00  3.5856E+00  3.5283E+00  3.6012E+00  3.5846E+00  3.7639E+00
       1.8750E+01  1.2889E+01  9.0048E+00  7.4789E+00  7.3983E+00  6.6023E+00  5.7864E+00  5.3007E+00  4.8407E+00  4.4091E+00
       4.1989E+00  3.9588E+00  3.9041E+00  3.7826E+00  3.6622E+00  3.3920E+00  3.4178E+00  3.2020E+00  3.2834E+00  3.0676E+00
       2.9561E+00  3.0332E+00  2.9702E+00  2.9015E+00  2.8256E+00  2.9006E+00  2.6234E+00  2.6483E+00  2.6875E+00  2.6243E+00
       2.6535E+00  2.5905E+00  2.6216E+00  2.5065E+00  2.5895E+00  2.7578E+00  2.6202E+00  2.4855E+00  2.5886E+00  2.5597E+00
       2.4783E+00  2.4624E+00  2.5256E+00  2.5289E+00  2.6155E+00  2.5431E+00  2.5139E+00  2.5355E+00  2.5400E+00  2.4839E+00
       2.4668E+00  2.6056E+00  2.4694E+00  2.5900E+00  2.5882E+00  2.5948E+00  2.6738E+00  2.5205E+00  2.7325E+00  2.7663E+00
       2.8342E+00  2.6376E+00  2.7649E+00  2.7236E+00  2.7308E+00  2.7063E+00  2.8716E+00  2.8568E+00  2.9574E+00  2.7855E+00
       2.9966E+00  2.9046E+00  3.0311E+00  3.0369E+00  3.0018E+00  2.9714E+00  2.9985E+00  2.9532E+00  3.0709E+00  3.0973E+00
       3.2229E+00  3.1582E+00  3.3601E+00  3.2968E+00  3.2041E+00  3.2465E+00  3.0951E+00  3.4053E+00  3.3780E+00  3.4548E+00
       3.4786E+00  3.3625E+00  3.4631E+00  3.5503E+00  3.6575E+00  3.5996E+00  3.7450E+00  3.7269E+00  3.7688E+00  3.7332E+00
       2.2556E+01  1.1301E+01  9.5836E+00  7.6269E+00  7.3181E+00  5.9460E+00  5.6120E+00  5.0589E+00  4.7452E+00  4.3840E+00
       4.1804E+00  4.1410E+00  3.8305E+00  3.6628E+00  3.4311E+00  3.3754E+00  3.3754E+00  3.1136E+00  3.0557E+00  3.0217E+00
       2.9472E+00  2.9361E+00  2.8139E+00  2.7371E+00  2.7579E+00  2.6889E+00  2.6950E+00  2.6358E+00  2.5491E+00  2.5711E+00
       2.4931E+00  2.4802E+00  2.5259E+00  2.6588E+00  2.4003E+00  2.5378E+00  2.4773E+00  2.4721E+00  2.5079E+00  2.4472E+00
       2.4862E+00  2.5055E+00  2.5559E+00  2.5331E+00  2.3348E+00  2.3221E+00  2.5705E+00  2.4900E+00  2.5741E+00  2.4691E+00
       2.5158E+00  2.5878E+00  2.5102E+00  2.5629E+00  2.5356E+00  2.5733E+00  2.6500E+00  2.5530E+00  2.5842E+00  2.6382E+00
       2.6739E+00  2.7981E+00  2.7859E+00  2.6614E+00  2.6551E+00  2.6413E+00  2.8081E+00  2.8792E+00  2.8127E+00  2.7644E+00
       2.8666E+00  2.8348E+00  3.0425E+00  2.8112E+00  2.8959E+00  3.0613E+00  3.0673E+00  3.1128E+00  3.1641E+00  3.1618E+00
       3.2447E+00  3.1942E+00  3.2447E+00  3.1646E+00  3.1564E+00  3.1747E+00  3.1934E+00  3.3166E+00  3.2939E+00  3.4134E+00
       3.3856E+00  3.4625E+00  3.3819E+00  3.5012E+00  3.2900E+00  3.6169E+00  3.6732E+00  3.7553E+00  3.6791E+00  3.5032E+00
       1.7903E+01  1.2013E+01  9.0978E+00  6.9439E+00  6.5459E+00  5.9096E+00  5.2494E+00  5.2695E+00  4.7886E+00  4.4802E+00
       3.9932E+00  4.0152E+00  3.7047E+00  3.5314E+00  3.3451E+00  3.4296E+00  3.3318E+00  3.2469E+00  3.0332E+00  3.0179E+00
       2.8465E+00  2.7743E+00  2.7600E+00  2.7393E+00  2.6248E+00  2.6560E+00  2.7045E+00  2.6295E+00  2.6242E+00  2.5139E+00
       2.6235E+00  2.4476E+00  2.4947E+00  2.5902E+00  2.4076E+00  2.4090E+00  2.4969E+00  2.3993E+00  2.4430E+00  2.5328E+00
       2.3689E+00  2.4586E+00  2.4205E+00  2.4460E+00  2.4779E+00  2.3515E+00  2.4307E+00  2.3794E+00  2.5337E+00  2.4630E+00
       2.5398E+00  2.5355E+00  2.3720E+00  2.6603E+00  2.5717E+00  2.4835E+00  2.6081E+00  2.6691E+00  2.7274E+00  2.6921E+00
       2.6846E+00  2.7025E+00  2.7447E+00  2.6212E+00  2.7793E+00  2.8242E+00  2.6919E+00  2.7395E+00  2.8620E+00  2.8548E+00
       2.8676E+00  2.8523E+00  2.9517E+00  3.1340E+00  2.9284E+00  2.8836E+00  3.0279E+00  3.0059E+00  2.9827E+00  3.1152E+00
       3.1259E+00  3.1980E+00  3.1343E+00  3.2434E+00  2.9151E+00  3.2821E+00  3.1078E+00  3.2729E+00  3.3193E+00  3.4265E+00
       3.5921E+00  3.4492E+00  3.6583E+00  3.5043E+00  3.6960E+00  3.3495E+00  3.6809E+00  3.7861E+00  3.4944E+00  3.8938E+00
       2.4096E+01  1.3139E+01  8.5624E+00  7.0239E+00  6.3004E+00  5.7028E+00  5.2354E+00  4.6617E+00  4.4708E+00  4.2681E+00
       4.1124E+00  3.8112E+00  3.6456E+00  3.3510E+00  3.2248E+00  2.9629E+00  2.9944E+00  2.8908E+00  2.8957E+00  2.8160E+00
       2.7441E+00  2.7423E+00  2.6842E+00  2.6503E+00  2.6992E+00  2.6122E+00  2.5707E+00  2.4753E+00  2.4622E+00  2.5053E+00
       2.4531E+00  2.4974E+00  2.3853E+00  2.4363E+00  2.4451E+00  2.3779E+00  2.5514E+00  2.5656E+00  2.3857E+00  2.3848E+00
       2.3890E+00  2.2427E+00  2.4328E+00  2.4968E+00  2.4547E+00  2.4387E+00  2.4609E+00  2.5268E+00  2.4711E+00  2.4290E+00
       2.4934E+00  2.4924E+00  2.4631E+00  2.5634E+00  2.5268E+00  2.4913E+00  2.5354E+00  2.5435E+00  2.6739E+00  2.6014E+00
       2.5904E+00  2.6286E+00  2.6379E+00  2.6899E+00  2.6915E+00  2.6825E+00  2.7266E+00  2.7551E+00  2.8378E+00  2.7439E+00
       2.8606E+00  2.7517E+00  2.7684E+00  2.8426E+00  2.9432E+00  2.9228E+00  2.9448E+00  2.8402E+00  2.8554E+00  2.9359E+00
       2.9369E+00  3.1980E+00  3.0586E+00  2.9607E+00  3.1010E+00  3.2436E+00  3.1389E+00  3.2823E+00  3.2075E+00  3.3512E+00
       3.4780E+00  3.3040E+00  3.3991E+00  3.4208E+00  3.3794E+00  3.4723E+00  3.4053E+00  3.6823E+00  3.4546E+00  3.5272E+00
       2.2736E+01  1.0477E+01  8.4110E+00  7.7363E+00  6.3629E+00  5.6531E+00  5.2448E+00  4.5589E+00  4.6266E+00  4.0808E+00
       3.8394E+00  3.6087E+00  3.4520E+00  3.2622E+00  3.3734E+00  3.1411E+00  3.0138E+00  2.8470E+00  2.8007E+00  2.5745E+00
       2.6859E+00  2.5794E+00  2.6843E+00  2.6310E+00  2.5528E+00  2.5162E+00  2.5643E+00  2.5052E+00  2.4059E+00  2.4552E+00
       2.4060E+00  2.3246E+00  2.4611E+00  2.3992E+00  2.3162E+00  2.4336E+00  2.2823E+00  2.3228E+00  2.4293E+00  2.2792E+00
       2.4058E+00  2.3368E+00  2.3491E+00  2.3702E+00  2.2159E+00  2.3176E+00  2.4259E+00  2.4506E+00  2.4329E+00  2.3829E+00
       2.4960E+00  2.3582E+00  2.4651E+00  2.4349E+00  2.5198E+00  2.4957E+00  2.5396E+00  2.5420E+00  2.4131E+00  2.5101E+00
       2.5192E+00  2.5841E+00  2.6849E+00  2.5408E+00  2.5797E+00  2.5161E+00  2.6609E+00  2.8326E+00  2.7456E+00  2.7237E+00
       2.7542E+00  2.8769E+00  2.7247E+00  2.8887E+00  2.9702E+00  2.7726E+00  2.9059E+00  2.9714E+00  2.9555E+00  2.9050E+00
       3.0962E+00  2.9811E+00  3.0409E+00  3.0717E+00  3.1107E+00  3.3603E+00  3.2598E+00  3.3425E+00  3.3752E+00  3.3019E+00
       3.3395E+00  3.2387E+00  3.4806E+00  3.4017E+00  3.3813E+00  3.4277E+00  3.4900E+00  3.5978E+00  3.6057E+00  3.5512E+00
       2.0675E+01  9.2966E+00  8.2754E+00  6.9798E+00  6.4071E+00  5.5290E+00  5.2558E+00  4.5003E+00  4.2836E+00  3.9286E+00
       3.7907E+00  3.5466E+00  3.4431E+00  3.1188E+00  3.1981E+00  3.1067E+00  2.9003E+00  2.8196E+00  2.7786E+00  2.6992E+00
       2.5862E+00  2.6254E+00  2.5797E+00  2.4019E+00  2.4423E+00  2.4882E+00  2.4969E+00  2.4236E+00  2.2955E+00  2.3916E+00
       2.3008E+00  2.3125E+00  2.2852E+00  2.2990E+00  2.3364E+00  2.2237E+00  2.4052E+00  2.2272E+00  2.4150E+00  2.3918E+00
       2.2988E+00  2.3718E+00  2.3156E+00  2.3273E+00  2.3016E+00  2.3343E+00  2.3923E+00  2.3742E+00  2.2922E+00  2.2835E+00
       2.3163E+00  2.3257E+00  2.5336E+00  2.4573E+00  2.3529E+00  2.4674E+00  2.4418E+00  2.4399E+00  2.4333E+00  2.5440E+00
       2.5091E+00  2.4902E+00  2.5633E+00  2.5798E+00  2.6115E+00  2.4103E+00  2.6438E+00  2.7088E+00  2.7023E+00  2.8080E+00
       2.7508E+00  2.7946E+00  2.8914E+00  2.8309E+00  2.7088E+00  2.8232E+00  2.8677E+00  3.0836E+00  2.9041E+00  3.0763E+00
       2.7679E+00  2.8898E+00  2.9742E+00  3.0903E+00  3.1768E+00  3.3234E+00  3.1764E+00  3.2203E+00  3.1398E+00  3.2551E+00
       3.2007E+00  3.3438E+00  3.3236E+00  3.4813E+00  3.3337E+00  3.3750E+00  3.4625E+00  3.4843E+00  3.4953E+00  3.4880E+00
       2.1561E+01  1.0643E+01  7.6060E+00  7.1812E+00  5.7461E+00  5.2457E+00  4.8230E+00  4.4517E+00  4.2414E+00  3.6619E+00
       3.7676E+00  3.5634E+00  3.2883E+00  3.1665E+00  2.9715E+00  2.9188E+00  2.8668E+00  2.7304E+00  2.6663E+00  2.6574E+00
       2.7035E+00  2.4253E+00  2.5067E+00  2.5312E+00  2.4254E+00  2.4676E+00  2.3786E+00  2.3569E+00  2.2993E+00  2.3398E+00
       2.2793E+00  2.3149E+00  2.3428E+00  2.3102E+00  2.2672E+00  2.2714E+00  2.3230E+00  2.1699E+00  2.2769E+00  2.1872E+00
       2.2724E+00  2.2212E+00  2.3452E+00  2.3161E+00  2.2906E+00  2.2901E+00  2.3934E+00  2.2561E+00  2.2974E+00  2.2463E+00
       2.2998E+00  2.3632E+00  2.3689E+00  2.4550E+00  2.3009E+00  2.5344E+00  2.3904E+00  2.4898E+00  2.4557E+00  2.4272E+00
       2.5237E+00  2.4074E+00  2.5132E+00  2.4117E+00  2.6797E+00  2.5692E+00  2.5851E+00  2.6047E+00  2.7004E+00  2.7194E+00
       2.7027E+00  2.7505E+00  2.6777E+00  2.6991E+00  2.7094E+00  2.8095E+00  2.8764E+00  2.9905E+00  3.0213E+00  3.0164E+00
       3.0301E+00  2.8446E+00  3.0223E+00  3.2316E+00  2.9674E+00  2.9195E+00  3.2341E+00  3.2439E+00  3.1648E+00  3.0608E+00
       3.2683E+00  3.4103E+00  3.1893E+00  3.3382E+00  3.5307E+00  3.5162E+00  3.3855E+00  3.5861E+00  3.6666E+00  3.6470E+00
       1.9908E+01  1.0040E+01  7.6614E+00  6.7534E+00  5.8219E+00  5.3831E+00  4.8037E+00  4.3866E+00  3.8610E+00  3.7775E+00
       3.5195E+00  3.4293E+00  3.2821E+00  3.1730E+00  2.8813E+00  2.9319E+00  2.7180E+00  2.6950E+00  2.5447E+00  2.6015E+00
       2.5189E+00  2.5209E+00  2.4518E+00  2.4389E+00  2.4141E+00  2.2942E+00  2.3434E+00  2.2968E+00  2.3048E+00  2.2943E+00
       2.3226E+00  2.1648E+00  2.2067E+00  2.2151E+00  2.2086E+00  2.2152E+00  2.2331E+00  2.1121E+00  2.2288E+00  2.1928E+00
       2.1593E+00  2.2513E+00  2.1681E+00  2.2361E+00  2.2016E+00  2.2940E+00  2.2669E+00  2.4430E+00  2.2998E+00  2.4017E+00
       2.3710E+00  2.3056E+00  2.4057E+00  2.3625E+00  2.2690E+00  2.3871E+00  2.4063E+00  2.3427E+00  2.3898E+00  2.4324E+00
       2.4469E+00  2.4268E+00  2.4305E+00  2.4680E+00  2.4909E+00  2.5761E+00  2.5668E+00  2.5927E+00  2.6270E+00  2.6261E+00
       2.6944E+00  2.7055E+00  2.8302E+00  2.8699E+00  2.7604E+00  2.9254E+00  2.9201E+00  2.8779E+00  3.0124E+00  2.9134E+00
       2.7933E+00  2.8852E+00  3.0403E+00  3.0213E+00  3.2295E+00  3.0602E+00  3.1596E+00  3.0766E+00  3.1610E+00  3.2512E+00
       3.3004E+00  3.1544E+00  3.3346E+00  3.2175E+00  3.4129E+00  3.1737E+00  3.3555E+00  3.5641E+00  3.4930E+00  3.5292E+00
       1.5874E+01  1.0339E+01  7.6946E+00  6.5679E+00  5.3464E+00  4.8317E+00  4.4191E+00  4.3324E+00  3.8935E+00  3.6463E+00
       3.4240E+00  3.3788E+00  3.2339E+00  2.8556E+00  2.8894E+00  2.8186E+00  2.7565E+00  2.6064E+00  2.4529E+00  2.5422E+00
       2.5014E+00  2.4946E+00  2.3560E+00  2.2625E+00  2.3579E+00  2.2625E+00  2.3724E+00  2.2356E+00  2.1959E+00  2.1147E+00
       2.1925E+00  2.3114E+00  2.1421E+00  2.2060E+00  2.1837E+00  2.0988E+00  2.2442E+00  2.0871E+00  2.1535E+00  2.1007E+00
       2.1675E+00  2.2344E+00  2.2017E+00  2.2306E+00  2.2055E+00  2.3164E+00  2.3103E+00  2.2010E+00  2.2065E+00  2.2980E+00
       2.3767E+00  2.3046E+00  2.3578E+00  2.3057E+00  2.3520E+00  2.3542E+00  2.3173E+00  2.4138E+00  2.4266E+00  2.4498E+00
       2.3737E+00  2.4365E+00  2.4384E+00  2.5090E+00  2.4734E+00  2.4440E+00  2.5288E+00  2.6532E+00  2.5541E+00  2.6172E+00
       2.5492E+00  2.5628E+00  2.6329E+00  2.6742E+00  2.6638E+00  2.6981E+00  2.7628E+00  2.9604E+00  2.9167E+00  2.8923E+00
       2.9795E+00  3.0499E+00  2.8525E+00  2.9033E+00  2.9652E+00  3.1296E+00  3.0392E+00  3.1474E+00  3.2184E+00  3.2538E+00
       3.1680E+00  3.1999E+00  3.3076E+00  3.3689E+00  3.2808E+00  3.4325E+00  3.4305E+00  3.3280E+00  3.4467E+00  3.3499E+00
       1.5532E+01  9.8488E+00  7.1677E+00  6.1925E+00  5.3965E+00  5.1326E+00  4.3698E+00  4.2049E+00  3.7542E+00  3.5393E+00
       3.3427E+00  3.1006E+00  2.9367E+00  2.8529E+00  2.8377E+00  2.7089E+00  2.6133E+00  2.5518E+00  2.5533E+00  2.3579E+00
       2.4306E+00  2.2903E+00  2.4300E+00  2.3226E+00  2.2975E+00  2.1897E+00  2.2099E+00  2.2091E+00  2.1472E+00  2.1833E+00
       2.2321E+00  2.1007E+00  2.0828E+00  2.0760E+00  2.0658E+00  2.1677E+00  2.3203E+00  2.0882E+00  2.1004E+00  2.1203E+00
       2.1232E+00  2.1338E+00  2.1115E+00  2.1536E+00  2.2441E+00  2.2145E+00  2.1998E+00  2.2118E+00  2.2070E+00  2.2229E+00
       2.2593E+00  2.3164E+00  2.2558E+00  2.3221E+00  2.3335E+00  2.3461E+00  2.2831E+00  2.3532E+00  2.3406E+00  2.3621E+00
       2.3830E+00  2.3431E+00  2.4396E+00  2.5262E+00  2.4599E+00  2.5029E+00  2.5508E+00  2.5872E+00  2.6413E+00  2.6726E+00
       2.6459E+00  2.6911E+00  2.5864E+00  2.6951E+00  2.7779E+00  2.7655E+00  2.7276E+00  2.7270E+00  2.7866E+00  2.8585E+00
       2.9891E+00  2.9573E+00  3.0348E+00  3.0080E+00  2.9666E+00  3.0057E+00  3.0655E+00  3.1019E+00  3.3049E+00  3.2386E+00
       3.0580E+00  3.1917E+00  3.2356E+00  3.3221E+00  3.1554E+00  3.3968E+00  3.3179E+00  3.4629E+00  3.4624E+00  3.5297E+00
       1.6241E+01  9.5734E+00  7.2624E+00  6.0781E+00  5.0191E+00  4.7111E+00  4.2515E+00  4.0125E+00  3.8161E+00  3.3074E+00
       3.3465E+00  2.9974E+00  2.9251E+00  2.8698E+00  2.7884E+00  2.6319E+00  2.5143E+00  2.5180E+00  2.3069E+00  2.3513E+00
       2.2753E+00  2.2354E+00  2.1550E+00  2.2346E+00  2.1045E+00  2.2837E+00  2.1389E+00  2.1369E+00  2.1003E+00  2.0828E+00
       2.0474E+00  2.1112E+00  2.1196E+00  2.0846E+00  2.0563E+00  2.0432E+00  2.0462E+00  2.1144E+00  2.0771E+00  2.0151E+00
       2.0830E+00  2.0346E+00  2.1251E+00  1.9959E+00  2.1399E+00  2.1629E+00  2.1737E+00  2.1588E+00  2.1883E+00  2.1445E+00
       2.1832E+00  2.1914E+00  2.2755E+00  2.1681E+00  2.2736E+00  2.2317E+00  2.2901E+00  2.3433E+00  2.4020E+00  2.4318E+00
       2.2962E+00  2.2912E+00  2.5187E+00  2.5732E+00  2.4305E+00  2.4269E+00  2.3729E+00  2.4775E+00  2.6967E+00  2.4874E+00
       2.6640E+00  2.6653E+00  2.6665E+00  2.7201E+00  2.6366E+00  2.6359E+00  2.7313E+00  2.9649E+00  2.7515E+00  2.9363E+00
       2.9298E+00  2.8596E+00  2.8176E+00  3.0721E+00  2.9721E+00  3.0691E+00  3.0087E+00  3.0854E+00  2.9850E+00  3.1618E+00
       3.1708E+00  3.1590E+00  3.3758E+00  3.2354E+00  3.2890E+00  3.4643E+00  3.2278E+00  3.3424E+00  3.4381E+00  3.4326E+00
       1.6682E+01  9.1739E+00  6.5216E+00  5.7411E+00  5.1045E+00  4.5419E+00  4.1714E+00  3.7195E+00  3.6097E+00  3.4470E+00
       3.2380E+00  2.7962E+00  3.0345E+00  2.7482E+00  2.6365E+00  2.5198E+00  2.4362E+00  2.3323E+00  2.4344E+00  2.2998E+00
       2.2048E+00  2.2686E+00  2.2419E+00  2.2278E+00  2.1461E+00  2.1568E+00  2.0514E+00  2.0356E+00  2.0754E+00  2.0362E+00
       2.1002E+00  2.0422E+00  2.0880E+00  2.1289E+00  2.0068E+00  2.0837E+00  2.0485E+00  2.0893E+00  2.1131E+00  2.0200E+00
       2.0295E+00  2.1054E+00  2.1291E+00  2.0169E+00  2.1652E+00  2.0993E+00  2.0787E+00  2.0741E+00  2.1114E+00  2.1435E+00
       2.1414E+00  2.0815E+00  2.2083E+00  2.1806E+00  2.2406E+00  2.3492E+00  2.3645E+00  2.1867E+00  2.3185E+00  2.3099E+00
       2.3447E+00  2.4008E+00  2.4681E+00  2.2586E+00  2.4505E+00  2.4926E+00  2.4537E+00  2.5982E+00  2.5498E+00  2.5125E+00
       2.5554E+00  2.6156E+00  2.7537E+00  2.6724E+00  2.6985E+00  2.5977E+00  2.7406E+00  2.6933E+00  2.7759E+00  2.8437E+00
       2.8591E+00  2.9766E+00  2.8457E+00  2.8649E+00  3.0190E+00  2.9026E+00  2.9950E+00  2.8595E+00  3.0824E+00  3.1131E+00
       3.1600E+00  3.1976E+00  3.1497E+00  3.3525E+00  3.3400E+00  3.3667E+00  3.4712E+00  3.0786E+00  3.4336E+00  3.5220E+00
       1.6476E+01  9.1610E+00  6.5716E+00  5.5135E+00  5.4436E+00  4.3430E+00  4.0630E+00  3.6241E+00  3.3677E+00  3.0554E+00
       3.2496E+00  2.8115E+00  2.7218E+00  2.6136E+00  2.3844E+00  2.5110E+00  2.4285E+00  2.3985E+00  2.2909E+00  2.2224E+00
       2.2821E+00  2.1965E+00  2.1113E+00  2.0529E+00  2.0818E+00  2.1351E+00  2.0266E+00  2.0275E+00  2.0516E+00  1.9844E+00
       2.0196E+00  2.0419E+00  1.9741E+00  2.0903E+00  2.0995E+00  1.9705E+00  1.9962E+00  2.0176E+00  1.9792E+00  2.0745E+00
       2.0130E+00  2.0302E+00  2.0505E+00  2.0771E+00  2.0948E+00  2.0999E+00  2.1330E+00  2.0813E+00  2.2069E+00  2.1381E+00
       2.0508E+00  2.1354E+00  2.1670E+00  2.1585E+00  2.2108E+00  2.3396E+00  2.2718E+00  2.2906E+00  2.2545E+00  2.2501E+00
       2.3107E+00  2.3605E+00  2.3760E+00  2.2650E+00  2.3334E+00  2.4713E+00  2.4611E+00  2.5168E+00  2.4827E+00  2.5014E+00
       2.5469E+00  2.5394E+00  2.7007E+00  2.7070E+00  2.6933E+00  2.6210E+00  2.7790E+00  2.6375E+00  2.7667E+00  2.6873E+00
       2.7594E+00  2.7121E+00  2.8442E+00  2.9208E+00  2.9488E+00  3.0092E+00  2.9809E+00  3.1456E+00  2.9998E+00  3.1525E+00
       3.0791E+00  3.1750E+00  3.1069E+00  3.2806E+00  3.3245E+00  3.2427E+00  3.3278E+00  3.3699E+00  3.4192E+00  3.5279E+00
       1.5298E+01  8.6406E+00  6.5936E+00  5.5301E+00  4.7481E+00  4.7412E+00  3.7908E+00  3.7823E+00  3.2529E+00  3.2889E+00
       2.8619E+00  2.7768E+00  2.7298E+00  2.5719E+00  2.5546E+00  2.3990E+00  2.2890E+00  2.2709E+00  2.2896E+00  2.1059E+00
       2.1767E+00  2.1677E+00  1.9823E+00  2.0412E+00  1.9778E+00  2.1072E+00  1.9734E+00  1.9912E+00  1.9847E+00  1.9968E+00
       1.9151E+00  1.9262E+00  1.9335E+00  1.9114E+00  1.8961E+00  1.9781E+00  1.9991E+00  1.9955E+00  2.0253E+00  1.9660E+00
       2.0413E+00  1.9377E+00  2.0299E+00  2.0759E+00  2.0311E+00  1.9940E+00  2.0930E+00  2.0983E+00  2.1208E+00  2.0980E+00
       2.0583E+00  2.1094E+00  2.1995E+00  2.1762E+00  2.1737E+00  2.2892E+00  2.1842E+00  2.1970E+00  2.2068E+00  2.2109E+00
       2.2916E+00  2.3064E+00  2.3446E+00  2.3412E+00  2.3196E+00  2.4308E+00  2.5003E+00  2.3470E+00  2.4813E+00  2.3707E+00
       2.5279E+00  2.4966E+00  2.5448E+00  2.5484E+00  2.6921E+00  2.5992E+00  2.6744E+00  2.7653E+00  2.8190E+00  2.7147E+00
       2.7945E+00  2.8784E+00  2.8707E+00  2.7868E+00  2.7955E+00  2.9351E+00  2.8592E+00  2.8581E+00  2.9865E+00  3.0323E+00
       3.1338E+00  3.2537E+00  3.2122E+00  3.0897E+00  3.2425E+00  3.5480E+00  3.4229E+00  3.2235E+00  3.2752E+00  3.3179E+00
       1.4821E+01  8.5607E+00  6.1886E+00  5.2261E+00  4.8835E+00  4.1113E+00  3.8369E+00  3.4861E+00  3.2583E+00  2.8554E+00
       2.8676E+00  2.7062E+00  2.6731E+00  2.4163E+00  2.4407E+00  2.3059E+00  2.2388E+00  2.1933E+00  2.1692E+00  2.0418E+00
       2.1108E+00  2.1551E+00  1.9718E+00  2.0322E+00  2.0359E+00  1.9162E+00  1.8629E+00  1.9258E+00  1.9172E+00  1.9643E+00
       1.9555E+00  1.9192E+00  1.8908E+00  1.9345E+00  1.8928E+00  1.9476E+00  1.8612E+00  1.8907E+00  1.9884E+00  1.9355E+00
       1.9632E+00  1.9016E+00  2.0263E+00  2.0323E+00  1.9615E+00  2.0175E+00  2.0141E+00  2.1310E+00  2.0422E+00  2.1355E+00
       2.1262E+00  2.0816E+00  2.1202E+00  2.1608E+00  2.2026E+00  2.0913E+00  2.0784E+00  2.0984E+00  2.2591E+00  2.2833E+00
       2.2169E+00  2.2673E+00  2.2568E+00  2.3188E+00  2.3647E+00  2.4773E+00  2.4374E+00  2.4221E+00  2.4202E+00  2.5267E+00
       2.4306E+00  2.4578E+00  2.4309E+00  2.5855E+00  2.6264E+00  2.6666E+00  2.5923E+00  2.7407E+00  2.6371E+00  2.8518E+00
       2.7252E+00  2.9076E+00  2.7994E+00  2.8729E+00  3.0039E+00  3.0000E+00  2.9681E+00  2.9287E+00  2.8402E+00  3.0171E+00
       2.9760E+00  3.2519E+00  3.0244E+00  3.1518E+00  3.2372E+00  3.2552E+00  3.2091E+00  3.3076E+00  3.4481E+00  3.4621E+00
       1.3858E+01  8.1017E+00  5.9865E+00  5.2085E+00  4.5709E+00  3.9785E+00  3.6704E+00  3.4542E+00  3.0988E+00  3.0493E+00
       2.8069E+00  2.5524E+00  2.3802E+00  2.4535E+00  2.2682E+00  2.2859E+00  2.1712E+00  2.2064E+00  2.1446E+00  2.0979E+00
       1.9791E+00  1.8905E+00  1.9809E+00  2.0095E+00  1.9306E+00  1.9194E+00  1.9010E+00  1.8673E+00  1.8535E+00  1.9368E+00
       1.8282E+00  1.8863E+00  1.8172E+00  1.8266E+00  1.8078E+00  1.9018E+00  1.8463E+00  1.8656E+00  1.9664E+00  1.9475E+00
       2.0085E+00  1.8946E+00  1.8663E+00  2.0174E+00  2.0318E+00  2.0106E+00  1.9354E+00  2.0898E+00  2.0613E+00  1.9892E+00
       2.1563E+00  2.1174E+00  2.0934E+00  2.1311E+00  2.1182E+00  2.0813E+00  2.2252E+00  2.3458E+00  2.1900E+00  2.2357E+00
       2.1677E+00  2.2024E+00  2.1627E+00  2.3722E+00  2.3131E+00  2.3474E+00  2.3537E+00  2.3718E+00  2.3857E+00  2.4058E+00
       2.4986E+00  2.4555E+00  2.3597E+00  2.4617E+00  2.5780E+00  2.5652E+00  2.7156E+00  2.5786E+00  2.5646E+00  2.6290E+00
       2.7293E+00  2.7931E+00  2.8219E+00  2.8489E+00  2.8257E+00  2.7587E+00  2.8802E+00  2.8467E+00  3.0898E+00  3.0603E+00
       3.0059E+00  3.0057E+00  3.0281E+00  3.1360E+00  3.2815E+00  3.1421E+00  3.3321E+00  3.3320E+00  3.2553E+00  3.3724E+00
       1.7403E+01  7.8925E+00  6.1465E+00  5.0090E+00  4.4197E+00  3.8870E+00  3.4646E+00  3.2659E+00  2.9870E+00  2.8886E+00
       2.6010E+00  2.4815E+00  2.4549E+00  2.3458E+00  2.2375E+00  2.1918E+00  2.1498E+00  2.1273E+00  1.9922E+00  2.0289E+00
       1.8982E+00  1.8903E+00  1.8250E+00  1.8872E+00  1.8987E+00  1.8465E+00  1.8436E+00  1.8312E+00  1.7809E+00  1.8197E+00
       1.8393E+00  1.8820E+00  1.8763E+00  1.7970E+00  1.9093E+00  1.8950E+00  1.8364E+00  1.8345E+00  1.8715E+00  1.8326E+00
       1.8794E+00  1.9370E+00  1.8243E+00  1.9233E+00  2.0207E+00  1.9060E+00  2.0539E+00  1.8782E+00  2.0210E+00  1.9885E+00
       2.0066E+00  2.0505E+00  2.0494E+00  2.0528E+00  2.1194E+00  2.1568E+00  2.1850E+00  2.1442E+00  2.1107E+00  2.2096E+00
       2.2585E+00  2.2718E+00  2.3370E+00  2.2879E+00  2.3551E+00  2.3458E+00  2.3373E+00  2.3803E+00  2.4126E+00  2.4694E+00
       2.4062E+00  2.4374E+00  2.6029E+00  2.4688E+00  2.6829E+00  2.6026E+00  2.5967E+00  2.7380E+00  2.7145E+00  2.7133E+00
       2.8010E+00  2.6656E+00  2.7800E+00  2.7729E+00  2.9006E+00  2.8293E+00  3.0436E+00  3.0179E+00  2.9597E+00  3.0136E+00
       2.9939E+00  2.9735E+00  2.9983E+00  3.0489E+00  3.0002E+00  3.1424E+00  3.1233E+00  3.1705E+00  3.3693E+00  3.4020E+00
       1.5862E+01  7.8818E+00  6.0262E+00  4.7536E+00  4.2277E+00  3.8980E+00  3.5516E+00  3.1841E+00  2.9200E+00  2.7358E+00
       2.5263E+00  2.3301E+00  2.3747E+00  2.2267E+00  2.2424E+00  2.0828E+00  1.9576E+00  2.0208E+00  1.9662E+00  2.0387E+00
       1.8685E+00  1.8981E+00  1.8841E+00  1.8329E+00  1.8979E+00  1.8329E+00  1.7145E+00  1.7129E+00  1.8933E+00  1.7315E+00
       1.7835E+00  1.7649E+00  1.8379E+00  1.7446E+00  1.7224E+00  1.8157E+00  1.8207E+00  1.8251E+00  1.8544E+00  1.8111E+00
       1.7883E+00  1.9741E+00  1.8934E+00  1.9256E+00  1.9198E+00  1.9050E+00  2.0028E+00  2.0269E+00  1.8928E+00  2.0196E+00
       1.9438E+00  2.0150E+00  2.0251E+00  1.9576E+00  2.0973E+00  2.0892E+00  2.0999E+00  2.1889E+00  2.1482E+00  2.1291E+00
       2.1429E+00  2.1552E+00  2.3426E+00  2.3336E+00  2.2495E+00  2.3995E+00  2.2533E+00  2.3794E+00  2.3420E+00  2.4329E+00
       2.5178E+00  2.5173E+00  2.5247E+00  2.5026E+00  2.5696E+00  2.6677E+00  2.6393E+00  2.6311E+00  2.6011E+00  2.7429E+00
       2.6719E+00  2.6445E+00  2.7749E+00  2.8156E+00  2.8319E+00  2.9315E+00  2.8783E+00  2.9459E+00  2.9008E+00  3.0439E+00
       2.9254E+00  2.9137E+00  3.0614E+00  3.0687E+00  3.1528E+00  3.1941E+00  3.2222E+00  3.2411E+00  3.2812E+00  3.1743E+00
       1.2787E+01  6.8819E+00  5.7882E+00  4.8610E+00  4.1709E+00  3.7241E+00  3.2107E+00  2.9909E+00  2.7434E+00  2.5221E+00
       2.5055E+00  2.3452E+00  2.1667E+00  2.1821E+00  2.1241E+00  2.0833E+00  1.9571E+00  1.9709E+00  1.9687E+00  1.9080E+00
       1.8162E+00  1.7553E+00  1.8232E+00  1.8029E+00  1.7369E+00  1.7623E+00  1.6676E+00  1.7563E+00  1.7764E+00  1.8060E+00
       1.7338E+00  1.8471E+00  1.6760E+00  1.6915E+00  1.7555E+00  1.7626E+00  1.8159E+00  1.8613E+00  1.7169E+00  1.7743E+00
       1.7945E+00  1.8482E+00  1.8602E+00  1.8698E+00  1.8834E+00  1.9696E+00  1.8970E+00  1.8742E+00  1.9597E+00  1.9296E+00
       2.0400E+00  1.9607E+00  2.0264E+00  2.0157E+00  1.9878E+00  2.0723E+00  2.1194E+00  2.1927E+00  2.0387E+00  1.9887E+00
       2.1907E+00  2.2487E+00  2.2293E+00  2.2343E+00  2.3258E+00  2.3141E+00  2.3202E+00  2.3589E+00  2.3367E+00  2.3560E+00
       2.3747E+00  2.4130E+00  2.4526E+00  2.4432E+00  2.5037E+00  2.5106E+00  2.5271E+00  2.5973E+00  2.6763E+00  2.5397E+00
       2.6165E+00  2.7679E+00  2.6893E+00  2.8884E+00  2.8622E+00  2.8544E+00  2.9430E+00  3.0795E+00  3.0130E+00  2.9055E+00
       2.8663E+00  2.9550E+00  2.9755E+00  3.0493E+00  3.0917E+00  3.1144E+00  3.2232E+00  3.0942E+00  3.2076E+00  3.5078E+00
       1.2993E+01  7.0055E+00  5.5948E+00  4.4343E+00  4.0417E+00  3.6660E+00  3.1035E+00  3.0625E+00  2.6000E+00  2.4899E+00
       2.4989E+00  2.1905E+00  2.0587E+00  2.1520E+00  1.9350E+00  2.0109E+00  1.9403E+00  1.8274E+00  1.8408E+00  1.8007E+00
       1.8293E+00  1.7156E+00  1.7638E+00  1.7217E+00  1.7543E+00  1.6707E+00  1.7607E+00  1.6944E+00  1.7561E+00  1.6582E+00
       1.6194E+00  1.7467E+00  1.6871E+00  1.7342E+00  1.8019E+00  1.6684E+00  1.8159E+00  1.7530E+00  1.8244E+00  1.8047E+00
       1.8347E+00  1.8697E+00  1.7189E+00  1.8380E+00  1.8294E+00  1.9039E+00  1.7942E+00  1.8045E+00  1.8981E+00  1.9186E+00
       1.9005E+00  1.9712E+00  1.8616E+00  2.0295E+00  2.0413E+00  2.1368E+00  2.0526E+00  2.1529E+00  2.0787E+00  2.2449E+00
       2.1945E+00  2.1036E+00  2.1738E+00  2.1650E+00  2.2407E+00  2.2670E+00  2.1747E+00  2.3087E+00  2.3777E+00  2.3929E+00
       2.4933E+00  2.4549E+00  2.3193E+00  2.4758E+00  2.5433E+00  2.5133E+00  2.5557E+00  2.5766E+00  2.6828E+00  2.6340E+00
       2.6296E+00  2.7071E+00  2.7713E+00  2.6656E+00  2.7629E+00  2.9028E+00  2.8167E+00  2.8547E+00  2.8776E+00  3.0252E+00
       2.8880E+00  3.0079E+00  3.0555E+00  3.0853E+00  3.1754E+00  2.9749E+00  3.2571E+00  3.2980E+00  3.2558E+00  3.2849E+00
       1.2967E+01  7.0223E+00  5.2809E+00  4.4166E+00  3.7501E+00  3.5548E+00  2.9842E+00  2.8601E+00  2.7015E+00  2.3732E+00
       2.2558E+00  2.0880E+00  2.0770E+00  2.0588E+00  1.8598E+00  1.8935E+00  1.8987E+00  1.7928E+00  1.7539E+00  1.6452E+00
       1.6929E+00  1.6832E+00  1.7086E+00  1.6649E+00  1.6963E+00  1.6368E+00  1.6364E+00  1.6783E+00  1.7004E+00  1.6833E+00
       1.8233E+00  1.6412E+00  1.7005E+00  1.7101E+00  1.6384E+00  1.7536E+00  1.8015E+00  1.6758E+00  1.7383E+00  1.8459E+00
       1.7372E+00  1.7186E+00  1.7486E+00  1.8324E+00  1.7680E+00  1.8504E+00  1.8184E+00  1.8633E+00  1.8953E+00  1.8933E+00
       1.8833E+00  1.9254E+00  1.9238E+00  1.9210E+00  1.9871E+00  1.9600E+00  2.0821E+00  2.0785E+00  2.0653E+00  2.0869E+00
       2.0965E+00  2.1237E+00  2.1643E+00  2.2465E+00  2.2445E+00  2.2406E+00  2.3571E+00  2.2603E+00  2.2855E+00  2.3382E+00
       2.2795E+00  2.4281E+00  2.4673E+00  2.4978E+00  2.3543E+00  2.4793E+00  2.5665E+00  2.6167E+00  2.6852E+00  2.5483E+00
       2.6785E+00  2.7163E+00  2.6537E+00  2.7801E+00  2.6672E+00  2.7758E+00  2.8944E+00  2.9470E+00  2.9155E+00  2.8968E+00
       2.9677E+00  3.0702E+00  2.9582E+00  3.0504E+00  3.1522E+00  3.0918E+00  3.1970E+00  3.2628E+00  3.3723E+00  3.2940E+00
       1.2861E+01  7.2546E+00  5.0781E+00  4.1686E+00  3.5628E+00  3.2176E+00  2.9996E+00  2.5052E+00  2.5054E+00  2.2831E+00
       2.3185E+00  2.0821E+00  2.0567E+00  2.0194E+00  1.9925E+00  1.8756E+00  1.7888E+00  1.8054E+00  1.7337E+00  1.6871E+00
       1.7031E+00  1.6891E+00  1.6596E+00  1.6478E+00  1.6517E+00  1.6308E+00  1.5998E+00  1.6379E+00  1.6596E+00  1.6225E+00
       1.5823E+00  1.6194E+00  1.5876E+00  1.6685E+00  1.7185E+00  1.6547E+00  1.6570E+00  1.6760E+00  1.5980E+00  1.6666E+00
       1.7107E+00  1.7070E+00  1.7932E+00  1.6617E+00  1.8293E+00  1.8394E+00  1.7990E+00  1.8341E+00  1.9018E+00  1.8387E+00
       1.8204E+00  1.8865E+00  1.9105E+00  2.0282E+00  2.0083E+00  1.9853E+00  1.9468E+00  2.0838E+00  1.9516E+00  2.0763E+00
       2.1337E+00  2.1005E+00  2.0792E+00  2.1711E+00  2.2114E+00  2.2605E+00  2.3244E+00  2.3956E+00  2.2144E+00  2.2207E+00
       2.3381E+00  2.4538E+00  2.4212E+00  2.4208E+00  2.4875E+00  2.3866E+00  2.6103E+00  2.4611E+00  2.6777E+00  2.6473E+00
       2.5761E+00  2.6431E+00  2.5930E+00  2.6423E+00  2.6723E+00  2.7524E+00  2.8586E+00  2.8498E+00  2.8773E+00  2.9140E+00
       2.8834E+00  2.9614E+00  2.8522E+00  3.0630E+00  3.1495E+00  3.1991E+00  3.2267E+00  3.2903E+00  3.2028E+00  3.2137E+00
       1.1581E+01  6.4913E+00  4.7780E+00  4.1863E+00  3.5071E+00  3.1360E+00  2.7119E+00  2.6733E+00  2.4240E+00  2.2496E+00
       2.1071E+00  2.0209E+00  1.9210E+00  1.8814E+00  1.7597E+00  1.7426E+00  1.7172E+00  1.7190E+00  1.6437E+00  1.6218E+00
       1.6427E+00  1.6099E+00  1.6218E+00  1.5640E+00  1.6098E+00  1.6305E+00  1.5864E+00  1.6375E+00  1.5603E+00  1.6027E+00
       1.5748E+00  1.5910E+00  1.5736E+00  1.5548E+00  1.6298E+00  1.6601E+00  1.7165E+00  1.6231E+00  1.7125E+00  1.7286E+00
       1.6968E+00  1.7399E+00  1.6430E+00  1.7830E+00  1.6901E+00  1.7281E+00  1.7693E+00  1.8231E+00  1.8100E+00  1.8086E+00
       1.8477E+00  1.9673E+00  1.9233E+00  1.8977E+00  1.8567E+00  1.9820E+00  1.9158E+00  1.9870E+00  2.0622E+00  2.1048E+00
       2.1438E+00  2.1289E+00  2.1355E+00  2.1282E+00  2.1530E+00  2.2132E+00  2.2398E+00  2.3489E+00  2.3497E+00  2.2232E+00
       2.3650E+00  2.3643E+00  2.3734E+00  2.4029E+00  2.4827E+00  2.5606E+00  2.4817E+00  2.4039E+00  2.5365E+00  2.6248E+00
       2.5102E+00  2.6687E+00  2.5960E+00  2.6842E+00  2.7307E+00  2.6908E+00  2.8285E+00  2.8300E+00  2.9327E+00  2.8852E+00
       3.0296E+00  2.8264E+00  2.9989E+00  2.9767E+00  2.9698E+00  3.0207E+00  3.1692E+00  3.0771E+00  3.2015E+00  3.2579E+00
       1.1072E+01  6.7852E+00  4.5159E+00  4.1677E+00  3.2661E+00  2.9505E+00  2.6552E+00  2.6201E+00  2.1679E+00  2.1205E+00
       2.0473E+00  1.9136E+00  1.8480E+00  1.7970E+00  1.7908E+00  1.7099E+00  1.6815E+00  1.6035E+00  1.6156E+00  1.6145E+00
       1.5641E+00  1.5654E+00  1.5178E+00  1.5145E+00  1.5418E+00  1.5493E+00  1.5628E+00  1.5725E+00  1.5928E+00  1.6637E+00
       1.5688E+00  1.5986E+00  1.5778E+00  1.5916E+00  1.6626E+00  1.6003E+00  1.5797E+00  1.6007E+00  1.6349E+00  1.6570E+00
       1.5696E+00  1.6879E+00  1.7210E+00  1.7161E+00  1.7889E+00  1.7803E+00  1.7330E+00  1.8480E+00  1.8457E+00  1.8772E+00
       1.8556E+00  1.7852E+00  1.8390E+00  1.9320E+00  1.9206E+00  1.8239E+00  2.0018E+00  1.9949E+00  2.0133E+00  2.0176E+00
       2.1186E+00  2.1772E+00  2.0798E+00  2.0125E+00  2.1711E+00  2.1416E+00  2.2259E+00  2.1979E+00  2.1541E+00  2.1631E+00
       2.2576E+00  2.3873E+00  2.3441E+00  2.3384E+00  2.4412E+00  2.4036E+00  2.4002E+00  2.4033E+00  2.5018E+00  2.5186E+00
       2.7395E+00  2.6096E+00  2.7532E+00  2.7115E+00  2.7064E+00  2.7334E+00  2.6853E+00  2.7758E+00  2.7613E+00  2.8019E+00
       2.9789E+00  3.0006E+00  2.9404E+00  3.0426E+00  3.0137E+00  3.0406E+00  3.0927E+00  3.0343E+00  3.1753E+00  3.1661E+00
       1.0515E+01  6.0857E+00  4.5182E+00  3.4232E+00  3.1010E+00  2.9925E+00  2.6065E+00  2.3242E+00  2.1618E+00  2.0357E+00
       1.9585E+00  1.8033E+00  1.7638E+00  1.6399E+00  1.7136E+00  1.6400E+00  1.6526E+00  1.5997E+00  1.6420E+00  1.5715E+00
       1.4985E+00  1.5010E+00  1.5437E+00  1.5105E+00  1.5178E+00  1.5359E+00  1.5525E+00  1.5222E+00  1.5198E+00  1.5002E+00
       1.5439E+00  1.5392E+00  1.5003E+00  1.5210E+00  1.5545E+00  1.5886E+00  1.6183E+00  1.6100E+00  1.5664E+00  1.5781E+00
       1.6811E+00  1.6435E+00  1.6401E+00  1.6765E+00  1.7096E+00  1.7239E+00  1.7222E+00  1.6616E+00  1.7913E+00  1.7596E+00
       1.8601E+00  1.7317E+00  1.8509E+00  1.8670E+00  1.8694E+00  1.9050E+00  1.8767E+00  1.9453E+00  1.9638E+00  1.9955E+00
       1.9786E+00  2.0808E+00  2.1023E+00  2.1150E+00  2.0797E+00  2.2186E+00  2.2164E+00  2.0761E+00  2.1742E+00  2.2649E+00
       2.2364E+00  2.2377E+00  2.2902E+00  2.3641E+00  2.4726E+00  2.4507E+00  2.4341E+00  2.4135E+00  2.5561E+00  2.4858E+00
       2.5949E+00  2.5657E+00  2.6300E+00  2.6962E+00  2.5539E+00  2.7336E+00  2.7969E+00  2.9000E+00  2.8604E+00  2.8064E+00
       2.8400E+00  2.8972E+00  2.8722E+00  3.0195E+00  2.8550E+00  3.1805E+00  3.1657E+00  3.0193E+00  3.0973E+00  3.2079E+00
       1.2006E+01  5.8969E+00  4.6788E+00  3.8461E+00  3.1846E+00  2.8751E+00  2.4766E+00  2.2944E+00  2.1005E+00  1.9986E+00
       1.8562E+00  1.8904E+00  1.7079E+00  1.6664E+00  1.6259E+00  1.5604E+00  1.5611E+00  1.5349E+00  1.4963E+00  1.5081E+00
       1.4670E+00  1.5157E+00  1.4894E+00  1.4470E+00  1.4287E+00  1.4385E+00  1.4381E+00  1.4146E+00  1.4812E+00  1.4509E+00
       1.4728E+00  1.5157E+00  1.5059E+00  1.5323E+00  1.6073E+00  1.6023E+00  1.4796E+00  1.5471E+00  1.6149E+00  1.5663E+00
       1.6844E+00  1.6579E+00  1.6725E+00  1.7262E+00  1.8025E+00  1.7738E+00  1.7020E+00  1.7055E+00  1.7620E+00  1.8017E+00
       1.8995E+00  1.8346E+00  1.7989E+00  1.8710E+00  1.9231E+00  1.9223E+00  1.8901E+00  1.9248E+00  1.9217E+00  1.9032E+00
       1.9969E+00  2.0703E+00  2.1429E+00  2.0701E+00  2.1636E+00  2.1051E+00  2.2087E+00  2.1294E+00  2.2260E+00  2.2921E+00
       2.2607E+00  2.3390E+00  2.4097E+00  2.4071E+00  2.3350E+00  2.5114E+00  2.5097E+00  2.6036E+00  2.3974E+00  2.5049E+00
       2.5471E+00  2.5803E+00  2.5793E+00  2.6935E+00  2.6749E+00  2.7376E+00  2.7967E+00  2.6327E+00  2.8807E+00  2.8821E+00
       2.8540E+00  2.7763E+00  2.9611E+00  2.9892E+00  3.0012E+00  3.0774E+00  3.0130E+00  3.0745E+00  3.1098E+00  3.1616E+00
       1.0866E+01  5.6696E+00  4.1681E+00  3.4702E+00  2.9647E+00  2.6452E+00  2.3179E+00  2.0784E+00  1.9671E+00  1.8169E+00
       1.8150E+00  1.7439E+00  1.6652E+00  1.5828E+00  1.5381E+00  1.4752E+00  1.5463E+00  1.4370E+00  1.4156E+00  1.4344E+00
       1.5036E+00  1.3832E+00  1.4429E+00  1.3918E+00  1.4385E+00  1.4286E+00  1.4134E+00  1.3763E+00  1.4317E+00  1.4527E+00
       1.4527E+00  1.4300E+00  1.5244E+00  1.5116E+00  1.4482E+00  1.5003E+00  1.4923E+00  1.5254E+00  1.5632E+00  1.5720E+00
       1.5719E+00  1.6470E+00  1.5941E+00  1.6048E+00  1.6447E+00  1.7384E+00  1.6225E+00  1.6931E+00  1.7821E+00  1.7461E+00
       1.8178E+00  1.8155E+00  1.8095E+00  1.8137E+00  1.8175E+00  1.8433E+00  1.9136E+00  1.8900E+00  1.8827E+00  1.9633E+00
       1.9585E+00  2.0841E+00  2.0882E+00  2.0244E+00  2.1124E+00  2.1460E+00  2.1017E+00  2.2113E+00  2.1695E+00  2.2464E+00
       2.2708E+00  2.2849E+00  2.3446E+00  2.2351E+00  2.4387E+00  2.4143E+00  2.4865E+00  2.4407E+00  2.5811E+00  2.6095E+00
       2.5725E+00  2.4954E+00  2.5545E+00  2.6121E+00  2.8161E+00  2.6777E+00  2.6870E+00  2.8976E+00  2.8438E+00  2.9425E+00
       2.8340E+00  2.8330E+00  2.9744E+00  2.8640E+00  3.1939E+00  3.0450E+00  3.2435E+00  3.0988E+00  3.1161E+00  3.2560E+00
       1.0442E+01  5.3734E+00  4.2602E+00  3.2999E+00  2.7376E+00  2.4800E+00  2.1778E+00  2.0005E+00  1.9658E+00  1.8357E+00
       1.6873E+00  1.6326E+00  1.5945E+00  1.5238E+00  1.5548E+00  1.4857E+00  1.4165E+00  1.4046E+00  1.4035E+00  1.3973E+00
       1.3421E+00  1.3565E+00  1.3885E+00  1.3456E+00  1.4042E+00  1.4237E+00  1.3557E+00  1.4003E+00  1.4318E+00  1.3858E+00
       1.4038E+00  1.4289E+00  1.4962E+00  1.4108E+00  1.4830E+00  1.5024E+00  1.4862E+00  1.5198E+00  1.5335E+00  1.4555E+00
       1.5509E+00  1.5694E+00  1.5976E+00  1.6228E+00  1.6301E+00  1.6343E+00  1.7025E+00  1.7428E+00  1.7105E+00  1.7841E+00
       1.7942E+00  1.7023E+00  1.7623E+00  1.7639E+00  1.8521E+00  1.7554E+00  1.9451E+00  1.8474E+00  1.9206E+00  1.9964E+00
       1.9324E+00  2.0500E+00  2.1236E+00  2.0532E+00  2.1342E+00  2.0925E+00  2.1142E+00  2.1765E+00  2.1325E+00  2.1605E+00
       2.2653E+00  2.2836E+00  2.3377E+00  2.3167E+00  2.4342E+00  2.2660E+00  2.4355E+00  2.4067E+00  2.5004E+00  2.5325E+00
       2.3892E+00  2.5698E+00  2.6407E+00  2.5991E+00  2.6503E+00  2.6383E+00  2.8665E+00  2.7672E+00  2.7753E+00  2.7385E+00
       2.8350E+00  2.8030E+00  3.1058E+00  2.8858E+00  2.9303E+00  2.9301E+00  3.1298E+00  2.9714E+00  3.0602E+00  3.1654E+00
       1.0352E+01  5.2832E+00  3.8733E+00  3.0693E+00  2.6623E+00  2.3229E+00  2.0763E+00  1.9453E+00  1.8633E+00  1.6903E+00
       1.6457E+00  1.5420E+00  1.5041E+00  1.4500E+00  1.4846E+00  1.4036E+00  1.4238E+00  1.3640E+00  1.3765E+00  1.3502E+00
       1.3588E+00  1.3602E+00  1.3561E+00  1.3200E+00  1.3254E+00  1.3641E+00  1.3824E+00  1.3110E+00  1.3520E+00  1.3928E+00
       1.4294E+00  1.3915E+00  1.3894E+00  1.4066E+00  1.4643E+00  1.4095E+00  1.4624E+00  1.5118E+00  1.5229E+00  1.5039E+00
       1.5036E+00  1.6041E+00  1.5941E+00  1.6211E+00  1.5250E+00  1.6300E+00  1.6669E+00  1.7187E+00  1.6698E+00  1.7222E+00
       1.7051E+00  1.6876E+00  1.8298E+00  1.7212E+00  1.8782E+00  1.8592E+00  1.8661E+00  1.9382E+00  1.8840E+00  1.9220E+00
       1.9762E+00  1.9349E+00  1.9334E+00  2.0125E+00  2.1166E+00  2.1589E+00  2.0173E+00  2.1196E+00  2.1309E+00  2.1259E+00
       2.2460E+00  2.2914E+00  2.2672E+00  2.4527E+00  2.3021E+00  2.4498E+00  2.3963E+00  2.4334E+00  2.5589E+00  2.4966E+00
       2.4674E+00  2.5321E+00  2.6072E+00  2.4859E+00  2.7138E+00  2.7522E+00  2.7419E+00  2.7356E+00  2.6824E+00  2.9518E+00
       2.8576E+00  2.9025E+00  2.9785E+00  2.8085E+00  3.1625E+00  2.9167E+00  3.1757E+00  3.0030E+00  3.0474E+00  3.1683E+00
       9.9330E+00  5.1251E+00  3.5728E+00  2.9985E+00  2.7604E+00  2.2243E+00  2.0444E+00  1.8337E+00  1.7143E+00  1.7550E+00
       1.5298E+00  1.4716E+00  1.3483E+00  1.4070E+00  1.4076E+00  1.3499E+00  1.3334E+00  1.3900E+00  1.3170E+00  1.3015E+00
       1.3016E+00  1.3739E+00  1.3467E+00  1.3085E+00  1.2759E+00  1.2988E+00  1.2861E+00  1.2911E+00  1.3647E+00  1.3984E+00
       1.3977E+00  1.3756E+00  1.3925E+00  1.3415E+00  1.4057E+00  1.4796E+00  1.4552E+00  1.4626E+00  1.5309E+00  1.5265E+00
       1.5134E+00  1.5184E+00  1.5612E+00  1.5988E+00  1.5806E+00  1.6285E+00  1.6453E+00  1.6329E+00  1.6713E+00  1.6596E+00
       1.7727E+00  1.7105E+00  1.7401E+00  1.7695E+00  1.8095E+00  1.8187E+00  1.8746E+00  1.8489E+00  1.8385E+00  1.8471E+00
       1.9168E+00  2.0197E+00  1.9991E+00  2.1060E+00  2.0677E+00  2.0903E+00  2.1322E+00  2.2148E+00  2.1803E+00  2.0832E+00
       2.1749E+00  2.3743E+00  2.3764E+00  2.3150E+00  2.3080E+00  2.3954E+00  2.4145E+00  2.4509E+00  2.5031E+00  2.4691E+00
       2.4408E+00  2.5953E+00  2.5421E+00  2.6001E+00  2.5730E+00  2.6661E+00  2.7721E+00  2.6365E+00  2.8036E+00  2.8943E+00
       2.7736E+00  2.8697E+00  2.8345E+00  2.9885E+00  2.8409E+00  3.0319E+00  3.0459E+00  3.0738E+00  3.1597E+00  3.0674E+00
       8.5856E+00  4.6048E+00  3.5725E+00  2.8721E+00  2.5536E+00  2.0610E+00  1.8344E+00  1.7500E+00  1.6688E+00  1.5744E+00
       1.5087E+00  1.3712E+00  1.3504E+00  1.3016E+00  1.2899E+00  1.2617E+00  1.2950E+00  1.2589E+00  1.2713E+00  1.3275E+00
       1.2802E+00  1.3165E+00  1.3019E+00  1.2836E+00  1.3008E+00  1.3218E+00  1.2835E+00  1.2948E+00  1.2652E+00  1.3238E+00
       1.3240E+00  1.3755E+00  1.3877E+00  1.3942E+00  1.4053E+00  1.3914E+00  1.4133E+00  1.4337E+00  1.4915E+00  1.4910E+00
       1.4598E+00  1.5803E+00  1.5681E+00  1.5872E+00  1.5324E+00  1.5582E+00  1.6442E+00  1.6727E+00  1.7144E+00  1.6714E+00
       1.6767E+00  1.6937E+00  1.7156E+00  1.7845E+00  1.8039E+00  1.7706E+00  1.8690E+00  1.8766E+00  1.8617E+00  1.9685E+00
       2.0178E+00  1.9504E+00  2.0092E+00  1.9813E+00  1.9989E+00  2.0770E+00  2.0616E+00  2.0670E+00  2.0730E+00  2.1562E+00
       2.2373E+00  2.2989E+00  2.3490E+00  2.3445E+00  2.3547E+00  2.3158E+00  2.2499E+00  2.3359E+00  2.4991E+00  2.4569E+00
       2.4303E+00  2.4853E+00  2.4840E+00  2.5480E+00  2.6386E+00  2.6590E+00  2.6520E+00  2.6721E+00  2.5876E+00  2.7831E+00
       2.8123E+00  2.7052E+00  2.9931E+00  2.7783E+00  2.9612E+00  3.0065E+00  3.0464E+00  3.0195E+00  3.1253E+00  3.1021E+00
       8.8924E+00  4.4939E+00  3.5641E+00  2.6314E+00  2.3021E+00  1.9736E+00  1.8108E+00  1.6318E+00  1.5416E+00  1.4333E+00
       1.3886E+00  1.3373E+00  1.3041E+00  1.2944E+00  1.2556E+00  1.2381E+00  1.2826E+00  1.2111E+00  1.2404E+00  1.2337E+00
       1.1796E+00  1.2477E+00  1.2563E+00  1.2197E+00  1.2354E+00  1.1863E+00  1.2436E+00  1.2708E+00  1.3188E+00  1.3163E+00
       1.2741E+00  1.3182E+00  1.3696E+00  1.3593E+00  1.3547E+00  1.3906E+00  1.4365E+00  1.4077E+00  1.4422E+00  1.5324E+00
       1.4570E+00  1.5314E+00  1.5546E+00  1.5554E+00  1.5331E+00  1.5958E+00  1.5787E+00  1.6204E+00  1.6052E+00  1.7135E+00
       1.6821E+00  1.6975E+00  1.6690E+00  1.7550E+00  1.7882E+00  1.7817E+00  1.8467E+00  1.8445E+00  1.8473E+00  1.8480E+00
       1.9326E+00  2.0270E+00  2.0072E+00  2.0018E+00  2.0694E+00  2.1001E+00  2.0611E+00  2.0946E+00  2.0914E+00  2.1957E+00
       2.2525E+00  2.2389E+00  2.1791E+00  2.2999E+00  2.3694E+00  2.3121E+00  2.2797E+00  2.3820E+00  2.4549E+00  2.4991E+00
       2.5538E+00  2.5499E+00  2.5915E+00  2.6255E+00  2.6431E+00  2.6108E+00  2.7206E+00  2.7560E+00  2.6603E+00  2.7018E+00
       2.9415E+00  2.9517E+00  2.8607E+00  2.9848E+00  3.0141E+00  2.7929E+00  3.0455E+00  3.0566E+00  3.0720E+00  2.8874E+00
       8.3109E+00  4.3882E+00  3.1770E+00  2.4898E+00  2.1640E+00  1.8803E+00  1.6961E+00  1.5273E+00  1.5225E+00  1.3643E+00
       1.3217E+00  1.3032E+00  1.3022E+00  1.2238E+00  1.2214E+00  1.2277E+00  1.1922E+00  1.2102E+00  1.2038E+00  1.1454E+00
       1.2117E+00  1.1319E+00  1.1900E+00  1.1561E+00  1.2260E+00  1.2386E+00  1.2307E+00  1.2376E+00  1.2798E+00  1.2816E+00
       1.3022E+00  1.3363E+00  1.3294E+00  1.3365E+00  1.2812E+00  1.2974E+00  1.3952E+00  1.4220E+00  1.4177E+00  1.4407E+00
       1.4854E+00  1.5267E+00  1.4758E+00  1.4789E+00  1.5305E+00  1.5506E+00  1.6399E+00  1.5726E+00  1.6330E+00  1.6106E+00
       1.6091E+00  1.7198E+00  1.6680E+00  1.8102E+00  1.6813E+00  1.7438E+00  1.9183E+00  1.8168E+00  1.8062E+00  1.8478E+00
       1.9521E+00  1.9202E+00  1.9382E+00  1.9909E+00  2.0047E+00  2.0566E+00  2.1149E+00  2.0548E+00  2.0759E+00  2.1477E+00
       2.1860E+00  2.2979E+00  2.1633E+00  2.2129E+00  2.3513E+00  2.3093E+00  2.3230E+00  2.3549E+00  2.4236E+00  2.5127E+00
       2.4109E+00  2.4644E+00  2.4026E+00  2.6161E+00  2.6585E+00  2.6126E+00  2.6640E+00  2.7648E+00  2.8141E+00  2.8176E+00
       2.7383E+00  2.8347E+00  2.8697E+00  2.8782E+00  3.0862E+00  2.7642E+00  3.0500E+00  2.9857E+00  3.2695E+00  3.1432E+00
       7.9448E+00  3.9904E+00  3.0400E+00  2.3570E+00  1.9964E+00  1.7894E+00  1.6029E+00  1.5078E+00  1.3819E+00  1.2682E+00
       1.2484E+00  1.2528E+00  1.1705E+00  1.1566E+00  1.2062E+00  1.1685E+00  1.1461E+00  1.1117E+00  1.2067E+00  1.1617E+00
       1.1444E+00  1.1665E+00  1.1855E+00  1.2057E+00  1.1421E+00  1.2283E+00  1.2349E+00  1.2266E+00  1.2510E+00  1.2229E+00
       1.2724E+00  1.3232E+00  1.3188E+00  1.3858E+00  1.3058E+00  1.3068E+00  1.3236E+00  1.3666E+00  1.4051E+00  1.4236E+00
       1.3981E+00  1.3869E+00  1.4846E+00  1.4681E+00  1.5360E+00  1.5492E+00  1.6218E+00  1.5864E+00  1.6214E+00  1.5911E+00
       1.7384E+00  1.6919E+00  1.7359E+00  1.7203E+00  1.7289E+00  1.7119E+00  1.8743E+00  1.8104E+00  1.7890E+00  1.8812E+00
       1.9837E+00  1.9675E+00  1.9582E+00  1.9903E+00  2.0642E+00  2.0791E+00  2.1150E+00  2.1679E+00  2.1038E+00  2.1605E+00
       2.1568E+00  2.1728E+00  2.2072E+00  2.2549E+00  2.2208E+00  2.3813E+00  2.2127E+00  2.3773E+00  2.3678E+00  2.3287E+00
       2.4373E+00  2.5369E+00  2.5146E+00  2.4678E+00  2.5835E+00  2.6410E+00  2.6126E+00  2.7449E+00  2.7291E+00  2.8268E+00
       2.7619E+00  2.9557E+00  2.8245E+00  2.9712E+00  2.9111E+00  3.0176E+00  3.0196E+00  2.9885E+00  3.0590E+00  3.0163E+00
       7.0606E+00  3.6439E+00  2.8037E+00  2.2233E+00  1.7949E+00  1.6346E+00  1.5237E+00  1.4048E+00  1.3094E+00  1.2388E+00
       1.2154E+00  1.1558E+00  1.1411E+00  1.1456E+00  1.1235E+00  1.0643E+00  1.1053E+00  1.0947E+00  1.1012E+00  1.1042E+00
       1.1176E+00  1.0931E+00  1.1914E+00  1.0739E+00  1.1510E+00  1.1638E+00  1.1952E+00  1.2109E+00  1.1886E+00  1.2217E+00
       1.2042E+00  1.2392E+00  1.2378E+00  1.2816E+00  1.3385E+00  1.2882E+00  1.3831E+00  1.4235E+00  1.3299E+00  1.3764E+00
       1.4471E+00  1.4745E+00  1.4579E+00  1.4624E+00  1.4643E+00  1.4851E+00  1.5686E+00  1.6093E+00  1.5898E+00  1.6096E+00
       1.6734E+00  1.6325E+00  1.7077E+00  1.7125E+00  1.7277E+00  1.7488E+00  1.8026E+00  1.7522E+00  1.8309E+00  1.8354E+00
       1.8548E+00  1.8520E+00  1.9675E+00  1.9471E+00  1.8872E+00  1.9964E+00  2.0293E+00  1.9468E+00  2.1478E+00  2.1553E+00
       2.0947E+00  2.2023E+00  2.2117E+00  2.2518E+00  2.2115E+00  2.3834E+00  2.2501E+00  2.3206E+00  2.4545E+00  2.4735E+00
       2.4171E+00  2.4900E+00  2.5173E+00  2.4882E+00  2.6440E+00  2.5660E+00  2.5658E+00  2.7294E+00  2.6932E+00  2.8355E+00
       2.6943E+00  2.7674E+00  2.8665E+00  2.7407E+00  2.8287E+00  2.9719E+00  2.9268E+00  3.0216E+00  3.1450E+00  3.2247E+00
       7.2426E+00  3.5531E+00  2.5576E+00  2.0759E+00  1.7000E+00  1.5481E+00  1.4117E+00  1.2672E+00  1.2360E+00  1.1990E+00
       1.1203E+00  1.0924E+00  1.1060E+00  1.0306E+00  1.0502E+00  1.0352E+00  1.0891E+00  1.0354E+00  1.0577E+00  1.1100E+00
       1.0751E+00  1.0878E+00  1.1547E+00  1.1065E+00  1.1230E+00  1.1744E+00  1.1259E+00  1.1741E+00  1.1502E+00  1.2079E+00
       1.2489E+00  1.2464E+00  1.2658E+00  1.2443E+00  1.2975E+00  1.2894E+00  1.3072E+00  1.3220E+00  1.3452E+00  1.4115E+00
       1.4603E+00  1.4193E+00  1.4802E+00  1.4717E+00  1.5820E+00  1.5069E+00  1.5176E+00  1.5360E+00  1.5442E+00  1.6749E+00
       1.6135E+00  1.6124E+00  1.6599E+00  1.6961E+00  1.6719E+00  1.8049E+00  1.8038E+00  1.9375E+00  1.8623E+00  1.8842E+00
       1.9525E+00  1.9093E+00  1.9896E+00  1.8925E+00  1.9294E+00  1.9389E+00  2.0150E+00  2.1334E+00  2.0951E+00  2.1501E+00
       2.2163E+00  2.2096E+00  2.1715E+00  2.2014E+00  2.2647E+00  2.1765E+00  2.2917E+00  2.4121E+00  2.3764E+00  2.4929E+00
       2.4193E+00  2.5134E+00  2.3930E+00  2.4839E+00  2.6515E+00  2.5663E+00  2.6474E+00  2.6026E+00  2.6411E+00  2.7364E+00
       2.7821E+00  2.7136E+00  2.8952E+00  3.0327E+00  2.8389E+00  2.8806E+00  3.1584E+00  2.8511E+00  3.0897E+00  2.9529E+00
       6.5640E+00  3.2185E+00  2.3589E+00  1.9973E+00  1.5823E+00  1.3646E+00  1.3052E+00  1.1949E+00  1.0973E+00  1.0903E+00
       1.0801E+00  1.0632E+00  1.0349E+00  9.9589E-01  9.8223E-01  1.0524E+00  1.0891E+00  1.0214E+00  1.0663E+00  1.0310E+00
       1.0496E+00  1.0846E+00  1.0505E+00  1.0598E+00  1.0931E+00  1.0997E+00  1.1444E+00  1.1605E+00  1.1636E+00  1.1970E+00
       1.1605E+00  1.1943E+00  1.2257E+00  1.2977E+00  1.2766E+00  1.3165E+00  1.3300E+00  1.3420E+00  1.3847E+00  1.3998E+00
       1.3607E+00  1.4079E+00  1.4497E+00  1.4557E+00  1.4511E+00  1.5247E+00  1.4788E+00  1.5451E+00  1.5390E+00  1.5333E+00
       1.5152E+00  1.6275E+00  1.6572E+00  1.7107E+00  1.6807E+00  1.7372E+00  1.7174E+00  1.7413E+00  1.8400E+00  1.8159E+00
       1.8777E+00  1.9840E+00  1.8590E+00  2.0144E+00  1.9124E+00  1.9192E+00  1.9521E+00  2.0654E+00  1.9647E+00  2.1021E+00
       2.1127E+00  2.1425E+00  2.1985E+00  2.2037E+00  2.2734E+00  2.2285E+00  2.2537E+00  2.2356E+00  2.2689E+00  2.4101E+00
       2.5464E+00  2.5144E+00  2.4979E+00  2.5080E+00  2.5953E+00  2.6903E+00  2.6529E+00  2.8182E+00  2.7511E+00  2.6705E+00
       2.7505E+00  2.8211E+00  2.7955E+00  2.7946E+00  2.8364E+00  2.9581E+00  3.0455E+00  3.0215E+00  3.0370E+00  2.9927E+00
       6.1541E+00  3.1901E+00  2.1888E+00  1.7565E+00  1.4892E+00  1.3076E+00  1.2143E+00  1.1052E+00  1.0452E+00  1.1046E+00
       1.0231E+00  9.9736E-01  9.6100E-01  9.9322E-01  9.8796E-01  9.9520E-01  9.5991E-01  9.4945E-01  9.7907E-01  9.9472E-01
       1.0153E+00  1.0233E+00  1.0585E+00  1.0502E+00  1.0741E+00  1.1193E+00  1.1517E+00  1.1506E+00  1.1529E+00  1.1500E+00
       1.2084E+00  1.1754E+00  1.2132E+00  1.2540E+00  1.2269E+00  1.3347E+00  1.3353E+00  1.3545E+00  1.3292E+00  1.3335E+00
       1.3897E+00  1.3518E+00  1.3847E+00  1.4435E+00  1.4587E+00  1.4385E+00  1.5290E+00  1.5805E+00  1.5500E+00  1.5204E+00
       1.5801E+00  1.7035E+00  1.6874E+00  1.6824E+00  1.7089E+00  1.8146E+00  1.7249E+00  1.7489E+00  1.9227E+00  1.7730E+00
       1.7852E+00  1.9567E+00  1.8586E+00  1.9107E+00  1.9784E+00  2.0201E+00  1.9899E+00  2.1204E+00  2.0073E+00  2.1664E+00
       2.1588E+00  2.1895E+00  2.2278E+00  2.1760E+00  2.2801E+00  2.2625E+00  2.2617E+00  2.2098E+00  2.3123E+00  2.3969E+00
       2.3619E+00  2.5354E+00  2.4148E+00  2.5324E+00  2.6310E+00  2.6682E+00  2.6860E+00  2.6030E+00  2.6436E+00  2.6851E+00
       2.8531E+00  2.7475E+00  2.8539E+00  2.8855E+00  2.9275E+00  2.7723E+00  2.8485E+00  2.8788E+00  2.9666E+00  3.1150E+00
       5.6483E+00  2.7725E+00  2.0278E+00  1.6022E+00  1.3527E+00  1.2255E+00  1.1328E+00  1.0630E+00  1.0124E+00  9.8280E-01
       9.3946E-01  9.6638E-01  9.5767E-01  9.5772E-01  9.5898E-01  9.1279E-01  9.2618E-01  9.6863E-01  9.7263E-01  9.6871E-01
       1.0061E+00  9.8059E-01  1.0279E+00  1.0109E+00  1.0308E+00  1.1032E+00  1.1170E+00  1.1173E+00  1.1078E+00  1.1861E+00
       1.1855E+00  1.1907E+00  1.1474E+00  1.2163E+00  1.2736E+00  1.2507E+00  1.2764E+00  1.2980E+00  1.3068E+00  1.3220E+00
       1.3387E+00  1.3689E+00  1.4705E+00  1.4953E+00  1.4869E+00  1.5178E+00  1.4787E+00  1.5263E+00  1.4958E+00  1.5796E+00
       1.6011E+00  1.5861E+00  1.6508E+00  1.5953E+00  1.6847E+00  1.7413E+00  1.7289E+00  1.7666E+00  1.8277E+00  1.7532E+00
       1.8041E+00  1.8965E+00  1.8865E+00  1.9595E+00  1.8996E+00  2.0400E+00  1.9344E+00  2.0533E+00  2.0276E+00  2.0787E+00
       1.9981E+00  2.1496E+00  2.2051E+00  2.1616E+00  2.1831E+00  2.3387E+00  2.3752E+00  2.3171E+00  2.3602E+00  2.4537E+00
       2.3770E+00  2.3975E+00  2.4256E+00  2.4897E+00  2.5898E+00  2.4905E+00  2.6353E+00  2.6203E+00  2.8371E+00  2.7922E+00
       2.6750E+00  2.7995E+00  2.7710E+00  2.8603E+00  2.9932E+00  2.8529E+00  2.9341E+00  3.0366E+00  2.9527E+00  3.0888E+00
       5.4979E+00  2.6287E+00  1.8587E+00  1.4226E+00  1.2632E+00  1.0749E+00  9.3388E-01  9.6362E-01  9.4056E-01  8.7495E-01
       8.9917E-01  8.7866E-01  8.8146E-01  9.0534E-01  8.8331E-01  9.3821E-01  8.9907E-01  9.3223E-01  9.2010E-01  9.4231E-01
       9.5200E-01  9.5915E-01  9.7545E-01  9.9304E-01  1.0168E+00  1.0759E+00  1.0798E+00  1.0557E+00  1.0822E+00  1.0829E+00
       1.1591E+00  1.1681E+00  1.2043E+00  1.1885E+00  1.2608E+00  1.2636E+00  1.2128E+00  1.2816E+00  1.2881E+00  1.3715E+00
       1.3168E+00  1.3516E+00  1.3678E+00  1.4456E+00  1.4553E+00  1.4580E+00  1.4832E+00  1.5384E+00  1.5155E+00  1.5189E+00
       1.4806E+00  1.5455E+00  1.6067E+00  1.7091E+00  1.6470E+00  1.7180E+00  1.6776E+00  1.7716E+00  1.7584E+00  1.7790E+00
       1.7981E+00  1.8712E+00  1.9043E+00  1.8618E+00  1.9891E+00  1.9372E+00  2.0527E+00  2.0834E+00  1.9607E+00  2.1144E+00
       2.1546E+00  2.0945E+00  2.2068E+00  2.2038E+00  2.1852E+00  2.1833E+00  2.3190E+00  2.3708E+00  2.2580E+00  2.3788E+00
       2.4288E+00  2.4035E+00  2.5636E+00  2.5132E+00  2.5730E+00  2.5117E+00  2.5270E+00  2.6240E+00  2.6220E+00  2.5590E+00
       2.8302E+00  2.8291E+00  2.7008E+00  2.8119E+00  2.8946E+00  2.8711E+00  2.9309E+00  2.9919E+00  3.0145E+00  3.0272E+00
       4.7481E+00  2.3457E+00  1.7112E+00  1.2891E+00  1.0803E+00  1.0019E+00  9.2636E-01  9.1586E-01  8.5359E-01  8.5709E-01
       8.6651E-01  8.4169E-01  8.6973E-01  8.4799E-01  8.6823E-01  8.5978E-01  8.8472E-01  8.7749E-01  9.4498E-01  9.3621E-01
       9.5926E-01  9.7493E-01  9.8472E-01  1.0074E+00  1.0043E+00  1.0265E+00  1.0287E+00  1.0915E+00  1.0944E+00  1.1585E+00
       1.1661E+00  1.1340E+00  1.1512E+00  1.2013E+00  1.2011E+00  1.2539E+00  1.2449E+00  1.2277E+00  1.2750E+00  1.3799E+00
       1.3489E+00  1.3399E+00  1.3826E+00  1.4423E+00  1.4125E+00  1.4573E+00  1.4930E+00  1.5069E+00  1.4869E+00  1.5441E+00
       1.5908E+00  1.6727E+00  1.6579E+00  1.6297E+00  1.6458E+00  1.7003E+00  1.7890E+00  1.7406E+00  1.7791E+00  1.7245E+00
       1.8086E+00  1.8135E+00  1.8485E+00  1.9009E+00  1.8089E+00  1.9637E+00  1.8738E+00  2.1234E+00  2.0604E+00  2.0541E+00
       2.1417E+00  2.0498E+00  2.1511E+00  2.2222E+00  2.1996E+00  2.2826E+00  2.3555E+00  2.3297E+00  2.3676E+00  2.3731E+00
       2.3630E+00  2.5091E+00  2.3550E+00  2.4668E+00  2.5960E+00  2.6021E+00  2.5858E+00  2.7192E+00  2.7726E+00  2.6259E+00
       2.6922E+00  2.9086E+00  2.8281E+00  2.8907E+00  2.8898E+00  2.8898E+00  2.9503E+00  2.9663E+00  3.0127E+00  3.1114E+00
       4.6506E+00  2.1173E+00  1.4107E+00  1.0932E+00  1.0021E+00  8.9021E-01  8.4007E-01  8.2240E-01  7.7088E-01  8.0047E-01
       8.2332E-01  7.7970E-01  7.9192E-01  8.0211E-01  8.3618E-01  8.5115E-01  8.3981E-01  8.7129E-01  8.9492E-01  9.2512E-01
       9.5482E-01  9.3514E-01  9.4338E-01  1.0182E+00  1.0081E+00  9.7575E-01  1.0273E+00  1.0505E+00  1.0662E+00  1.1218E+00
       1.1032E+00  1.1507E+00  1.1508E+00  1.1843E+00  1.2299E+00  1.2444E+00  1.2998E+00  1.2702E+00  1.2491E+00  1.2888E+00
       1.2917E+00  1.4390E+00  1.3941E+00  1.4652E+00  1.4711E+00  1.4819E+00  1.4457E+00  1.4135E+00  1.4575E+00  1.5264E+00
       1.6080E+00  1.6047E+00  1.5887E+00  1.6505E+00  1.7517E+00  1.6814E+00  1.6956E+00  1.6927E+00  1.7946E+00  1.7631E+00
       1.8704E+00  1.8520E+00  1.8459E+00  1.9140E+00  1.9490E+00  1.9964E+00  1.9940E+00  1.9571E+00  2.0652E+00  2.0493E+00
       2.1248E+00  2.1406E+00  2.1324E+00  2.1762E+00  2.2113E+00  2.3000E+00  2.3531E+00  2.3547E+00  2.4450E+00  2.4238E+00
       2.4817E+00  2.3943E+00  2.4510E+00  2.4868E+00  2.4665E+00  2.4277E+00  2.6421E+00  2.7064E+00  2.5677E+00  2.6558E+00
       2.7224E+00  2.8550E+00  2.7027E+00  2.7693E+00  2.8423E+00  3.1600E+00  2.8242E+00  3.0294E+00  2.9828E+00  2.9486E+00
       3.9015E+00  1.8786E+00  1.2236E+00  1.0471E+00  8.4649E-01  7.8276E-01  7.9373E-01  7.6780E-01  7.4724E-01  7.4141E-01
       7.4838E-01  7.9541E-01  7.6228E-01  7.7660E-01  8.1263E-01  8.0277E-01  8.4779E-01  8.6011E-01  8.9480E-01  8.7582E-01
       9.0978E-01  9.2209E-01  9.5590E-01  9.5741E-01  9.8085E-01  9.8281E-01  9.7368E-01  1.0480E+00  1.0653E+00  1.0816E+00
       1.0797E+00  1.1394E+00  1.0965E+00  1.1891E+00  1.2199E+00  1.2155E+00  1.1646E+00  1.2188E+00  1.3097E+00  1.3258E+00
       1.3093E+00  1.3035E+00  1.3367E+00  1.3975E+00  1.3773E+00  1.4215E+00  1.5047E+00  1.3991E+00  1.5055E+00  1.5605E+00
       1.5265E+00  1.5579E+00  1.6959E+00  1.6087E+00  1.6495E+00  1.6569E+00  1.6968E+00  1.8365E+00  1.7808E+00  1.6842E+00
       1.8438E+00  1.7423E+00  1.8678E+00  1.8740E+00  1.9419E+00  2.0078E+00  1.9533E+00  2.0562E+00  2.0763E+00  2.1344E+00
       2.1124E+00  2.1317E+00  2.1396E+00  2.1721E+00  2.2445E+00  2.2531E+00  2.2183E+00  2.3131E+00  2.2966E+00  2.3465E+00
       2.3487E+00  2.3978E+00  2.5794E+00  2.4999E+00  2.5408E+00  2.5623E+00  2.4866E+00  2.6175E+00  2.5497E+00  2.7807E+00
       2.7961E+00  2.7043E+00  2.8050E+00  2.8652E+00  2.9287E+00  2.9545E+00  2.9876E+00  2.8244E+00  2.9788E+00  2.9781E+00
       3.3136E+00  1.5552E+00  1.0820E+00  8.6017E-01  7.7199E-01  7.3558E-01  6.9708E-01  6.9579E-01  6.9547E-01  6.8955E-01
       7.1922E-01  7.4491E-01  7.4363E-01  7.5632E-01  7.7696E-01  7.9456E-01  7.9295E-01  8.2514E-01  8.4683E-01  8.5268E-01
       9.0658E-01  8.9092E-01  9.7016E-01  9.1638E-01  9.8259E-01  9.9247E-01  1.0131E+00  1.0396E+00  1.0473E+00  1.0567E+00
       1.1364E+00  1.1021E+00  1.1541E+00  1.1446E+00  1.1903E+00  1.1957E+00  1.2381E+00  1.2608E+00  1.2700E+00  1.3256E+00
       1.3029E+00  1.2991E+00  1.3378E+00  1.3716E+00  1.4048E+00  1.4746E+00  1.4911E+00  1.4413E+00  1.4683E+00  1.5284E+00
       1.5687E+00  1.6631E+00  1.6492E+00  1.6719E+00  1.6383E+00  1.6448E+00  1.7268E+00  1.7464E+00  1.7488E+00  1.8188E+00
       1.8136E+00  1.8555E+00  1.7924E+00  1.8656E+00  1.9247E+00  1.9565E+00  1.9182E+00  2.0274E+00  2.0757E+00  2.0581E+00
       2.0492E+00  2.0709E+00  2.0583E+00  2.0637E+00  2.1390E+00  2.1658E+00  2.3234E+00  2.3107E+00  2.2792E+00  2.2644E+00
       2.3838E+00  2.4939E+00  2.4551E+00  2.6304E+00  2.4487E+00  2.6520E+00  2.5827E+00  2.7473E+00  2.7494E+00  2.6847E+00
       2.6507E+00  2.6718E+00  2.8806E+00  2.9162E+00  2.8005E+00  2.8659E+00  2.7864E+00  2.9233E+00  2.9096E+00  3.0636E+00
       2.9801E+00  1.2509E+00  8.3888E-01  7.0542E-01  6.8273E-01  6.6563E-01  6.3970E-01  6.5570E-01  6.3820E-01  6.6983E-01
       6.7118E-01  6.7193E-01  7.2134E-01  7.2754E-01  7.4502E-01  7.7030E-01  7.9252E-01  8.0046E-01  8.3658E-01  8.5015E-01
       8.7951E-01  8.6177E-01  9.2076E-01  9.4161E-01  9.6784E-01  9.9542E-01  9.9849E-01  1.0104E+00  1.0266E+00  1.0734E+00
       1.0539E+00  1.1720E+00  1.1164E+00  1.1657E+00  1.2186E+00  1.2167E+00  1.2435E+00  1.1969E+00  1.2446E+00  1.3125E+00
       1.3025E+00  1.3044E+00  1.3213E+00  1.4016E+00  1.4081E+00  1.4810E+00  1.5178E+00  1.4905E+00  1.5461E+00  1.5087E+00
       1.5117E+00  1.5825E+00  1.6272E+00  1.5661E+00  1.6636E+00  1.6998E+00  1.7308E+00  1.7379E+00  1.7499E+00  1.8572E+00
       1.8204E+00  1.8804E+00  1.8832E+00  1.9134E+00  1.9239E+00  1.9886E+00  2.0274E+00  2.0087E+00  1.9660E+00  2.0818E+00
       2.0639E+00  2.0015E+00  2.2092E+00  2.1883E+00  2.1591E+00  2.1322E+00  2.1778E+00  2.2402E+00  2.3272E+00  2.2883E+00
       2.3682E+00  2.4773E+00  2.5671E+00  2.4898E+00  2.4810E+00  2.4437E+00  2.5190E+00  2.6591E+00  2.7496E+00  2.5807E+00
       2.7761E+00  2.6960E+00  2.7843E+00  2.8451E+00  2.7472E+00  2.8895E+00  2.9795E+00  3.1735E+00  2.9991E+00  3.1062E+00
       2.2441E+00  9.7239E-01  6.9864E-01  6.0756E-01  6.0190E-01  5.6993E-01  5.9045E-01  6.2177E-01  5.8868E-01  6.3551E-01
       6.4370E-01  6.9996E-01  6.9000E-01  7.2417E-01  7.3651E-01  7.4258E-01  8.0066E-01  7.7971E-01  7.9857E-01  8.3458E-01
       8.7379E-01  8.5704E-01  8.9723E-01  9.4163E-01  9.3572E-01  9.3977E-01  1.0022E+00  1.0151E+00  1.0227E+00  1.0799E+00
       1.0838E+00  1.1054E+00  1.1240E+00  1.1381E+00  1.1818E+00  1.1888E+00  1.2390E+00  1.2522E+00  1.2117E+00  1.3622E+00
       1.3456E+00  1.3298E+00  1.3458E+00  1.3986E+00  1.3945E+00  1.4739E+00  1.4775E+00  1.5238E+00  1.5238E+00  1.5307E+00
       1.5415E+00  1.5902E+00  1.5158E+00  1.6369E+00  1.7074E+00  1.7174E+00  1.7285E+00  1.7584E+00  1.7724E+00  1.7174E+00
       1.8554E+00  1.7790E+00  1.9020E+00  1.9278E+00  1.9099E+00  1.8713E+00  1.9661E+00  1.9314E+00  1.9422E+00  2.0013E+00
       2.0840E+00  2.0775E+00  2.2005E+00  2.2351E+00  2.2442E+00  2.1163E+00  2.2269E+00  2.2778E+00  2.2189E+00  2.3286E+00
       2.2500E+00  2.4035E+00  2.4745E+00  2.5523E+00  2.4809E+00  2.6842E+00  2.6230E+00  2.6148E+00  2.6515E+00  2.7339E+00
       2.6269E+00  2.7003E+00  2.8905E+00  2.8599E+00  2.8115E+00  2.7811E+00  2.9651E+00  2.9182E+00  3.0051E+00  3.1412E+00
       4.2319E-01  6.5757E-01  5.4055E-01  5.1765E-01  5.1549E-01  5.2608E-01  5.5299E-01  5.3903E-01  5.7985E-01  6.4357E-01
       6.3998E-01  6.4053E-01  6.5281E-01  7.3865E-01  6.9408E-01  7.2963E-01  7.7020E-01  7.9378E-01  8.0822E-01  8.1239E-01
       7.9720E-01  8.5662E-01  8.9825E-01  9.6992E-01  9.2821E-01  9.7532E-01  9.9451E-01  1.0010E+00  1.0077E+00  1.0631E+00
       1.1007E+00  1.0784E+00  1.1177E+00  1.1075E+00  1.1997E+00  1.1894E+00  1.2571E+00  1.2161E+00  1.2676E+00  1.2751E+00
       1.2871E+00  1.3046E+00  1.3725E+00  1.3564E+00  1.4204E+00  1.4543E+00  1.4511E+00  1.4413E+00  1.4841E+00  1.5593E+00
       1.4439E+00  1.5187E+00  1.5781E+00  1.6702E+00  1.5728E+00  1.7722E+00  1.7284E+00  1.7382E+00  1.7369E+00  1.8016E+00
       1.7995E+00  1.7826E+00  1.8870E+00  1.8860E+00  2.0417E+00  2.0030E+00  1.9199E+00  2.0235E+00  2.0905E+00  2.1262E+00
       2.1410E+00  2.0883E+00  2.1510E+00  2.1459E+00  2.2048E+00  2.2991E+00  2.2797E+00  2.2799E+00  2.3460E+00  2.3987E+00
       2.4864E+00  2.4327E+00  2.5120E+00  2.5168E+00  2.5059E+00  2.5612E+00  2.5936E+00  2.5835E+00  2.7885E+00  2.7156E+00
       2.8526E+00  2.6839E+00  2.7126E+00  2.7423E+00  2.9453E+00  2.8652E+00  2.9956E+00  3.0956E+00  3.0601E+00  3.0652E+00
       5.1800E-01  4.2715E-01  4.4251E-01  4.5652E-01  4.6022E-01  4.9296E-01  5.2459E-01  5.4188E-01  5.5344E-01  5.8341E-01
       6.2780E-01  6.4611E-01  6.6066E-01  6.8313E-01  7.0293E-01  7.3563E-01  7.6441E-01  7.8625E-01  8.4224E-01  8.0579E-01
       8.3997E-01  8.3962E-01  8.6108E-01  9.2105E-01  9.6321E-01  9.1667E-01  9.6841E-01  1.0192E+00  1.0255E+00  1.0074E+00
       1.0991E+00  1.1247E+00  1.1288E+00  1.1157E+00  1.1555E+00  1.2075E+00  1.2067E+00  1.2381E+00  1.3253E+00  1.2951E+00
       1.3181E+00  1.3545E+00  1.3614E+00  1.3642E+00  1.4061E+00  1.4268E+00  1.4760E+00  1.4890E+00  1.4259E+00  1.5342E+00
       1.5793E+00  1.5346E+00  1.5072E+00  1.5594E+00  1.6817E+00  1.6765E+00  1.6968E+00  1.6755E+00  1.7450E+00  1.7195E+00
       1.7352E+00  1.8397E+00  1.9052E+00  1.8378E+00  1.9142E+00  1.9608E+00  2.0684E+00  2.0047E+00  2.0832E+00  2.0728E+00
       2.0601E+00  2.1660E+00  2.1372E+00  2.0290E+00  2.1735E+00  2.2003E+00  2.1924E+00  2.2665E+00  2.2678E+00  2.2894E+00
       2.4584E+00  2.3300E+00  2.4346E+00  2.5910E+00  2.3749E+00  2.5404E+00  2.5832E+00  2.6910E+00  2.6901E+00  2.5331E+00
       2.7696E+00  2.7652E+00  2.7366E+00  3.0187E+00  2.9300E+00  3.0507E+00  3.0419E+00  3.0541E+00  3.0974E+00  2.9525E+00
       3.0505E-01  3.4205E-01  3.9115E-01  4.1284E-01  4.5417E-01  4.6754E-01  5.1714E-01  5.2504E-01  5.6087E-01  6.1250E-01
       6.1893E-01  6.2180E-01  6.7431E-01  6.8030E-01  7.0807E-01  6.8924E-01  7.8308E-01  7.6746E-01  7.8295E-01  8.1583E-01
       8.6301E-01  8.6728E-01  8.8480E-01  8.9627E-01  9.0836E-01  9.1933E-01  9.4422E-01  1.0316E+00  1.0653E+00  1.0797E+00
       1.0809E+00  1.0976E+00  1.1481E+00  1.1607E+00  1.1698E+00  1.2183E+00  1.1793E+00  1.2595E+00  1.2518E+00  1.2332E+00
       1.3589E+00  1.3176E+00  1.3661E+00  1.4311E+00  1.4213E+00  1.4111E+00  1.4980E+00  1.5205E+00  1.5446E+00  1.5038E+00
       1.5570E+00  1.5285E+00  1.5621E+00  1.6649E+00  1.6371E+00  1.6786E+00  1.7151E+00  1.6903E+00  1.7864E+00  1.7678E+00
       1.8300E+00  1.8403E+00  1.9138E+00  1.9093E+00  1.9059E+00  1.9928E+00  2.0187E+00  1.9715E+00  2.0744E+00  2.0540E+00
       2.0928E+00  2.1213E+00  2.1246E+00  2.1716E+00  2.2029E+00  2.1890E+00  2.2277E+00  2.3215E+00  2.2882E+00  2.3195E+00
       2.4710E+00  2.3143E+00  2.3795E+00  2.5452E+00  2.4526E+00  2.4714E+00  2.5762E+00  2.5725E+00  2.8141E+00  2.7204E+00
       2.8542E+00  2.8676E+00  2.8187E+00  2.7213E+00  2.9387E+00  2.9688E+00  2.9616E+00  3.0712E+00  3.1651E+00  3.0935E+00
       3.0233E-01  2.9867E-01  3.3965E-01  3.7777E-01  4.2614E-01  4.4417E-01  4.8842E-01  5.1339E-01  5.3543E-01  5.6697E-01
       5.8342E-01  6.0950E-01  6.5350E-01  6.8888E-01  7.0604E-01  7.1309E-01  7.3028E-01  7.7127E-01  8.0884E-01  8.4809E-01
       8.5819E-01  8.8660E-01  9.1548E-01  9.2273E-01  9.2412E-01  9.9280E-01  9.5892E-01  1.0024E+00  1.0249E+00  9.8127E-01
       1.1032E+00  1.0971E+00  1.0972E+00  1.0985E+00  1.1793E+00  1.2085E+00  1.2646E+00  1.2259E+00  1.2791E+00  1.2949E+00
       1.3711E+00  1.3743E+00  1.3996E+00  1.3983E+00  1.3980E+00  1.4634E+00  1.4757E+00  1.5193E+00  1.4972E+00  1.5675E+00
       1.5842E+00  1.5955E+00  1.6094E+00  1.5807E+00  1.7121E+00  1.7009E+00  1.6998E+00  1.6944E+00  1.7358E+00  1.7659E+00
       1.8371E+00  1.8663E+00  1.8913E+00  1.9511E+00  1.9147E+00  2.0317E+00  1.9303E+00  1.9802E+00  2.0710E+00  2.1172E+00
       2.1049E+00  2.1575E+00  2.1617E+00  2.1544E+00  2.2722E+00  2.3008E+00  2.2997E+00  2.2814E+00  2.3444E+00  2.3059E+00
       2.3182E+00  2.3683E+00  2.4405E+00  2.4325E+00  2.6235E+00  2.5677E+00  2.5514E+00  2.6220E+00  2.6202E+00  2.6790E+00
       2.7599E+00  2.7373E+00  2.8655E+00  2.7615E+00  2.6979E+00  2.9448E+00  2.8974E+00  2.9034E+00  2.9406E+00  3.0448E+00
       3.0048E-01  2.8746E-01  3.2994E-01  3.7406E-01  3.9951E-01  4.4115E-01  4.7611E-01  5.0539E-01  5.4943E-01  5.5807E-01
       5.8601E-01  6.3310E-01  6.4301E-01  6.7950E-01  7.0175E-01  7.1829E-01  7.6550E-01  7.6810E-01  7.9731E-01  8.0969E-01
       8.2911E-01  8.7385E-01  8.8885E-01  9.1718E-01  9.5690E-01  9.5733E-01  1.0373E+00  9.9778E-01  1.0036E+00  1.0419E+00
       1.0476E+00  1.1223E+00  1.0942E+00  1.1878E+00  1.1729E+00  1.2059E+00  1.2420E+00  1.2640E+00  1.2050E+00  1.2935E+00
       1.3337E+00  1.3269E+00  1.3537E+00  1.3546E+00  1.4058E+00  1.4426E+00  1.4258E+00  1.5149E+00  1.5729E+00  1.4988E+00
       1.5887E+00  1.5904E+00  1.5680E+00  1.6656E+00  1.6498E+00  1.7252E+00  1.7492E+00  1.7496E+00  1.7397E+00  1.7960E+00
       1.8304E+00  1.8154E+00  1.9088E+00  1.8468E+00  1.8514E+00  1.9228E+00  1.9078E+00  1.9767E+00  1.9954E+00  2.0857E+00
       2.1773E+00  2.1033E+00  2.1211E+00  2.1552E+00  2.1812E+00  2.2389E+00  2.2073E+00  2.2581E+00  2.4201E+00  2.3934E+00
       2.4525E+00  2.3400E+00  2.5016E+00  2.5904E+00  2.5390E+00  2.4838E+00  2.6134E+00  2.7541E+00  2.7179E+00  2.6630E+00
       2.7792E+00  2.7525E+00  2.8156E+00  2.8440E+00  2.8634E+00  2.9630E+00  3.0454E+00  3.0373E+00  3.1342E+00  2.9825E+00
       3.0179E-01  2.9777E-01  3.3209E-01  3.6940E-01  3.9086E-01  4.3462E-01  4.6842E-01  4.8571E-01  5.4173E-01  5.5003E-01
       5.8705E-01  6.2639E-01  6.5616E-01  6.7919E-01  6.9746E-01  7.6399E-01  7.1140E-01  8.0758E-01  8.0891E-01  8.0434E-01
       8.6403E-01  9.1145E-01  8.5324E-01  8.9231E-01  9.2126E-01  9.8964E-01  9.9490E-01  1.0035E+00  1.0343E+00  1.0656E+00
       1.1049E+00  1.1440E+00  1.1608E+00  1.1788E+00  1.1998E+00  1.2107E+00  1.2237E+00  1.2788E+00  1.2773E+00  1.2689E+00
       1.2790E+00  1.3145E+00  1.3357E+00  1.3500E+00  1.4302E+00  1.4829E+00  1.5042E+00  1.5278E+00  1.5125E+00  1.4977E+00
       1.5920E+00  1.5925E+00  1.6662E+00  1.6265E+00  1.6528E+00  1.7404E+00  1.6145E+00  1.7269E+00  1.7852E+00  1.7513E+00
       1.8766E+00  1.8271E+00  1.8949E+00  1.9300E+00  1.9387E+00  1.9078E+00  1.9460E+00  2.0294E+00  2.0456E+00  2.1227E+00
       2.0744E+00  2.1334E+00  2.2009E+00  2.1808E+00  2.2680E+00  2.2282E+00  2.3558E+00  2.2287E+00  2.3197E+00  2.2554E+00
       2.3887E+00  2.3570E+00  2.5001E+00  2.4606E+00  2.4397E+00  2.6875E+00  2.5737E+00  2.6810E+00  2.6377E+00  2.8001E+00
       2.6565E+00  2.9654E+00  2.7586E+00  2.8236E+00  2.9487E+00  2.8823E+00  2.9375E+00  2.9672E+00  3.0200E+00  3.0599E+00
       3.0561E-01  3.1581E-01  3.6531E-01  3.7426E-01  4.1293E-01  4.5636E-01  4.9073E-01  4.8151E-01  5.2737E-01  5.5874E-01
       6.0081E-01  6.3103E-01  6.5548E-01  6.6698E-01  6.8977E-01  7.0940E-01  7.6656E-01  7.8687E-01  8.2402E-01  8.0023E-01
       8.4111E-01  8.7291E-01  8.7612E-01  8.9101E-01  9.3603E-01  9.8333E-01  1.0139E+00  1.0067E+00  1.0398E+00  1.0033E+00
       1.0511E+00  1.1379E+00  1.0922E+00  1.1759E+00  1.2280E+00  1.2095E+00  1.2291E+00  1.2436E+00  1.2374E+00  1.2863E+00
       1.2749E+00  1.3323E+00  1.3164E+00  1.4447E+00  1.4071E+00  1.4364E+00  1.4464E+00  1.4987E+00  1.5453E+00  1.5780E+00
       1.5033E+00  1.5755E+00  1.6450E+00  1.6437E+00  1.7110E+00  1.6694E+00  1.7268E+00  1.6939E+00  1.7720E+00  1.7813E+00
       1.8068E+00  1.7643E+00  1.8806E+00  1.8290E+00  1.9473E+00  1.9398E+00  1.9203E+00  1.9810E+00  1.9850E+00  2.1319E+00
       2.1784E+00  2.1504E+00  2.1213E+00  2.1895E+00  2.2089E+00  2.2422E+00  2.3192E+00  2.2694E+00  2.2684E+00  2.4457E+00
       2.4004E+00  2.4090E+00  2.5240E+00  2.4923E+00  2.5380E+00  2.4858E+00  2.6443E+00  2.7208E+00  2.7103E+00  2.6687E+00
       2.7403E+00  2.7579E+00  2.8069E+00  2.8569E+00  2.8365E+00  2.9605E+00  2.8526E+00  2.9521E+00  2.9993E+00  3.0616E+00
       3.1018E-01  3.3825E-01  3.8112E-01  4.2190E-01  4.5195E-01  4.7405E-01  4.9470E-01  5.4021E-01  5.5822E-01  5.7254E-01
       6.0545E-01  6.4006E-01  6.6576E-01  6.5293E-01  7.2159E-01  7.4033E-01  7.5125E-01  7.5677E-01  7.8886E-01  8.4695E-01
       8.5115E-01  8.7579E-01  9.0327E-01  8.9148E-01  9.5752E-01  9.9184E-01  9.7267E-01  1.0271E+00  1.0642E+00  1.0628E+00
       1.1217E+00  1.0824E+00  1.1438E+00  1.1492E+00  1.1448E+00  1.2274E+00  1.2191E+00  1.2413E+00  1.3115E+00  1.2246E+00
       1.2865E+00  1.2999E+00  1.3483E+00  1.4076E+00  1.3789E+00  1.4605E+00  1.4054E+00  1.4710E+00  1.5363E+00  1.4469E+00
       1.5452E+00  1.5890E+00  1.6198E+00  1.6007E+00  1.7106E+00  1.7073E+00  1.7676E+00  1.6692E+00  1.8292E+00  1.9134E+00
       1.7489E+00  1.8721E+00  1.8904E+00  1.9056E+00  1.8616E+00  1.9190E+00  2.0068E+00  1.9955E+00  2.0294E+00  1.9947E+00
       2.0755E+00  2.1884E+00  2.1505E+00  2.1658E+00  2.2229E+00  2.2102E+00  2.2595E+00  2.2026E+00  2.3344E+00  2.2692E+00
       2.3891E+00  2.4348E+00  2.4741E+00  2.5163E+00  2.5859E+00  2.6326E+00  2.5641E+00  2.5681E+00  2.6105E+00  2.6625E+00
       2.7548E+00  2.8619E+00  2.7748E+00  2.9221E+00  2.8075E+00  2.8251E+00  2.9249E+00  2.9815E+00  2.9730E+00  3.0665E+00
       5.1789E-01  3.9842E-01  4.1854E-01  4.3812E-01  4.8512E-01  4.8132E-01  5.3155E-01  5.2041E-01  5.7571E-01  5.9079E-01
       6.2153E-01  6.3615E-01  6.3442E-01  6.9225E-01  7.0458E-01  7.2117E-01  7.4479E-01  7.8298E-01  8.4122E-01  8.2491E-01
       8.8520E-01  8.5020E-01  8.7835E-01  9.0411E-01  9.4400E-01  9.5694E-01  9.9083E-01  1.0450E+00  1.0335E+00  1.0340E+00
       1.0862E+00  1.0841E+00  1.1095E+00  1.1745E+00  1.1909E+00  1.2254E+00  1.1869E+00  1.2495E+00  1.2120E+00  1.2945E+00
       1.3322E+00  1.3453E+00  1.3693E+00  1.3773E+00  1.3609E+00  1.3847E+00  1.4869E+00  1.4394E+00  1.5139E+00  1.5512E+00
       1.5620E+00  1.5841E+00  1.5851E+00  1.6463E+00  1.5929E+00  1.6722E+00  1.6778E+00  1.7457E+00  1.8180E+00  1.7789E+00
       1.7416E+00  1.8276E+00  1.8396E+00  1.8639E+00  1.8990E+00  1.9325E+00  1.9898E+00  1.9935E+00  2.0520E+00  2.1150E+00
       2.1647E+00  2.2103E+00  2.1109E+00  2.1662E+00  2.2178E+00  2.2199E+00  2.1583E+00  2.3721E+00  2.3804E+00  2.2736E+00
       2.3078E+00  2.3792E+00  2.3266E+00  2.4511E+00  2.6579E+00  2.6068E+00  2.5608E+00  2.6392E+00  2.7208E+00  2.6799E+00
       2.6719E+00  2.8768E+00  2.7193E+00  2.7709E+00  2.8485E+00  2.8422E+00  2.9635E+00  3.0692E+00  3.0393E+00  2.9717E+00
       4.3007E-01  6.4739E-01  5.2895E-01  5.2529E-01  5.1516E-01  5.4201E-01  5.3437E-01  5.7512E-01  6.0466E-01  5.9134E-01
       6.0860E-01  6.5855E-01  6.6815E-01  6.9820E-01  7.1981E-01  7.4189E-01  7.7775E-01  7.9346E-01  8.0032E-01  8.4326E-01
       8.2930E-01  8.4984E-01  8.8242E-01  8.8501E-01  9.3069E-01  9.8444E-01  9.6218E-01  1.0107E+00  1.0943E+00  1.0658E+00
       1.0812E+00  1.1083E+00  1.1233E+00  1.1446E+00  1.1457E+00  1.2174E+00  1.2151E+00  1.2271E+00  1.2458E+00  1.3347E+00
       1.3243E+00  1.3298E+00  1.3340E+00  1.3446E+00  1.3797E+00  1.4328E+00  1.4526E+00  1.4477E+00  1.5123E+00  1.4922E+00
       1.5143E+00  1.5993E+00  1.6281E+00  1.6719E+00  1.6686E+00  1.6254E+00  1.6799E+00  1.6405E+00  1.7588E+00  1.7418E+00
       1.8026E+00  1.8792E+00  1.8812E+00  1.9122E+00  1.8508E+00  2.0040E+00  1.9658E+00  2.0284E+00  1.8968E+00  2.1792E+00
       2.1223E+00  2.1336E+00  2.0270E+00  2.1423E+00  2.1861E+00  2.2521E+00  2.1484E+00  2.2302E+00  2.2478E+00  2.4397E+00
       2.4217E+00  2.3702E+00  2.4929E+00  2.4372E+00  2.5057E+00  2.4381E+00  2.6626E+00  2.5484E+00  2.6275E+00  2.7038E+00
       2.7420E+00  2.6816E+00  2.7609E+00  2.9424E+00  2.8866E+00  2.8477E+00  2.8482E+00  2.9740E+00  2.9509E+00  3.1058E+00
       2.1969E+00  9.7282E-01  6.8146E-01  6.2045E-01  5.7998E-01  5.7502E-01  6.1690E-01  5.8109E-01  6.1644E-01  6.2033E-01
       6.5378E-01  6.8464E-01  7.0575E-01  7.3542E-01  7.3159E-01  7.4278E-01  7.8527E-01  7.7671E-01  7.9061E-01  8.8161E-01
       8.3018E-01  8.8095E-01  8.8161E-01  9.4564E-01  9.3331E-01  9.5725E-01  1.0193E+00  1.0413E+00  1.0263E+00  1.0509E+00
       1.0654E+00  1.1066E+00  1.1264E+00  1.0981E+00  1.1349E+00  1.2044E+00  1.1871E+00  1.2513E+00  1.2638E+00  1.3072E+00
       1.3101E+00  1.3158E+00  1.3950E+00  1.3498E+00  1.4393E+00  1.4349E+00  1.4785E+00  1.4703E+00  1.5072E+00  1.5881E+00
       1.5350E+00  1.5755E+00  1.6182E+00  1.6242E+00  1.6648E+00  1.6537E+00  1.8315E+00  1.7280E+00  1.7722E+00  1.7462E+00
       1.8209E+00  1.9213E+00  1.8826E+00  1.8499E+00  1.9209E+00  1.9733E+00  1.9705E+00  1.9094E+00  2.0285E+00  2.1200E+00
       2.1109E+00  2.1484E+00  2.1507E+00  2.1387E+00  2.2220E+00  2.1233E+00  2.3412E+00  2.2466E+00  2.3392E+00  2.3315E+00
       2.4578E+00  2.4287E+00  2.3952E+00  2.3763E+00  2.6489E+00  2.5594E+00  2.4315E+00  2.5884E+00  2.5968E+00  2.7374E+00
       2.7696E+00  2.7250E+00  2.8700E+00  2.7354E+00  2.9426E+00  2.8039E+00  2.9040E+00  3.1859E+00  3.0170E+00  3.0394E+00
       2.8113E+00  1.2609E+00  8.6680E-01  7.0958E-01  6.7918E-01  6.3361E-01  6.4746E-01  6.2696E-01  6.2373E-01  6.8392E-01
       6.8034E-01  7.0577E-01  7.1237E-01  7.2637E-01  7.5862E-01  7.8887E-01  8.0133E-01  8.4861E-01  8.0725E-01  8.1983E-01
       8.7310E-01  8.7260E-01  9.1217E-01  9.4966E-01  9.3636E-01  9.3829E-01  9.7654E-01  9.9630E-01  1.0568E+00  1.0547E+00
       1.1047E+00  1.1214E+00  1.1471E+00  1.1256E+00  1.2311E+00  1.1015E+00  1.1533E+00  1.2574E+00  1.2392E+00  1.3258E+00
       1.3579E+00  1.2723E+00  1.3595E+00  1.4141E+00  1.4217E+00  1.4346E+00  1.4688E+00  1.4216E+00  1.5331E+00  1.5279E+00
       1.5271E+00  1.5962E+00  1.5730E+00  1.6416E+00  1.6541E+00  1.7157E+00  1.6845E+00  1.6965E+00  1.7701E+00  1.7711E+00
       1.8333E+00  1.7663E+00  1.8385E+00  1.9079E+00  1.8772E+00  1.9136E+00  1.9869E+00  1.9523E+00  2.0461E+00  2.0875E+00
       2.0156E+00  2.0096E+00  2.1754E+00  2.2174E+00  2.1844E+00  2.3597E+00  2.3266E+00  2.2768E+00  2.3295E+00  2.2870E+00
       2.4603E+00  2.3958E+00  2.4143E+00  2.4646E+00  2.5265E+00  2.5369E+00  2.4851E+00  2.6148E+00  2.6708E+00  2.6760E+00
       2.6294E+00  2.7390E+00  2.7526E+00  2.9203E+00  2.7277E+00  2.9920E+00  2.9861E+00  3.0046E+00  3.0325E+00  3.1597E+00
       3.4439E+00  1.5647E+00  1.0392E+00  8.8519E-01  7.6346E-01  7.2016E-01  6.9494E-01  6.9492E-01  7.1387E-01  7.0112E-01
       7.0769E-01  7.2841E-01  7.3897E-01  7.6402E-01  7.6764E-01  8.0293E-01  8.0136E-01  8.2216E-01  8.4416E-01  8.8317E-01
       8.6251E-01  9.4256E-01  9.4886E-01  9.0638E-01  9.8629E-01  9.8162E-01  1.0711E+00  1.0486E+00  1.0518E+00  1.0827E+00
       1.1013E+00  1.0775E+00  1.1364E+00  1.1376E+00  1.1923E+00  1.2700E+00  1.2118E+00  1.2331E+00  1.2751E+00  1.2889E+00
       1.3389E+00  1.3383E+00  1.3272E+00  1.3778E+00  1.3823E+00  1.4173E+00  1.4610E+00  1.4992E+00  1.5176E+00  1.5426E+00
       1.4943E+00  1.5497E+00  1.5926E+00  1.6456E+00  1.5697E+00  1.7125E+00  1.7499E+00  1.8076E+00  1.7719E+00  1.7637E+00
       1.8824E+00  1.7725E+00  1.9025E+00  1.9062E+00  1.9725E+00  1.9129E+00  1.9062E+00  2.0218E+00  2.0262E+00  2.0034E+00
       2.0696E+00  2.1614E+00  2.1422E+00  2.2557E+00  2.1250E+00  2.2331E+00  2.2702E+00  2.2415E+00  2.2699E+00  2.4144E+00
       2.4579E+00  2.4655E+00  2.4932E+00  2.5004E+00  2.5207E+00  2.5180E+00  2.5258E+00  2.6171E+00  2.6626E+00  2.7172E+00
       2.8440E+00  2.7219E+00  2.7907E+00  2.8136E+00  2.8582E+00  3.0319E+00  2.9854E+00  3.0242E+00  2.9500E+00  3.1023E+00
       3.8511E+00  1.8928E+00  1.2142E+00  1.0266E+00  8.5402E-01  7.9604E-01  7.5417E-01  7.3719E-01  7.5048E-01  7.5800E-01
       7.4153E-01  7.9698E-01  7.4377E-01  8.0223E-01  7.9210E-01  7.9651E-01  8.2891E-01  8.2308E-01  8.6176E-01  9.2516E-01
       8.6505E-01  9.1654E-01  9.2506E-01  9.5653E-01  9.9432E-01  1.0029E+00  1.0349E+00  1.0407E+00  1.0690E+00  1.0966E+00
       1.1497E+00  1.1001E+00  1.1336E+00  1.1851E+00  1.1792E+00  1.1657E+00  1.2014E+00  1.3160E+00  1.2807E+00  1.2951E+00
       1.3595E+00  1.3187E+00  1.3986E+00  1.3967E+00  1.4071E+00  1.4343E+00  1.4690E+00  1.4989E+00  1.4971E+00  1.5862E+00
       1.5390E+00  1.5553E+00  1.6563E+00  1.6110E+00  1.5941E+00  1.7055E+00  1.6885E+00  1.7106E+00  1.7861E+00  1.7994E+00
       1.8239E+00  1.8940E+00  1.9016E+00  1.8534E+00  1.9850E+00  1.8573E+00  1.9221E+00  1.9745E+00  1.9945E+00  1.9984E+00
       2.0715E+00  2.1390E+00  2.1769E+00  2.1115E+00  2.2554E+00  2.3274E+00  2.1800E+00  2.3438E+00  2.4000E+00  2.3848E+00
       2.3794E+00  2.4109E+00  2.4788E+00  2.5917E+00  2.4596E+00  2.6183E+00  2.5905E+00  2.5303E+00  2.6952E+00  2.7324E+00
       2.8138E+00  2.7236E+00  2.7494E+00  2.8405E+00  2.8626E+00  2.9074E+00  2.9057E+00  2.9797E+00  3.0342E+00  3.0765E+00
       4.2649E+00  2.0652E+00  1.4777E+00  1.1055E+00  9.8286E-01  8.8927E-01  8.3974E-01  8.3839E-01  8.2014E-01  7.8791E-01
       8.2232E-01  8.0393E-01  7.9557E-01  8.0525E-01  8.5902E-01  8.5179E-01  8.3006E-01  8.5645E-01  8.3958E-01  9.0569E-01
       9.1233E-01  9.2627E-01  9.3901E-01  9.6556E-01  9.9044E-01  1.0268E+00  1.0380E+00  1.0765E+00  1.0712E+00  1.0910E+00
       1.1112E+00  1.1382E+00  1.1501E+00  1.1993E+00  1.2434E+00  1.2061E+00  1.2260E+00  1.2958E+00  1.2929E+00  1.3184E+00
       1.3711E+00  1.3266E+00  1.3893E+00  1.3914E+00  1.4165E+00  1.4363E+00  1.4194E+00  1.5136E+00  1.5133E+00  1.5824E+00
       1.5361E+00  1.6539E+00  1.6220E+00  1.6927E+00  1.7238E+00  1.7655E+00  1.6931E+00  1.7845E+00  1.7713E+00  1.7428E+00
       1.7644E+00  1.8250E+00  1.8932E+00  1.8920E+00  1.9689E+00  1.9501E+00  1.9256E+00  1.9901E+00  2.0693E+00  2.1551E+00
       2.0699E+00  2.1668E+00  2.2227E+00  2.1878E+00  2.2220E+00  2.2480E+00  2.2917E+00  2.2991E+00  2.3541E+00  2.4266E+00
       2.3441E+00  2.3900E+00  2.5357E+00  2.4534E+00  2.4653E+00  2.5547E+00  2.5347E+00  2.7091E+00  2.6974E+00  2.6399E+00
       2.7157E+00  2.8542E+00  2.8593E+00  2.8333E+00  2.7818E+00  2.9575E+00  2.9864E+00  2.9805E+00  2.9671E+00  3.1955E+00
       4.7282E+00  2.3703E+00  1.6272E+00  1.2511E+00  1.1002E+00  1.0246E+00  9.5965E-01  9.1660E-01  9.0340E-01  8.3790E-01
       8.5980E-01  8.3210E-01  8.6380E-01  8.7053E-01  8.6295E-01  8.8764E-01  8.8075E-01  8.7013E-01  9.3745E-01  9.0155E-01
       9.7209E-01  9.4313E-01  9.9427E-01  1.0023E+00  9.8489E-01  1.0214E+00  1.0624E+00  1.0379E+00  1.0618E+00  1.1548E+00
       1.1295E+00  1.1339E+00  1.1322E+00  1.1691E+00  1.1912E+00  1.1865E+00  1.2398E+00  1.2898E+00  1.2799E+00  1.3616E+00
       1.3241E+00  1.3485E+00  1.3786E+00  1.4149E+00  1.4001E+00  1.4932E+00  1.4460E+00  1.5564E+00  1.5887E+00  1.6162E+00
       1.5413E+00  1.6240E+00  1.6365E+00  1.5932E+00  1.6339E+00  1.6952E+00  1.7684E+00  1.7886E+00  1.8172E+00  1.7695E+00
       1.7603E+00  1.8335E+00  1.8540E+00  1.8665E+00  1.9070E+00  1.9838E+00  1.9595E+00  2.0690E+00  2.0603E+00  2.0508E+00
       2.1435E+00  2.0694E+00  2.1296E+00  2.2537E+00  2.1621E+00  2.2612E+00  2.4182E+00  2.2753E+00  2.2674E+00  2.3118E+00
       2.4397E+00  2.4940E+00  2.4534E+00  2.4467E+00  2.5635E+00  2.5789E+00  2.7360E+00  2.7556E+00  2.6269E+00  2.6800E+00
       2.7635E+00  2.9355E+00  2.7219E+00  2.8196E+00  2.7856E+00  2.8743E+00  2.9110E+00  3.0834E+00  2.9875E+00  3.0553E+00
       5.2443E+00  2.6263E+00  1.8182E+00  1.4347E+00  1.2694E+00  1.1179E+00  9.9922E-01  9.4957E-01  9.0203E-01  9.4674E-01
       8.8683E-01  8.5011E-01  9.2098E-01  8.8011E-01  9.0594E-01  8.7645E-01  8.7424E-01  9.3797E-01  9.3154E-01  9.2561E-01
       9.4242E-01  9.5019E-01  1.0059E+00  9.9328E-01  1.0352E+00  1.0481E+00  1.0936E+00  1.1225E+00  1.1103E+00  1.1513E+00
       1.1322E+00  1.1479E+00  1.1993E+00  1.1918E+00  1.2490E+00  1.2712E+00  1.2388E+00  1.2737E+00  1.2696E+00  1.3562E+00
       1.3514E+00  1.4039E+00  1.4553E+00  1.4226E+00  1.4266E+00  1.4757E+00  1.4706E+00  1.5245E+00  1.4855E+00  1.5701E+00
       1.5757E+00  1.6106E+00  1.6767E+00  1.5972E+00  1.6148E+00  1.7063E+00  1.7539E+00  1.7639E+00  1.8395E+00  1.7987E+00
       1.8382E+00  1.8664E+00  1.9261E+00  1.9035E+00  1.9564E+00  2.0285E+00  1.8393E+00  1.9858E+00  2.0482E+00  1.9454E+00
       2.1858E+00  2.1806E+00  2.1378E+00  2.1552E+00  2.2168E+00  2.2464E+00  2.4006E+00  2.3864E+00  2.4049E+00  2.4378E+00
       2.5545E+00  2.4225E+00  2.3641E+00  2.4941E+00  2.5966E+00  2.6977E+00  2.5755E+00  2.5675E+00  2.6259E+00  2.7466E+00
       2.7590E+00  2.6811E+00  2.7795E+00  2.7690E+00  2.9210E+00  2.9133E+00  3.0337E+00  3.0934E+00  3.1970E+00  2.9966E+00
       6.2446E+00  2.8972E+00  2.0209E+00  1.5980E+00  1.3835E+00  1.1865E+00  1.1447E+00  1.0312E+00  9.8493E-01  9.5911E-01
       9.3538E-01  9.6127E-01  9.5685E-01  9.2643E-01  9.2869E-01  9.3123E-01  9.2680E-01  9.4547E-01  9.6069E-01  9.5452E-01
       9.5124E-01  1.0051E+00  1.0051E+00  1.0045E+00  1.0830E+00  1.1150E+00  1.1011E+00  1.1003E+00  1.1270E+00  1.1442E+00
       1.1460E+00  1.2194E+00  1.2010E+00  1.2669E+00  1.2380E+00  1.3090E+00  1.2245E+00  1.2874E+00  1.3580E+00  1.3342E+00
       1.3618E+00  1.3634E+00  1.4268E+00  1.4745E+00  1.4582E+00  1.4524E+00  1.5335E+00  1.5403E+00  1.5262E+00  1.6032E+00
       1.5982E+00  1.6060E+00  1.6747E+00  1.6445E+00  1.6763E+00  1.7127E+00  1.7575E+00  1.7617E+00  1.8065E+00  1.8186E+00
       1.8172E+00  1.8872E+00  1.9538E+00  1.8422E+00  1.8972E+00  1.9122E+00  1.9779E+00  2.0827E+00  2.0308E+00  2.0097E+00
       2.1504E+00  2.1694E+00  2.1305E+00  2.1799E+00  2.3004E+00  2.2551E+00  2.3636E+00  2.3061E+00  2.3186E+00  2.4265E+00
       2.4843E+00  2.4097E+00  2.4305E+00  2.6078E+00  2.5326E+00  2.6979E+00  2.4071E+00  2.6513E+00  2.7125E+00  2.5984E+00
       2.7038E+00  2.7031E+00  2.9837E+00  2.9796E+00  2.8702E+00  2.8444E+00  2.8242E+00  3.0153E+00  3.1960E+00  2.9743E+00
       6.0462E+00  3.1504E+00  2.2194E+00  1.7146E+00  1.4809E+00  1.3171E+00  1.1539E+00  1.1358E+00  1.0617E+00  1.0539E+00
       9.6755E-01  9.8756E-01  9.6148E-01  9.8457E-01  9.5541E-01  9.6287E-01  9.6768E-01  9.9400E-01  9.8513E-01  1.0076E+00
       1.0418E+00  1.0283E+00  1.0305E+00  1.0399E+00  1.0720E+00  1.0306E+00  1.0985E+00  1.1470E+00  1.1514E+00  1.1293E+00
       1.1956E+00  1.2293E+00  1.2252E+00  1.2572E+00  1.2277E+00  1.2989E+00  1.2931E+00  1.3325E+00  1.3969E+00  1.3537E+00
       1.3824E+00  1.3971E+00  1.4394E+00  1.4600E+00  1.4621E+00  1.4892E+00  1.5512E+00  1.5154E+00  1.5431E+00  1.6466E+00
       1.6320E+00  1.7178E+00  1.6086E+00  1.6911E+00  1.6894E+00  1.6977E+00  1.7888E+00  1.7328E+00  1.7228E+00  1.8264E+00
       1.8205E+00  1.8848E+00  1.8737E+00  1.9322E+00  2.0027E+00  1.8968E+00  2.0409E+00  2.0985E+00  2.1057E+00  2.1759E+00
       2.0127E+00  2.1375E+00  2.1418E+00  2.2535E+00  2.1891E+00  2.3264E+00  2.3708E+00  2.3776E+00  2.2629E+00  2.4174E+00
       2.4425E+00  2.3973E+00  2.4854E+00  2.6078E+00  2.6409E+00  2.5318E+00  2.5723E+00  2.6440E+00  2.6694E+00  2.8501E+00
       2.7313E+00  2.7523E+00  2.7404E+00  2.8843E+00  3.0029E+00  2.8621E+00  2.9613E+00  2.9839E+00  3.0702E+00  3.1319E+00
       6.5341E+00  3.2615E+00  2.4138E+00  1.8778E+00  1.6160E+00  1.3490E+00  1.2927E+00  1.2048E+00  1.1393E+00  1.1024E+00
       1.0756E+00  1.0226E+00  1.0262E+00  1.0081E+00  1.0364E+00  1.0326E+00  1.0504E+00  1.0067E+00  1.0555E+00  1.0132E+00
       1.0483E+00  1.0647E+00  1.1245E+00  1.0896E+00  1.1550E+00  1.1248E+00  1.1206E+00  1.1150E+00  1.1584E+00  1.2091E+00
       1.2643E+00  1.2346E+00  1.2243E+00  1.2632E+00  1.2772E+00  1.2802E+00  1.3538E+00  1.3286E+00  1.3554E+00  1.3759E+00
       1.3856E+00  1.4262E+00  1.4977E+00  1.4903E+00  1.5147E+00  1.4996E+00  1.5217E+00  1.5779E+00  1.5726E+00  1.5523E+00
       1.5843E+00  1.6007E+00  1.7235E+00  1.6223E+00  1.7088E+00  1.7111E+00  1.6732E+00  1.7755E+00  1.8954E+00  1.8126E+00
       1.8491E+00  1.8765E+00  1.9124E+00  1.9451E+00  2.0023E+00  2.0514E+00  2.1554E+00  2.0559E+00  2.0935E+00  2.0790E+00
       2.0940E+00  2.1404E+00  2.1308E+00  2.1604E+00  2.2300E+00  2.2611E+00  2.2901E+00  2.2566E+00  2.3226E+00  2.3208E+00
       2.3702E+00  2.4730E+00  2.4691E+00  2.4947E+00  2.5672E+00  2.4835E+00  2.6595E+00  2.5783E+00  2.6845E+00  2.8007E+00
       2.8241E+00  2.8769E+00  2.8558E+00  2.8690E+00  2.9560E+00  2.8579E+00  3.0223E+00  2.9072E+00  2.9741E+00  3.1095E+00
       7.6185E+00  3.5581E+00  2.5511E+00  2.0337E+00  1.6915E+00  1.5975E+00  1.3410E+00  1.2958E+00  1.1850E+00  1.1624E+00
       1.1147E+00  1.1014E+00  1.0962E+00  1.0806E+00  1.0931E+00  1.0454E+00  1.0464E+00  1.0667E+00  1.0989E+00  1.0876E+00
       1.0887E+00  1.0951E+00  1.1389E+00  1.1448E+00  1.1200E+00  1.1566E+00  1.1387E+00  1.1565E+00  1.2285E+00  1.2086E+00
       1.1953E+00  1.2348E+00  1.2900E+00  1.2655E+00  1.2978E+00  1.3605E+00  1.3149E+00  1.3052E+00  1.3829E+00  1.3887E+00
       1.4261E+00  1.4464E+00  1.4614E+00  1.4595E+00  1.4436E+00  1.5775E+00  1.5443E+00  1.5314E+00  1.5983E+00  1.6678E+00
       1.6286E+00  1.6706E+00  1.6078E+00  1.6950E+00  1.7043E+00  1.6777E+00  1.7708E+00  1.8156E+00  1.8256E+00  1.8776E+00
       1.8475E+00  1.8801E+00  1.9624E+00  1.8720E+00  2.0345E+00  1.8948E+00  2.0121E+00  2.0238E+00  2.1338E+00  2.2063E+00
       2.2016E+00  2.1587E+00  2.2444E+00  2.1993E+00  2.2127E+00  2.3481E+00  2.3344E+00  2.3114E+00  2.2905E+00  2.4841E+00
       2.3914E+00  2.5502E+00  2.4974E+00  2.5719E+00  2.5370E+00  2.5441E+00  2.5509E+00  2.6281E+00  2.7840E+00  2.7592E+00
       2.8201E+00  2.7245E+00  2.8761E+00  2.9212E+00  2.9735E+00  2.8767E+00  2.9466E+00  3.0156E+00  3.1624E+00  3.1273E+00
       7.2257E+00  3.7492E+00  2.8697E+00  2.2661E+00  1.7932E+00  1.6283E+00  1.4645E+00  1.3232E+00  1.3050E+00  1.2562E+00
       1.2287E+00  1.1332E+00  1.1628E+00  1.1118E+00  1.1287E+00  1.1122E+00  1.1006E+00  1.1413E+00  1.1100E+00  1.0954E+00
       1.1038E+00  1.1291E+00  1.1289E+00  1.1817E+00  1.1479E+00  1.1367E+00  1.1785E+00  1.1947E+00  1.2271E+00  1.2287E+00
       1.2381E+00  1.2345E+00  1.2429E+00  1.2299E+00  1.2956E+00  1.3170E+00  1.3728E+00  1.4311E+00  1.3919E+00  1.4664E+00
       1.4221E+00  1.5128E+00  1.4518E+00  1.5027E+00  1.4814E+00  1.5348E+00  1.5694E+00  1.5664E+00  1.6121E+00  1.6577E+00
       1.6196E+00  1.7269E+00  1.6850E+00  1.7261E+00  1.7353E+00  1.8139E+00  1.6914E+00  1.7747E+00  1.9167E+00  1.8738E+00
       1.8858E+00  1.8972E+00  1.9161E+00  1.8772E+00  1.9419E+00  2.0129E+00  2.0421E+00  2.0949E+00  2.1993E+00  2.2098E+00
       2.1433E+00  2.1605E+00  2.2028E+00  2.2294E+00  2.2897E+00  2.2090E+00  2.3294E+00  2.3578E+00  2.4397E+00  2.3598E+00
       2.4512E+00  2.4822E+00  2.4382E+00  2.6255E+00  2.6171E+00  2.5777E+00  2.6962E+00  2.7321E+00  2.8143E+00  2.7136E+00
       2.7215E+00  2.7726E+00  2.8026E+00  2.7567E+00  2.9519E+00  2.9645E+00  3.1680E+00  3.0474E+00  3.1751E+00  3.0285E+00
       7.7185E+00  3.8287E+00  3.0164E+00  2.2851E+00  1.9427E+00  1.7324E+00  1.6226E+00  1.4813E+00  1.2953E+00  1.2723E+00
       1.2561E+00  1.2063E+00  1.2103E+00  1.1413E+00  1.1568E+00  1.1708E+00  1.1341E+00  1.1147E+00  1.1872E+00  1.1496E+00
       1.1524E+00  1.1636E+00  1.1968E+00  1.1839E+00  1.2221E+00  1.2082E+00  1.2151E+00  1.2620E+00  1.2118E+00  1.2487E+00
       1.2776E+00  1.3378E+00  1.2980E+00  1.2687E+00  1.3254E+00  1.3185E+00  1.4049E+00  1.3606E+00  1.4230E+00  1.4772E+00
       1.4276E+00  1.3826E+00  1.5194E+00  1.5489E+00  1.5411E+00  1.4510E+00  1.4889E+00  1.6570E+00  1.6028E+00  1.6028E+00
       1.5973E+00  1.6628E+00  1.7225E+00  1.7835E+00  1.7669E+00  1.7649E+00  1.7895E+00  1.8806E+00  1.8767E+00  1.8008E+00
       1.8493E+00  1.9480E+00  1.9292E+00  2.0793E+00  2.0060E+00  2.0535E+00  2.0140E+00  2.1986E+00  2.0451E+00  2.1323E+00
       2.2109E+00  2.1526E+00  2.1367E+00  2.1868E+00  2.1963E+00  2.2800E+00  2.2829E+00  2.2799E+00  2.3544E+00  2.3503E+00
       2.4399E+00  2.5558E+00  2.5624E+00  2.5164E+00  2.6216E+00  2.6675E+00  2.5769E+00  2.6586E+00  2.6890E+00  2.7443E+00
       2.7157E+00  2.7015E+00  2.8816E+00  2.7886E+00  2.9875E+00  2.9244E+00  3.0450E+00  3.1752E+00  3.1663E+00  3.0946E+00
       7.7358E+00  4.0624E+00  3.1110E+00  2.4468E+00  2.0964E+00  1.9078E+00  1.6806E+00  1.5697E+00  1.4853E+00  1.3452E+00
       1.3457E+00  1.3284E+00  1.2873E+00  1.2109E+00  1.2129E+00  1.2079E+00  1.1822E+00  1.2082E+00  1.2090E+00  1.1997E+00
       1.1726E+00  1.1835E+00  1.1817E+00  1.1974E+00  1.1921E+00  1.2102E+00  1.2405E+00  1.2609E+00  1.2431E+00  1.2443E+00
       1.2444E+00  1.2954E+00  1.2973E+00  1.3713E+00  1.3760E+00  1.4247E+00  1.3900E+00  1.3674E+00  1.4157E+00  1.3978E+00
       1.4876E+00  1.5253E+00  1.5509E+00  1.5345E+00  1.5663E+00  1.4834E+00  1.5946E+00  1.5851E+00  1.6183E+00  1.6065E+00
       1.6342E+00  1.6543E+00  1.6990E+00  1.7292E+00  1.7577E+00  1.7871E+00  1.8436E+00  1.8058E+00  1.8730E+00  1.8951E+00
       1.9782E+00  1.9923E+00  1.9306E+00  1.9455E+00  2.0658E+00  2.0443E+00  2.0551E+00  2.2137E+00  2.2097E+00  2.1851E+00
       2.2048E+00  2.2042E+00  2.2496E+00  2.2857E+00  2.2397E+00  2.2468E+00  2.3923E+00  2.3972E+00  2.3770E+00  2.4401E+00
       2.4638E+00  2.4791E+00  2.5779E+00  2.5279E+00  2.5423E+00  2.7372E+00  2.6700E+00  2.6576E+00  2.6662E+00  2.6537E+00
       2.8646E+00  2.9193E+00  2.8104E+00  2.9962E+00  2.8609E+00  2.9542E+00  2.8507E+00  3.0878E+00  2.8762E+00  3.1066E+00
       8.3319E+00  4.4146E+00  3.2728E+00  2.7314E+00  2.2186E+00  2.0432E+00  1.8969E+00  1.6308E+00  1.5740E+00  1.4125E+00
       1.4106E+00  1.3309E+00  1.3120E+00  1.3699E+00  1.2595E+00  1.2439E+00  1.2589E+00  1.2577E+00  1.2205E+00  1.2149E+00
       1.1935E+00  1.2466E+00  1.2588E+00  1.1877E+00  1.2539E+00  1.2422E+00  1.2683E+00  1.2690E+00  1.2892E+00  1.3021E+00
       1.2740E+00  1.3297E+00  1.3831E+00  1.3313E+00  1.3713E+00  1.4244E+00  1.4140E+00  1.4550E+00  1.3878E+00  1.4512E+00
       1.4446E+00  1.5262E+00  1.5711E+00  1.5803E+00  1.5219E+00  1.6598E+00  1.6369E+00  1.6194E+00  1.6616E+00  1.7108E+00
       1.6506E+00  1.6802E+00  1.7803E+00  1.6989E+00  1.7804E+00  1.8121E+00  1.8182E+00  1.8122E+00  1.9432E+00  1.9079E+00
       1.9826E+00  1.9085E+00  1.9768E+00  1.9547E+00  1.9890E+00  2.0174E+00  2.1188E+00  2.1077E+00  2.1300E+00  2.1295E+00
       2.1399E+00  2.2062E+00  2.2356E+00  2.3612E+00  2.3668E+00  2.3060E+00  2.3290E+00  2.4039E+00  2.4666E+00  2.4962E+00
       2.4344E+00  2.5369E+00  2.6285E+00  2.6825E+00  2.6397E+00  2.4047E+00  2.5825E+00  2.8254E+00  2.7812E+00  2.8292E+00
       2.7888E+00  2.8184E+00  2.7155E+00  2.9023E+00  2.9583E+00  2.8215E+00  2.9826E+00  3.0771E+00  3.1594E+00  3.2279E+00
       1.0065E+01  4.5916E+00  3.4575E+00  2.8461E+00  2.4184E+00  2.0915E+00  1.9403E+00  1.7416E+00  1.5730E+00  1.5715E+00
       1.4723E+00  1.4336E+00  1.3535E+00  1.3820E+00  1.3530E+00  1.3048E+00  1.2341E+00  1.2930E+00  1.2142E+00  1.2824E+00
       1.2386E+00  1.2467E+00  1.2345E+00  1.2616E+00  1.2839E+00  1.2997E+00  1.3182E+00  1.2830E+00  1.3217E+00  1.2829E+00
       1.3026E+00  1.3250E+00  1.3929E+00  1.3887E+00  1.4236E+00  1.4087E+00  1.4516E+00  1.4271E+00  1.4225E+00  1.4738E+00
       1.4901E+00  1.5140E+00  1.5059E+00  1.5451E+00  1.5574E+00  1.5930E+00  1.6422E+00  1.6110E+00  1.5845E+00  1.6373E+00
       1.6927E+00  1.7905E+00  1.7554E+00  1.7468E+00  1.8226E+00  1.8589E+00  1.7991E+00  1.8132E+00  1.8785E+00  1.8818E+00
       1.8846E+00  2.0622E+00  2.0162E+00  2.0646E+00  2.0221E+00  2.1707E+00  2.1204E+00  2.1770E+00  2.1624E+00  2.1246E+00
       2.1512E+00  2.2281E+00  2.1979E+00  2.1433E+00  2.3472E+00  2.3385E+00  2.4409E+00  2.4033E+00  2.3393E+00  2.5372E+00
       2.5063E+00  2.6442E+00  2.5280E+00  2.5758E+00  2.6145E+00  2.6859E+00  2.5646E+00  2.7320E+00  2.7615E+00  2.8988E+00
       2.7652E+00  2.7974E+00  2.9967E+00  2.9612E+00  2.8375E+00  2.9810E+00  3.0982E+00  2.9513E+00  3.1566E+00  2.9933E+00
       8.8466E+00  4.9889E+00  3.7259E+00  3.1186E+00  2.5028E+00  2.3052E+00  2.0601E+00  1.7938E+00  1.6924E+00  1.6370E+00
       1.5414E+00  1.4937E+00  1.4790E+00  1.4162E+00  1.4219E+00  1.3718E+00  1.3196E+00  1.3150E+00  1.3275E+00  1.2812E+00
       1.3385E+00  1.3213E+00  1.2646E+00  1.2969E+00  1.3339E+00  1.2972E+00  1.3557E+00  1.3680E+00  1.3341E+00  1.3192E+00
       1.3582E+00  1.3261E+00  1.3623E+00  1.3973E+00  1.4514E+00  1.4437E+00  1.4877E+00  1.4586E+00  1.5068E+00  1.5208E+00
       1.5243E+00  1.4937E+00  1.5751E+00  1.5839E+00  1.5847E+00  1.6093E+00  1.6578E+00  1.7181E+00  1.6409E+00  1.6878E+00
       1.6945E+00  1.7719E+00  1.8417E+00  1.7871E+00  1.7783E+00  1.8664E+00  1.8008E+00  1.8471E+00  1.9054E+00  1.9653E+00
       1.9826E+00  1.9063E+00  1.9667E+00  2.0686E+00  2.0658E+00  2.0087E+00  2.0759E+00  2.0230E+00  2.1746E+00  2.1509E+00
       2.2041E+00  2.2963E+00  2.3841E+00  2.2445E+00  2.3490E+00  2.3354E+00  2.4494E+00  2.4378E+00  2.4453E+00  2.5037E+00
       2.6541E+00  2.4260E+00  2.6393E+00  2.6189E+00  2.5550E+00  2.6097E+00  2.7873E+00  2.6776E+00  2.6944E+00  2.8592E+00
       2.8142E+00  2.8591E+00  2.9125E+00  2.8099E+00  2.8857E+00  2.9072E+00  2.9802E+00  3.1256E+00  3.1342E+00  3.1076E+00
       1.1087E+01  5.1195E+00  3.8905E+00  3.2531E+00  2.6292E+00  2.2693E+00  2.1781E+00  1.8834E+00  1.8121E+00  1.6953E+00
       1.6728E+00  1.6060E+00  1.5560E+00  1.5093E+00  1.3896E+00  1.3969E+00  1.3976E+00  1.3992E+00  1.3780E+00  1.3762E+00
       1.3213E+00  1.3380E+00  1.3729E+00  1.3678E+00  1.3636E+00  1.4076E+00  1.3171E+00  1.3519E+00  1.3124E+00  1.3455E+00
       1.3984E+00  1.4440E+00  1.3580E+00  1.4387E+00  1.4645E+00  1.4488E+00  1.5326E+00  1.4411E+00  1.4280E+00  1.5416E+00
       1.5273E+00  1.5338E+00  1.5521E+00  1.5885E+00  1.5976E+00  1.6505E+00  1.6474E+00  1.6382E+00  1.7588E+00  1.7467E+00
       1.7223E+00  1.8735E+00  1.7656E+00  1.8208E+00  1.8555E+00  1.8420E+00  1.9333E+00  2.0515E+00  1.8200E+00  1.8278E+00
       2.0168E+00  2.0018E+00  2.0205E+00  2.0314E+00  2.0430E+00  2.1534E+00  2.0640E+00  2.2061E+00  2.1447E+00  2.2011E+00
       2.2535E+00  2.3316E+00  2.2769E+00  2.3075E+00  2.2789E+00  2.2897E+00  2.4045E+00  2.3603E+00  2.5230E+00  2.4016E+00
       2.5613E+00  2.6172E+00  2.5076E+00  2.5681E+00  2.6111E+00  2.7782E+00  2.7011E+00  2.7968E+00  2.7490E+00  2.9932E+00
       2.8450E+00  2.6960E+00  2.8454E+00  2.9192E+00  2.9400E+00  3.1321E+00  3.0324E+00  3.0303E+00  3.1299E+00  3.1940E+00
       1.1080E+01  5.1488E+00  3.9439E+00  3.2853E+00  2.7458E+00  2.3713E+00  2.3126E+00  2.0509E+00  1.8883E+00  1.8239E+00
       1.7038E+00  1.6994E+00  1.6139E+00  1.5672E+00  1.5563E+00  1.4615E+00  1.4750E+00  1.4482E+00  1.3902E+00  1.4084E+00
       1.4519E+00  1.4014E+00  1.3916E+00  1.3461E+00  1.3931E+00  1.4100E+00  1.3841E+00  1.4229E+00  1.4318E+00  1.4334E+00
       1.4492E+00  1.4124E+00  1.4710E+00  1.4387E+00  1.4380E+00  1.4801E+00  1.4800E+00  1.5495E+00  1.5501E+00  1.5249E+00
       1.5774E+00  1.5865E+00  1.5601E+00  1.5996E+00  1.6308E+00  1.6406E+00  1.6601E+00  1.6675E+00  1.7619E+00  1.7665E+00
       1.7173E+00  1.7313E+00  1.7221E+00  1.7969E+00  1.8518E+00  1.7762E+00  1.8523E+00  1.8964E+00  1.9554E+00  1.9421E+00
       1.9779E+00  1.9339E+00  2.0905E+00  2.0604E+00  2.0544E+00  2.1300E+00  2.0655E+00  2.2100E+00  2.1024E+00  2.1675E+00
       2.1405E+00  2.2446E+00  2.2824E+00  2.4406E+00  2.2664E+00  2.4330E+00  2.2940E+00  2.4223E+00  2.5598E+00  2.4483E+00
       2.5048E+00  2.6089E+00  2.5645E+00  2.6911E+00  2.6006E+00  2.6757E+00  2.6894E+00  2.8766E+00  2.6395E+00  2.7598E+00
       3.0984E+00  2.7685E+00  3.0075E+00  2.9157E+00  2.8899E+00  3.1242E+00  3.0411E+00  2.9628E+00  3.0997E+00  3.1802E+00
       1.1058E+01  5.8736E+00  4.4210E+00  3.5783E+00  2.9389E+00  2.5807E+00  2.3408E+00  2.0844E+00  2.0267E+00  1.9737E+00
       1.8199E+00  1.7114E+00  1.6110E+00  1.5853E+00  1.6363E+00  1.4901E+00  1.4261E+00  1.4982E+00  1.4051E+00  1.4809E+00
       1.4648E+00  1.4790E+00  1.5137E+00  1.3740E+00  1.4389E+00  1.4476E+00  1.4418E+00  1.4398E+00  1.4553E+00  1.4517E+00
       1.4550E+00  1.3952E+00  1.5273E+00  1.4966E+00  1.5067E+00  1.5018E+00  1.4463E+00  1.5101E+00  1.5132E+00  1.5576E+00
       1.6889E+00  1.6412E+00  1.6231E+00  1.6396E+00  1.6323E+00  1.6699E+00  1.6417E+00  1.6997E+00  1.7139E+00  1.7735E+00
       1.7735E+00  1.8025E+00  1.8296E+00  1.8372E+00  1.8698E+00  1.8769E+00  1.9024E+00  1.8819E+00  1.9035E+00  1.8816E+00
       2.0566E+00  1.9417E+00  1.9254E+00  1.9909E+00  2.0304E+00  2.2000E+00  2.1235E+00  2.1448E+00  2.2596E+00  2.2317E+00
       2.4012E+00  2.2501E+00  2.3949E+00  2.3167E+00  2.3600E+00  2.3689E+00  2.3754E+00  2.4707E+00  2.5158E+00  2.4445E+00
       2.5004E+00  2.6021E+00  2.7125E+00  2.5610E+00  2.7766E+00  2.6929E+00  2.7949E+00  2.8023E+00  2.7074E+00  2.8345E+00
       2.8461E+00  2.8944E+00  3.0113E+00  2.9586E+00  3.0025E+00  3.0481E+00  3.0068E+00  3.0027E+00  3.1393E+00  3.2169E+00
       1.0637E+01  5.6538E+00  4.3753E+00  3.5324E+00  3.1641E+00  2.7997E+00  2.5202E+00  2.3178E+00  2.0861E+00  2.0505E+00
       1.9184E+00  1.7694E+00  1.7266E+00  1.6705E+00  1.6403E+00  1.6772E+00  1.5530E+00  1.5326E+00  1.4355E+00  1.5049E+00
       1.4595E+00  1.4879E+00  1.4731E+00  1.5018E+00  1.4533E+00  1.4913E+00  1.4940E+00  1.3617E+00  1.4544E+00  1.4770E+00
       1.5226E+00  1.5271E+00  1.5858E+00  1.5079E+00  1.4975E+00  1.5226E+00  1.5623E+00  1.5312E+00  1.5783E+00  1.5645E+00
       1.6150E+00  1.6214E+00  1.6771E+00  1.6446E+00  1.7084E+00  1.6559E+00  1.8484E+00  1.6371E+00  1.7496E+00  1.8257E+00
       1.7697E+00  1.7972E+00  1.7933E+00  1.7464E+00  1.8355E+00  1.9537E+00  1.8384E+00  1.9468E+00  1.9672E+00  1.9908E+00
       2.0097E+00  2.0202E+00  2.1359E+00  2.1209E+00  2.1328E+00  2.0953E+00  2.0776E+00  2.1901E+00  2.2347E+00  2.2358E+00
       2.2693E+00  2.2302E+00  2.3642E+00  2.3700E+00  2.3430E+00  2.3118E+00  2.6000E+00  2.5001E+00  2.4577E+00  2.5986E+00
       2.5670E+00  2.6934E+00  2.5813E+00  2.6323E+00  2.6669E+00  2.7694E+00  2.8263E+00  2.7625E+00  2.8348E+00  2.8438E+00
       2.8955E+00  2.9213E+00  2.8826E+00  2.9069E+00  2.9703E+00  3.1202E+00  3.1751E+00  3.1860E+00  3.0689E+00  3.1709E+00
       1.0446E+01  5.9009E+00  4.5455E+00  3.7039E+00  3.2783E+00  2.9827E+00  2.5561E+00  2.3630E+00  2.1775E+00  2.0082E+00
       1.9537E+00  1.8388E+00  1.8133E+00  1.7195E+00  1.7381E+00  1.6632E+00  1.6573E+00  1.5703E+00  1.5539E+00  1.5713E+00
       1.4895E+00  1.5208E+00  1.5675E+00  1.4964E+00  1.5124E+00  1.5006E+00  1.4318E+00  1.5298E+00  1.5312E+00  1.4717E+00
       1.5610E+00  1.6051E+00  1.5841E+00  1.5062E+00  1.5851E+00  1.6464E+00  1.5440E+00  1.5592E+00  1.6570E+00  1.6749E+00
       1.7267E+00  1.7400E+00  1.5951E+00  1.6953E+00  1.7613E+00  1.6752E+00  1.7195E+00  1.7163E+00  1.7594E+00  1.8633E+00
       1.7637E+00  1.8167E+00  1.8459E+00  1.8678E+00  1.9219E+00  1.9631E+00  1.9846E+00  2.0140E+00  1.9257E+00  2.0158E+00
       2.0833E+00  2.0218E+00  2.0702E+00  2.1857E+00  2.2733E+00  2.1999E+00  2.1621E+00  2.3739E+00  2.2629E+00  2.2849E+00
       2.2342E+00  2.2682E+00  2.2635E+00  2.3476E+00  2.3835E+00  2.4720E+00  2.3897E+00  2.3724E+00  2.5234E+00  2.5375E+00
       2.4972E+00  2.5464E+00  2.6009E+00  2.5001E+00  2.6859E+00  2.7418E+00  2.5965E+00  2.7022E+00  2.8564E+00  2.7210E+00
       2.8469E+00  3.0702E+00  2.9934E+00  3.0154E+00  2.9796E+00  3.1003E+00  3.1151E+00  3.2539E+00  3.0807E+00  3.1756E+00
       1.3219E+01  6.3664E+00  4.7940E+00  3.9684E+00  3.4599E+00  3.0630E+00  2.6625E+00  2.4208E+00  2.2712E+00  2.0362E+00
       1.9973E+00  1.8958E+00  1.8716E+00  1.7396E+00  1.7834E+00  1.6953E+00  1.6667E+00  1.5862E+00  1.5853E+00  1.5514E+00
       1.5611E+00  1.4837E+00  1.6346E+00  1.5227E+00  1.5493E+00  1.5796E+00  1.5687E+00  1.5162E+00  1.5472E+00  1.5784E+00
       1.5929E+00  1.5859E+00  1.5744E+00  1.6209E+00  1.5880E+00  1.6141E+00  1.5979E+00  1.6481E+00  1.6652E+00  1.6618E+00
       1.6887E+00  1.6674E+00  1.7754E+00  1.6467E+00  1.7707E+00  1.8145E+00  1.7771E+00  1.7628E+00  1.8768E+00  1.8454E+00
       1.8435E+00  1.8701E+00  1.9034E+00  1.8927E+00  1.8683E+00  1.9430E+00  1.9077E+00  1.9731E+00  2.1056E+00  1.9977E+00
       1.9931E+00  1.9774E+00  2.0881E+00  2.1283E+00  2.0749E+00  2.1471E+00  2.2070E+00  2.2631E+00  2.1723E+00  2.2890E+00
       2.3307E+00  2.3432E+00  2.4020E+00  2.3602E+00  2.3396E+00  2.4536E+00  2.4761E+00  2.4877E+00  2.5142E+00  2.5562E+00
       2.7161E+00  2.7101E+00  2.6355E+00  2.7246E+00  2.7021E+00  2.6778E+00  2.7382E+00  2.8578E+00  2.7315E+00  2.9336E+00
       2.9533E+00  2.9071E+00  3.0089E+00  3.0818E+00  3.0883E+00  3.0886E+00  3.1340E+00  3.1458E+00  3.1443E+00  3.2023E+00
       1.2978E+01  6.4941E+00  4.8781E+00  4.2560E+00  3.6841E+00  2.9037E+00  2.8828E+00  2.5831E+00  2.3585E+00  2.2752E+00
       2.0942E+00  2.0336E+00  1.9271E+00  1.8559E+00  1.8044E+00  1.8041E+00  1.7861E+00  1.7919E+00  1.7101E+00  1.6071E+00
       1.6187E+00  1.5971E+00  1.5822E+00  1.5535E+00  1.5537E+00  1.5468E+00  1.5074E+00  1.5681E+00  1.5761E+00  1.5776E+00
       1.5950E+00  1.6122E+00  1.6536E+00  1.5686E+00  1.6031E+00  1.6689E+00  1.7111E+00  1.6342E+00  1.7371E+00  1.6560E+00
       1.7125E+00  1.7204E+00  1.7154E+00  1.7390E+00  1.7335E+00  1.7966E+00  1.7754E+00  1.7992E+00  1.8276E+00  1.8743E+00
       1.9295E+00  1.8962E+00  1.9076E+00  1.8927E+00  1.9832E+00  1.9591E+00  1.9242E+00  2.0492E+00  2.0001E+00  2.0420E+00
       2.1787E+00  2.0001E+00  2.0859E+00  2.1848E+00  2.1394E+00  2.1458E+00  2.3141E+00  2.2133E+00  2.2111E+00  2.3686E+00
       2.4221E+00  2.4419E+00  2.3058E+00  2.3602E+00  2.3624E+00  2.4093E+00  2.4836E+00  2.5272E+00  2.5011E+00  2.5294E+00
       2.7990E+00  2.7431E+00  2.7557E+00  2.7224E+00  2.7304E+00  2.7347E+00  2.7741E+00  2.8505E+00  2.8849E+00  2.7582E+00
       2.9695E+00  2.8733E+00  3.0990E+00  3.0167E+00  3.1902E+00  3.0107E+00  2.9832E+00  3.2467E+00  3.2377E+00  3.3632E+00
       1.4267E+01  7.0370E+00  4.9190E+00  4.4089E+00  3.5901E+00  3.2914E+00  2.9365E+00  2.7134E+00  2.4427E+00  2.2973E+00
       2.2328E+00  2.1543E+00  2.0301E+00  1.8945E+00  1.8233E+00  1.8798E+00  1.7677E+00  1.8182E+00  1.7326E+00  1.6303E+00
       1.6773E+00  1.6209E+00  1.6566E+00  1.6648E+00  1.6461E+00  1.6531E+00  1.6265E+00  1.7028E+00  1.6483E+00  1.6858E+00
       1.6159E+00  1.6795E+00  1.6628E+00  1.6826E+00  1.7074E+00  1.6553E+00  1.6630E+00  1.7315E+00  1.6788E+00  1.7162E+00
       1.7595E+00  1.7271E+00  1.6994E+00  1.7367E+00  1.7699E+00  1.7480E+00  1.8443E+00  1.8219E+00  1.8792E+00  1.8839E+00
       1.8875E+00  1.9799E+00  1.9888E+00  1.9522E+00  2.0014E+00  1.9988E+00  2.0309E+00  2.0244E+00  2.0977E+00  2.1160E+00
       2.0877E+00  2.1909E+00  2.0797E+00  2.1464E+00  2.1559E+00  2.2320E+00  2.2136E+00  2.2070E+00  2.1791E+00  2.2243E+00
       2.4136E+00  2.4019E+00  2.4202E+00  2.4547E+00  2.5539E+00  2.4476E+00  2.5568E+00  2.5263E+00  2.5764E+00  2.6876E+00
       2.5394E+00  2.5907E+00  2.6592E+00  2.6420E+00  2.8356E+00  2.6873E+00  2.8730E+00  2.6744E+00  2.8714E+00  2.8842E+00
       3.0198E+00  2.9490E+00  3.1393E+00  3.0246E+00  3.1052E+00  3.2059E+00  3.2180E+00  3.1724E+00  3.3216E+00  3.2908E+00
       1.5859E+01  6.7905E+00  5.0580E+00  4.3873E+00  3.7837E+00  3.4033E+00  3.0679E+00  2.7242E+00  2.5486E+00  2.3855E+00
       2.2575E+00  2.2074E+00  2.1318E+00  1.9902E+00  2.0139E+00  1.8667E+00  1.8302E+00  1.8828E+00  1.7397E+00  1.7309E+00
       1.7194E+00  1.7318E+00  1.6616E+00  1.7314E+00  1.6728E+00  1.6864E+00  1.6320E+00  1.6414E+00  1.6414E+00  1.6564E+00
       1.6436E+00  1.6478E+00  1.6715E+00  1.7279E+00  1.7448E+00  1.7507E+00  1.7094E+00  1.6910E+00  1.6909E+00  1.7652E+00
       1.7772E+00  1.7657E+00  1.8158E+00  1.7901E+00  1.8233E+00  1.8286E+00  1.8375E+00  1.8803E+00  1.8393E+00  1.8701E+00
       1.9591E+00  2.0053E+00  1.9213E+00  1.9842E+00  1.9799E+00  1.9962E+00  1.9963E+00  2.0718E+00  2.1292E+00  2.2387E+00
       2.2090E+00  2.1464E+00  2.1622E+00  2.1426E+00  2.2031E+00  2.1633E+00  2.1838E+00  2.3287E+00  2.3359E+00  2.4270E+00
       2.3172E+00  2.3002E+00  2.4308E+00  2.3594E+00  2.4376E+00  2.5756E+00  2.5487E+00  2.4839E+00  2.6734E+00  2.5663E+00
       2.6249E+00  2.6648E+00  2.6514E+00  2.6629E+00  2.6878E+00  2.7783E+00  2.8723E+00  2.8072E+00  2.9335E+00  2.9091E+00
       2.9408E+00  2.9441E+00  3.0452E+00  3.2332E+00  3.1029E+00  3.1511E+00  3.1942E+00  3.2516E+00  3.1793E+00  3.2756E+00
       1.2855E+01  7.3708E+00  5.4580E+00  4.7806E+00  4.0012E+00  3.3858E+00  3.0540E+00  2.9175E+00  2.7590E+00  2.4646E+00
       2.4311E+00  2.3304E+00  2.0263E+00  2.0437E+00  2.0848E+00  2.0209E+00  1.8820E+00  1.9333E+00  1.8387E+00  1.7831E+00
       1.7908E+00  1.8022E+00  1.7210E+00  1.7695E+00  1.6965E+00  1.7495E+00  1.6477E+00  1.8196E+00  1.7192E+00  1.7354E+00
       1.7057E+00  1.7120E+00  1.7393E+00  1.6520E+00  1.7381E+00  1.7618E+00  1.7711E+00  1.8442E+00  1.7831E+00  1.7687E+00
       1.8174E+00  1.8041E+00  1.8248E+00  1.8103E+00  1.9083E+00  1.8667E+00  1.8673E+00  1.8897E+00  1.8897E+00  1.8723E+00
       1.8994E+00  1.9665E+00  1.8725E+00  2.0884E+00  1.9944E+00  2.0214E+00  2.0105E+00  2.0648E+00  2.0289E+00  2.0789E+00
       2.0898E+00  2.1154E+00  2.1206E+00  2.3032E+00  2.2777E+00  2.2249E+00  2.3204E+00  2.2329E+00  2.3005E+00  2.4566E+00
       2.3320E+00  2.3511E+00  2.4243E+00  2.4615E+00  2.4147E+00  2.5580E+00  2.5795E+00  2.5719E+00  2.7062E+00  2.7948E+00
       2.6808E+00  2.6538E+00  2.7006E+00  2.8059E+00  2.7842E+00  2.7639E+00  2.8484E+00  2.8086E+00  2.8477E+00  2.7931E+00
       2.8517E+00  3.0871E+00  2.9954E+00  3.1506E+00  3.0679E+00  3.1987E+00  3.2473E+00  3.2512E+00  3.4188E+00  3.3535E+00
       1.3147E+01  6.9192E+00  5.9415E+00  4.7055E+00  4.0799E+00  3.9947E+00  3.3894E+00  2.9019E+00  2.6868E+00  2.5045E+00
       2.3837E+00  2.2994E+00  2.2770E+00  2.1156E+00  2.1327E+00  1.9749E+00  1.9477E+00  1.8135E+00  1.8812E+00  1.8655E+00
       1.8479E+00  1.8102E+00  1.8586E+00  1.8100E+00  1.7364E+00  1.7382E+00  1.7846E+00  1.7611E+00  1.7654E+00  1.7367E+00
       1.7403E+00  1.7190E+00  1.7018E+00  1.7715E+00  1.6985E+00  1.7660E+00  1.8612E+00  1.7722E+00  1.8089E+00  1.8254E+00
       1.7461E+00  1.8212E+00  1.8493E+00  1.8460E+00  1.8749E+00  1.9466E+00  1.8606E+00  1.9039E+00  1.8624E+00  1.9408E+00
       1.9134E+00  1.9321E+00  2.0122E+00  1.9552E+00  2.0712E+00  2.1832E+00  2.1090E+00  2.0785E+00  2.1685E+00  2.2276E+00
       2.0441E+00  2.1877E+00  2.2182E+00  2.1287E+00  2.2608E+00  2.3019E+00  2.3636E+00  2.3048E+00  2.2724E+00  2.4546E+00
       2.3876E+00  2.4511E+00  2.3778E+00  2.3791E+00  2.4841E+00  2.6376E+00  2.6018E+00  2.5155E+00  2.6001E+00  2.6581E+00
       2.6246E+00  2.7642E+00  2.8530E+00  2.7815E+00  2.7729E+00  2.9094E+00  2.8626E+00  2.7550E+00  2.8124E+00  3.0089E+00
       2.9376E+00  2.9614E+00  2.9993E+00  3.1616E+00  3.0714E+00  3.0262E+00  3.1964E+00  3.3156E+00  3.4285E+00  3.2266E+00
       1.2418E+01  7.7297E+00  5.6647E+00  4.8553E+00  4.2337E+00  3.9393E+00  3.3428E+00  3.1890E+00  2.8552E+00  2.7277E+00
       2.4738E+00  2.5638E+00  2.3846E+00  2.2916E+00  2.1371E+00  2.0504E+00  2.0501E+00  2.0480E+00  1.9845E+00  1.8831E+00
       1.9917E+00  1.8086E+00  1.9273E+00  1.8394E+00  1.8116E+00  1.8087E+00  1.8208E+00  1.8155E+00  1.7397E+00  1.8100E+00
       1.7156E+00  1.8677E+00  1.8533E+00  1.7949E+00  1.8488E+00  1.8775E+00  1.8049E+00  1.8241E+00  1.8886E+00  1.8694E+00
       1.8571E+00  1.7954E+00  1.8493E+00  1.8763E+00  1.9153E+00  1.8399E+00  1.9276E+00  1.8974E+00  1.9366E+00  1.9734E+00
       2.0334E+00  2.0442E+00  2.0533E+00  1.9750E+00  1.9775E+00  2.0602E+00  2.1303E+00  2.1751E+00  2.1538E+00  2.1407E+00
       2.1385E+00  2.3008E+00  2.1645E+00  2.2729E+00  2.2556E+00  2.2890E+00  2.1993E+00  2.4272E+00  2.4705E+00  2.4125E+00
       2.4144E+00  2.4386E+00  2.5420E+00  2.3714E+00  2.5640E+00  2.5766E+00  2.7264E+00  2.6730E+00  2.6623E+00  2.5036E+00
       2.6583E+00  2.8242E+00  2.8165E+00  2.7921E+00  2.8782E+00  2.8695E+00  2.8655E+00  2.9864E+00  2.9352E+00  2.9749E+00
       2.9630E+00  2.9147E+00  3.0166E+00  3.2568E+00  3.1388E+00  3.2792E+00  3.2031E+00  3.2294E+00  3.4091E+00  3.3031E+00
       1.3664E+01  7.7672E+00  6.1460E+00  5.2490E+00  4.4292E+00  3.9311E+00  3.5633E+00  3.2560E+00  3.0988E+00  2.9000E+00
       2.6557E+00  2.5764E+00  2.3662E+00  2.3462E+00  2.3199E+00  2.1331E+00  2.1781E+00  2.0686E+00  2.0455E+00  1.9761E+00
       1.9492E+00  1.8908E+00  1.9606E+00  1.9790E+00  1.8557E+00  1.8537E+00  1.8134E+00  1.8448E+00  1.8360E+00  1.8128E+00
       1.8101E+00  1.8307E+00  1.8259E+00  1.8006E+00  1.8266E+00  1.8309E+00  1.8373E+00  1.8520E+00  1.9229E+00  1.9170E+00
       1.8115E+00  1.9101E+00  1.9293E+00  1.9431E+00  1.9567E+00  1.9609E+00  2.0014E+00  1.9233E+00  1.9867E+00  1.9341E+00
       2.0155E+00  2.0391E+00  2.1705E+00  2.1313E+00  2.0641E+00  2.1162E+00  1.9897E+00  2.0921E+00  2.2167E+00  2.1702E+00
       2.1692E+00  2.1876E+00  2.2762E+00  2.3575E+00  2.2867E+00  2.3563E+00  2.3143E+00  2.3388E+00  2.3765E+00  2.4026E+00
       2.4746E+00  2.4914E+00  2.5387E+00  2.5176E+00  2.5559E+00  2.5319E+00  2.5580E+00  2.6827E+00  2.5860E+00  2.6067E+00
       2.6734E+00  2.6810E+00  2.7809E+00  2.8653E+00  2.7428E+00  2.8008E+00  2.8123E+00  2.7256E+00  2.9850E+00  3.0360E+00
       3.0246E+00  3.0663E+00  3.0523E+00  3.1033E+00  3.0929E+00  3.2539E+00  3.1518E+00  3.3045E+00  3.2627E+00  3.2933E+00
       1.4122E+01  8.7708E+00  6.3050E+00  5.6694E+00  4.6812E+00  4.0038E+00  3.8484E+00  3.2694E+00  3.0434E+00  3.0692E+00
       2.7106E+00  2.5693E+00  2.5397E+00  2.3782E+00  2.3546E+00  2.2256E+00  2.1303E+00  2.1583E+00  2.0470E+00  2.0950E+00
       1.9705E+00  1.9416E+00  1.9379E+00  1.9280E+00  1.9345E+00  1.9129E+00  1.8804E+00  1.9012E+00  1.8854E+00  1.8942E+00
       1.9259E+00  1.8529E+00  1.9132E+00  1.8769E+00  1.8601E+00  1.8767E+00  1.8818E+00  1.9043E+00  1.9925E+00  1.8653E+00
       1.9636E+00  1.9953E+00  1.9524E+00  1.9147E+00  2.0226E+00  1.8701E+00  1.9458E+00  1.9575E+00  2.0361E+00  1.9537E+00
       2.0398E+00  2.1149E+00  2.1511E+00  1.9487E+00  2.1916E+00  2.0219E+00  2.1047E+00  2.2210E+00  2.1861E+00  2.1432E+00
       2.2554E+00  2.2658E+00  2.3567E+00  2.3437E+00  2.3086E+00  2.3046E+00  2.4785E+00  2.2925E+00  2.3732E+00  2.4442E+00
       2.3976E+00  2.4302E+00  2.5684E+00  2.5799E+00  2.4939E+00  2.6034E+00  2.5947E+00  2.7688E+00  2.7682E+00  2.7093E+00
       2.7106E+00  2.7324E+00  2.7856E+00  2.7764E+00  2.9170E+00  2.6948E+00  3.0010E+00  3.0257E+00  3.0410E+00  3.0681E+00
       2.8901E+00  3.1034E+00  2.9644E+00  3.2051E+00  3.1780E+00  3.2015E+00  3.1549E+00  3.3270E+00  3.3405E+00  3.4027E+00
       1.7195E+01  8.9035E+00  6.7816E+00  5.4651E+00  4.6942E+00  4.3403E+00  3.6419E+00  3.4696E+00  3.1277E+00  2.9864E+00
       2.8507E+00  2.7572E+00  2.6686E+00  2.3149E+00  2.3606E+00  2.3506E+00  2.3293E+00  2.1706E+00  2.1186E+00  2.1311E+00
       2.0710E+00  2.0664E+00  2.0919E+00  1.9778E+00  1.9423E+00  1.8909E+00  1.9199E+00  1.9512E+00  1.9263E+00  1.9362E+00
       1.8705E+00  1.9870E+00  1.9126E+00  1.9272E+00  1.9994E+00  1.9015E+00  1.9300E+00  1.9337E+00  1.9530E+00  1.9628E+00
       1.9940E+00  2.0206E+00  2.0382E+00  2.0737E+00  2.0175E+00  2.0079E+00  2.0298E+00  2.0644E+00  2.1340E+00  2.0007E+00
       2.0556E+00  2.0458E+00  2.1157E+00  2.0688E+00  2.1203E+00  2.1972E+00  2.1733E+00  2.1643E+00  2.1239E+00  2.2175E+00
       2.2855E+00  2.3117E+00  2.3751E+00  2.3977E+00  2.3204E+00  2.4131E+00  2.3672E+00  2.3708E+00  2.4921E+00  2.4176E+00
       2.4652E+00  2.6319E+00  2.6557E+00  2.5367E+00  2.5625E+00  2.6113E+00  2.5617E+00  2.5860E+00  2.6361E+00  2.7329E+00
       2.8323E+00  2.7856E+00  2.9082E+00  2.8862E+00  2.8184E+00  2.8075E+00  2.9462E+00  3.0219E+00  2.9173E+00  3.0035E+00
       3.1666E+00  3.2134E+00  3.0097E+00  3.1720E+00  3.2367E+00  3.2952E+00  3.3658E+00  3.3958E+00  3.3447E+00  3.2559E+00
       1.4207E+01  8.9306E+00  6.4950E+00  5.6615E+00  4.6710E+00  4.3040E+00  3.7687E+00  3.5337E+00  3.2718E+00  3.0507E+00
       2.9637E+00  2.7635E+00  2.6392E+00  2.5088E+00  2.5010E+00  2.3937E+00  2.2729E+00  2.2506E+00  2.1107E+00  2.2135E+00
       2.1212E+00  2.1246E+00  2.0792E+00  2.1036E+00  2.0501E+00  2.0904E+00  2.0096E+00  1.9041E+00  1.9494E+00  1.9289E+00
       2.0478E+00  1.9633E+00  1.9482E+00  1.9666E+00  1.9883E+00  1.8946E+00  1.9608E+00  2.0037E+00  1.9205E+00  2.1038E+00
       2.0313E+00  2.0190E+00  1.9785E+00  2.0340E+00  1.9853E+00  2.0689E+00  2.0564E+00  2.0324E+00  2.0918E+00  2.0085E+00
       2.1411E+00  2.0876E+00  2.0374E+00  2.2289E+00  2.1557E+00  2.2246E+00  2.1858E+00  2.2658E+00  2.3443E+00  2.3727E+00
       2.3025E+00  2.3580E+00  2.3526E+00  2.4156E+00  2.3937E+00  2.3982E+00  2.4390E+00  2.5675E+00  2.4018E+00  2.4622E+00
       2.5642E+00  2.6429E+00  2.4850E+00  2.6432E+00  2.5840E+00  2.6340E+00  2.8585E+00  2.6655E+00  2.7754E+00  2.8655E+00
       2.7552E+00  2.6181E+00  2.8894E+00  2.7556E+00  2.7695E+00  2.9790E+00  2.9630E+00  2.9925E+00  3.0267E+00  2.9031E+00
       3.1395E+00  3.0690E+00  3.0058E+00  3.1489E+00  3.3794E+00  3.2221E+00  3.3353E+00  3.3982E+00  3.2319E+00  3.5408E+00
       1.7173E+01  9.2132E+00  6.4909E+00  5.7899E+00  5.2109E+00  4.4052E+00  4.2388E+00  3.6793E+00  3.3759E+00  3.1289E+00
       3.0491E+00  2.8460E+00  2.8203E+00  2.5473E+00  2.5331E+00  2.4587E+00  2.4381E+00  2.4039E+00  2.2225E+00  2.1799E+00
       2.2240E+00  2.2091E+00  2.0393E+00  2.0531E+00  2.0797E+00  2.1340E+00  2.0130E+00  2.0250E+00  2.0417E+00  1.9537E+00
       2.0037E+00  2.0443E+00  1.9930E+00  2.0529E+00  2.0775E+00  2.0053E+00  1.8778E+00  1.9713E+00  2.1538E+00  1.9797E+00
       2.1217E+00  2.0147E+00  2.0685E+00  2.1060E+00  2.0974E+00  2.1387E+00  2.1845E+00  2.1646E+00  2.0803E+00  2.1141E+00
       2.1779E+00  2.1639E+00  2.1726E+00  2.1289E+00  2.1709E+00  2.2616E+00  2.2356E+00  2.3403E+00  2.2705E+00  2.2978E+00
       2.2490E+00  2.2911E+00  2.2761E+00  2.3930E+00  2.4819E+00  2.4170E+00  2.4890E+00  2.4685E+00  2.4106E+00  2.4551E+00
       2.4448E+00  2.4764E+00  2.6563E+00  2.6145E+00  2.7432E+00  2.7845E+00  2.6921E+00  2.6704E+00  2.9027E+00  2.8030E+00
       2.7077E+00  2.8623E+00  2.8644E+00  2.7811E+00  2.8357E+00  3.0331E+00  2.8609E+00  2.9442E+00  2.9248E+00  3.1406E+00
       2.9320E+00  3.0616E+00  3.2040E+00  3.3102E+00  3.1348E+00  3.1138E+00  3.1875E+00  3.2277E+00  3.5123E+00  3.3504E+00
       1.9388E+01  8.9135E+00  7.0666E+00  6.0700E+00  5.0194E+00  4.3531E+00  4.1494E+00  3.6124E+00  3.5208E+00  3.4335E+00
       3.0807E+00  3.0371E+00  2.8626E+00  2.6915E+00  2.6241E+00  2.6746E+00  2.5179E+00  2.4310E+00  2.3999E+00  2.3500E+00
       2.3017E+00  2.1817E+00  2.2013E+00  2.0891E+00  2.2057E+00  2.2176E+00  2.1096E+00  2.1359E+00  2.0370E+00  2.1411E+00
       2.1167E+00  2.0691E+00  2.0635E+00  1.9994E+00  1.9831E+00  2.0416E+00  2.0656E+00  2.1165E+00  2.0591E+00  2.0632E+00
       2.0377E+00  2.0953E+00  2.0132E+00  2.1395E+00  2.0850E+00  2.1680E+00  2.1851E+00  2.1443E+00  2.1193E+00  2.1680E+00
       2.2569E+00  2.1776E+00  2.1841E+00  2.1855E+00  2.1637E+00  2.2285E+00  2.2878E+00  2.3251E+00  2.3120E+00  2.3173E+00
       2.3094E+00  2.3336E+00  2.3621E+00  2.4113E+00  2.5592E+00  2.4377E+00  2.4559E+00  2.4752E+00  2.6401E+00  2.6444E+00
       2.5065E+00  2.5347E+00  2.5908E+00  2.5557E+00  2.6535E+00  2.7347E+00  2.7662E+00  2.6819E+00  2.7691E+00  2.7911E+00
       2.7402E+00  2.8012E+00  2.9218E+00  2.8148E+00  2.8824E+00  2.9736E+00  3.0812E+00  3.0048E+00  3.0150E+00  3.0260E+00
       3.2189E+00  3.2235E+00  3.0833E+00  3.3139E+00  3.1821E+00  3.4381E+00  3.4153E+00  3.4532E+00  3.4879E+00  3.4187E+00
       1.8580E+01  9.4960E+00  7.2714E+00  6.0862E+00  5.4136E+00  4.6752E+00  4.2961E+00  4.0613E+00  3.7070E+00  3.1840E+00
       3.3385E+00  3.0833E+00  2.9011E+00  2.7974E+00  2.6904E+00  2.5994E+00  2.5704E+00  2.5053E+00  2.4894E+00  2.3454E+00
       2.3448E+00  2.2669E+00  2.2519E+00  2.2173E+00  2.1421E+00  2.2059E+00  2.1778E+00  2.1350E+00  2.0863E+00  2.1139E+00
       2.0730E+00  2.0955E+00  2.1148E+00  2.0536E+00  1.9599E+00  2.0984E+00  2.0101E+00  1.9987E+00  2.0834E+00  2.0753E+00
       2.0407E+00  2.1399E+00  2.0320E+00  2.0410E+00  2.0736E+00  2.1481E+00  2.2329E+00  2.1412E+00  2.2054E+00  2.2185E+00
       2.1808E+00  2.2350E+00  2.1220E+00  2.2338E+00  2.3190E+00  2.2858E+00  2.2418E+00  2.3357E+00  2.3709E+00  2.3114E+00
       2.3585E+00  2.4300E+00  2.5281E+00  2.5161E+00  2.5171E+00  2.4948E+00  2.5203E+00  2.4966E+00  2.4837E+00  2.5064E+00
       2.5182E+00  2.6333E+00  2.6560E+00  2.6174E+00  2.6623E+00  2.6112E+00  2.6885E+00  2.7253E+00  2.7189E+00  2.7367E+00
       2.8829E+00  2.9470E+00  2.8861E+00  3.0237E+00  3.0517E+00  3.1083E+00  3.0319E+00  3.1454E+00  3.0667E+00  3.2932E+00
       3.1121E+00  3.1140E+00  3.2013E+00  3.1191E+00  3.2729E+00  3.2717E+00  3.4272E+00  3.3836E+00  3.3069E+00  3.4450E+00
       1.9434E+01  9.6691E+00  7.5392E+00  6.6140E+00  5.4269E+00  4.8721E+00  4.6441E+00  4.2547E+00  3.6411E+00  3.5521E+00
       3.4766E+00  3.3272E+00  3.0689E+00  2.9161E+00  2.7576E+00  2.6830E+00  2.6199E+00  2.5801E+00  2.4522E+00  2.3828E+00
       2.4875E+00  2.3444E+00  2.3105E+00  2.3304E+00  2.2794E+00  2.1757E+00  2.2079E+00  2.1881E+00  2.2088E+00  2.2035E+00
       2.0932E+00  2.2100E+00  2.1893E+00  2.1734E+00  2.2512E+00  2.1992E+00  2.1472E+00  2.2015E+00  2.1672E+00  2.1198E+00
       2.1631E+00  2.0953E+00  2.0796E+00  2.1352E+00  2.1962E+00  2.2184E+00  2.1720E+00  2.1813E+00  2.1572E+00  2.2624E+00
       2.2202E+00  2.2065E+00  2.2643E+00  2.2960E+00  2.3606E+00  2.3686E+00  2.3099E+00  2.3127E+00  2.3674E+00  2.3899E+00
       2.4722E+00  2.5155E+00  2.5533E+00  2.5267E+00  2.5411E+00  2.4693E+00  2.5079E+00  2.5632E+00  2.4650E+00  2.6056E+00
       2.6215E+00  2.6828E+00  2.6131E+00  2.6190E+00  2.7005E+00  2.7227E+00  2.7242E+00  2.9587E+00  2.8141E+00  2.8001E+00
       2.8924E+00  2.9140E+00  2.7522E+00  3.0054E+00  2.9448E+00  2.9988E+00  2.9953E+00  3.1979E+00  3.1488E+00  3.1101E+00
       3.1706E+00  3.2204E+00  3.2131E+00  3.2817E+00  3.2503E+00  3.3178E+00  3.3810E+00  3.3687E+00  3.5296E+00  3.4093E+00
       1.8457E+01  1.0393E+01  7.2933E+00  6.7433E+00  5.5058E+00  5.1027E+00  4.5006E+00  4.1793E+00  3.8926E+00  3.6637E+00
       3.4967E+00  3.2637E+00  2.9689E+00  2.9379E+00  2.7950E+00  2.7717E+00  2.7643E+00  2.5759E+00  2.5520E+00  2.4859E+00
       2.5735E+00  2.3963E+00  2.3663E+00  2.3427E+00  2.3874E+00  2.3029E+00  2.2417E+00  2.2694E+00  2.3404E+00  2.2831E+00
       2.2185E+00  2.1300E+00  2.2312E+00  2.2520E+00  2.1837E+00  2.0846E+00  2.1126E+00  2.2016E+00  2.2832E+00  2.1623E+00
       2.2032E+00  2.2551E+00  2.2013E+00  2.2328E+00  2.1469E+00  2.2282E+00  2.1788E+00  2.2588E+00  2.2517E+00  2.2579E+00
       2.2909E+00  2.3583E+00  2.3743E+00  2.3032E+00  2.3056E+00  2.4205E+00  2.3458E+00  2.3339E+00  2.4146E+00  2.3758E+00
       2.3996E+00  2.4719E+00  2.5265E+00  2.5254E+00  2.5709E+00  2.5264E+00  2.6059E+00  2.5029E+00  2.6225E+00  2.5449E+00
       2.7333E+00  2.6759E+00  2.7084E+00  2.6932E+00  2.8183E+00  2.7885E+00  2.6742E+00  2.7862E+00  2.7919E+00  2.8161E+00
       3.0093E+00  2.8398E+00  3.0046E+00  3.0112E+00  3.0583E+00  3.0600E+00  3.1029E+00  3.0398E+00  3.0110E+00  3.0923E+00
       3.0913E+00  3.3412E+00  3.2880E+00  3.1747E+00  3.1676E+00  3.3975E+00  3.5253E+00  3.4491E+00  3.4014E+00  3.7102E+00
       2.3963E+01  1.0331E+01  7.9065E+00  6.3715E+00  5.9226E+00  5.2332E+00  4.8043E+00  4.3016E+00  3.9655E+00  3.6696E+00
       3.7184E+00  3.3169E+00  3.1301E+00  3.0928E+00  2.9810E+00  2.9031E+00  2.7834E+00  2.6111E+00  2.5973E+00  2.5761E+00
       2.5394E+00  2.5726E+00  2.3834E+00  2.4563E+00  2.3457E+00  2.3891E+00  2.3355E+00  2.3354E+00  2.4059E+00  2.2189E+00
       2.2163E+00  2.2286E+00  2.1742E+00  2.2725E+00  2.2510E+00  2.2351E+00  2.2391E+00  2.1376E+00  2.2431E+00  2.2047E+00
       2.2439E+00  2.2803E+00  2.1598E+00  2.2474E+00  2.1745E+00  2.1604E+00  2.3226E+00  2.2440E+00  2.2754E+00  2.2790E+00
       2.3492E+00  2.4104E+00  2.3104E+00  2.4459E+00  2.3448E+00  2.3963E+00  2.3911E+00  2.3986E+00  2.3727E+00  2.4317E+00
       2.5086E+00  2.4204E+00  2.6272E+00  2.6369E+00  2.5322E+00  2.5612E+00  2.6925E+00  2.7080E+00  2.5552E+00  2.6307E+00
       2.8195E+00  2.6390E+00  2.7538E+00  2.8621E+00  2.7088E+00  2.6456E+00  2.9340E+00  2.8588E+00  2.9267E+00  2.8566E+00
       2.8529E+00  2.9932E+00  2.9706E+00  3.1003E+00  3.0035E+00  2.9611E+00  3.0818E+00  3.0329E+00  3.1761E+00  3.1549E+00
       3.4824E+00  3.3158E+00  3.2840E+00  3.4517E+00  3.3697E+00  3.4431E+00  3.6314E+00  3.5004E+00  3.3782E+00  3.6940E+00
       2.0280E+01  1.0764E+01  7.5891E+00  7.0197E+00  6.1611E+00  5.3566E+00  4.8934E+00  4.5872E+00  4.3430E+00  3.7674E+00
       3.6555E+00  3.5192E+00  3.2915E+00  3.0407E+00  3.0292E+00  2.9065E+00  2.8110E+00  2.7933E+00  2.7637E+00  2.6037E+00
       2.6768E+00  2.5774E+00  2.4402E+00  2.3903E+00  2.5094E+00  2.3375E+00  2.2986E+00  2.3910E+00  2.3558E+00  2.2986E+00
       2.2551E+00  2.2734E+00  2.2309E+00  2.2050E+00  2.2747E+00  2.2817E+00  2.2218E+00  2.2925E+00  2.3126E+00  2.2988E+00
       2.2593E+00  2.2076E+00  2.1715E+00  2.1924E+00  2.2999E+00  2.3785E+00  2.2740E+00  2.2864E+00  2.2503E+00  2.3411E+00
       2.3814E+00  2.3418E+00  2.3723E+00  2.5165E+00  2.4215E+00  2.4990E+00  2.3729E+00  2.4399E+00  2.4928E+00  2.4148E+00
       2.5758E+00  2.4380E+00  2.5726E+00  2.5778E+00  2.6215E+00  2.6394E+00  2.5933E+00  2.5315E+00  2.6353E+00  2.6857E+00
       2.8158E+00  2.7074E+00  2.8090E+00  2.9038E+00  2.8382E+00  2.8701E+00  2.8765E+00  2.9245E+00  2.9067E+00  3.0162E+00
       2.9409E+00  3.0459E+00  3.1417E+00  3.0458E+00  3.0307E+00  2.9924E+00  3.0584E+00  3.2898E+00  3.2731E+00  3.2547E+00
       3.2596E+00  3.2760E+00  3.4226E+00  3.2178E+00  3.3669E+00  3.3895E+00  3.5944E+00  3.3499E+00  3.4652E+00  3.5214E+00
       1.9776E+01  1.2089E+01  8.3357E+00  7.3925E+00  5.6720E+00  5.6625E+00  4.8767E+00  4.6861E+00  4.0250E+00  3.8801E+00
       3.9231E+00  3.3562E+00  3.1657E+00  3.3882E+00  3.1107E+00  3.0585E+00  3.0078E+00  2.9261E+00  2.7975E+00  2.6549E+00
       2.7171E+00  2.5380E+00  2.5812E+00  2.5916E+00  2.5013E+00  2.4503E+00  2.4704E+00  2.3767E+00  2.2981E+00  2.4021E+00
       2.3314E+00  2.3831E+00  2.3847E+00  2.2506E+00  2.2967E+00  2.3655E+00  2.2535E+00  2.2657E+00  2.2813E+00  2.2206E+00
       2.3578E+00  2.4570E+00  2.3845E+00  2.3017E+00  2.3857E+00  2.3571E+00  2.3592E+00  2.3525E+00  2.2725E+00  2.2688E+00
       2.2722E+00  2.3464E+00  2.4154E+00  2.4060E+00  2.4224E+00  2.4428E+00  2.5278E+00  2.5077E+00  2.4852E+00  2.4291E+00
       2.4604E+00  2.4225E+00  2.6202E+00  2.5989E+00  2.6415E+00  2.6645E+00  2.6268E+00  2.7659E+00  2.5810E+00  2.7935E+00
       2.7216E+00  2.8172E+00  2.7738E+00  2.7849E+00  2.8185E+00  2.9148E+00  2.8456E+00  2.8429E+00  2.9375E+00  2.9482E+00
       3.0303E+00  3.1171E+00  3.0851E+00  3.0426E+00  3.0798E+00  3.2625E+00  3.1714E+00  3.1506E+00  3.2482E+00  3.2725E+00
       3.2417E+00  3.2426E+00  3.3187E+00  3.3033E+00  3.3634E+00  3.3530E+00  3.4311E+00  3.5368E+00  3.5637E+00  3.6428E+00
       2.1413E+01  1.0231E+01  8.0162E+00  7.1489E+00  6.1887E+00  5.4075E+00  5.0937E+00  4.6784E+00  4.4231E+00  4.3140E+00
       3.8023E+00  3.5964E+00  3.4668E+00  3.2612E+00  3.3676E+00  3.2345E+00  3.0193E+00  2.9166E+00  2.8071E+00  2.8424E+00
       2.6164E+00  2.6445E+00  2.5778E+00  2.6275E+00  2.5421E+00  2.6019E+00  2.5391E+00  2.4383E+00  2.3447E+00  2.4302E+00
       2.4212E+00  2.4070E+00  2.4092E+00  2.3537E+00  2.4143E+00  2.2703E+00  2.4318E+00  2.3796E+00  2.3051E+00  2.2942E+00
       2.3305E+00  2.2923E+00  2.3320E+00  2.3474E+00  2.3320E+00  2.4796E+00  2.3132E+00  2.4105E+00  2.4466E+00  2.4177E+00
       2.3555E+00  2.5402E+00  2.4911E+00  2.4287E+00  2.4794E+00  2.4502E+00  2.4929E+00  2.5001E+00  2.5393E+00  2.5935E+00
       2.6104E+00  2.4677E+00  2.6529E+00  2.6262E+00  2.7470E+00  2.5220E+00  2.6528E+00  2.7288E+00  2.6336E+00  2.6219E+00
       2.7188E+00  2.7086E+00  2.7507E+00  2.5950E+00  2.7359E+00  2.8984E+00  2.7452E+00  3.0916E+00  2.8640E+00  3.0335E+00
       3.0565E+00  2.8919E+00  3.0480E+00  3.0523E+00  3.0733E+00  3.1542E+00  3.2313E+00  3.3252E+00  3.3998E+00  3.3703E+00
       3.3223E+00  3.3510E+00  3.5578E+00  3.4824E+00  3.3389E+00  3.2948E+00  3.4894E+00  3.4849E+00  3.4561E+00  3.5901E+00
       1.9689E+01  1.0374E+01  8.8901E+00  7.3231E+00  6.7086E+00  5.5933E+00  5.3500E+00  4.6576E+00  4.4695E+00  4.1980E+00
       4.0173E+00  3.7957E+00  3.6001E+00  3.4469E+00  3.2907E+00  3.3334E+00  3.1209E+00  3.1555E+00  2.8262E+00  2.7955E+00
       2.6853E+00  2.7103E+00  2.7192E+00  2.5866E+00  2.6996E+00  2.5703E+00  2.5517E+00  2.5823E+00  2.4531E+00  2.4841E+00
       2.4733E+00  2.4439E+00  2.4927E+00  2.3682E+00  2.4031E+00  2.3478E+00  2.4452E+00  2.3708E+00  2.4927E+00  2.3273E+00
       2.4693E+00  2.3257E+00  2.3559E+00  2.4246E+00  2.4101E+00  2.3659E+00  2.3887E+00  2.3878E+00  2.5121E+00  2.4622E+00
       2.4140E+00  2.5980E+00  2.5528E+00  2.3753E+00  2.5236E+00  2.5245E+00  2.5561E+00  2.4547E+00  2.5428E+00  2.5950E+00
       2.5017E+00  2.5227E+00  2.6248E+00  2.6833E+00  2.7391E+00  2.7973E+00  2.6864E+00  2.7387E+00  2.9112E+00  2.8165E+00
       2.8561E+00  2.8018E+00  2.8097E+00  2.8503E+00  2.9475E+00  2.8069E+00  2.9217E+00  2.7926E+00  2.9748E+00  3.0883E+00
       3.1673E+00  3.0198E+00  3.0197E+00  3.1244E+00  3.3003E+00  3.1919E+00  3.1950E+00  3.3607E+00  3.2293E+00  3.1779E+00
       3.3422E+00  3.2333E+00  3.3534E+00  3.4481E+00  3.4957E+00  3.5930E+00  3.5937E+00  3.6139E+00  3.6896E+00  3.7644E+00
       2.1665E+01  1.1389E+01  8.7134E+00  7.4652E+00  6.7233E+00  5.9788E+00  5.3371E+00  4.8742E+00  4.9608E+00  4.3580E+00
       3.8454E+00  3.8074E+00  3.6081E+00  3.6016E+00  3.5547E+00  3.4454E+00  3.0261E+00  3.1476E+00  3.0394E+00  2.9443E+00
       2.8817E+00  2.8504E+00  2.9021E+00  2.7700E+00  2.7480E+00  2.6410E+00  2.5544E+00  2.5988E+00  2.6462E+00  2.4611E+00
       2.5015E+00  2.5096E+00  2.4779E+00  2.4040E+00  2.4756E+00  2.5099E+00  2.5301E+00  2.3856E+00  2.5073E+00  2.4692E+00
       2.3889E+00  2.5086E+00  2.5243E+00  2.5029E+00  2.4529E+00  2.4754E+00  2.5949E+00  2.3855E+00  2.4870E+00  2.6303E+00
       2.5093E+00  2.4625E+00  2.5953E+00  2.5347E+00  2.6200E+00  2.6704E+00  2.5810E+00  2.5268E+00  2.5960E+00  2.6230E+00
       2.7373E+00  2.5943E+00  2.6610E+00  2.7461E+00  2.6580E+00  2.7677E+00  2.8587E+00  2.7645E+00  2.6292E+00  2.8240E+00
       2.8887E+00  2.7577E+00  2.9706E+00  2.8878E+00  2.9707E+00  2.9922E+00  3.0174E+00  2.9856E+00  2.9193E+00  3.1048E+00
       2.9132E+00  3.0076E+00  3.0520E+00  3.1050E+00  3.1218E+00  3.1804E+00  3.3024E+00  3.2128E+00  3.5861E+00  3.3988E+00
       3.3822E+00  3.4588E+00  3.4478E+00  3.2327E+00  3.5871E+00  3.6649E+00  3.6454E+00  3.6563E+00  3.5190E+00  3.6459E+00
       2.0659E+01  1.2318E+01  9.6604E+00  7.4374E+00  6.7445E+00  6.6833E+00  5.6505E+00  4.8798E+00  4.8695E+00  4.7457E+00
       4.2315E+00  4.0092E+00  3.9266E+00  3.6532E+00  3.5917E+00  3.5338E+00  3.1847E+00  3.1305E+00  3.1909E+00  3.0990E+00
       3.0260E+00  2.8934E+00  2.8202E+00  2.7751E+00  2.7571E+00  2.8441E+00  2.6565E+00  2.6898E+00  2.6375E+00  2.4928E+00
       2.6230E+00  2.5141E+00  2.5194E+00  2.5832E+00  2.5038E+00  2.4931E+00  2.5218E+00  2.3226E+00  2.5581E+00  2.5131E+00
       2.4825E+00  2.5288E+00  2.5981E+00  2.5466E+00  2.4652E+00  2.3835E+00  2.6157E+00  2.4957E+00  2.5332E+00  2.5784E+00
       2.5408E+00  2.5238E+00  2.5471E+00  2.4864E+00  2.6785E+00  2.6341E+00  2.6115E+00  2.4598E+00  2.5500E+00  2.6449E+00
       2.8098E+00  2.6961E+00  2.6321E+00  2.7510E+00  2.8077E+00  2.8682E+00  2.8016E+00  2.7782E+00  2.8717E+00  2.9337E+00
       2.8504E+00  2.8797E+00  2.8408E+00  2.8514E+00  2.8503E+00  2.9494E+00  2.9489E+00  3.0013E+00  3.0778E+00  3.1336E+00
       3.0625E+00  3.0749E+00  3.0709E+00  3.3164E+00  3.3685E+00  3.2481E+00  3.2054E+00  3.1636E+00  3.2940E+00  3.3947E+00
       3.3181E+00  3.4357E+00  3.3264E+00  3.4925E+00  3.6362E+00  3.7032E+00  3.5196E+00  3.6447E+00  3.5685E+00  3.6903E+00
       2.3848E+01  1.3714E+01  9.1154E+00  8.0632E+00  6.9720E+00  6.2384E+00  5.8000E+00  5.1768E+00  4.8085E+00  4.8790E+00
       4.3770E+00  4.4180E+00  3.8325E+00  3.6357E+00  3.6586E+00  3.4496E+00  3.3968E+00  3.3495E+00  3.1524E+00  3.0566E+00
       2.9730E+00  3.0092E+00  2.8228E+00  2.9039E+00  2.8359E+00  2.7671E+00  2.8035E+00  2.6019E+00  2.6017E+00  2.6086E+00
       2.4799E+00  2.5802E+00  2.5913E+00  2.6317E+00  2.5786E+00  2.5808E+00  2.4751E+00  2.6532E+00  2.5168E+00  2.4931E+00
       2.6123E+00  2.4728E+00  2.6618E+00  2.5464E+00  2.5992E+00  2.5091E+00  2.6395E+00  2.5896E+00  2.5690E+00  2.5260E+00
       2.6173E+00  2.6517E+00  2.4850E+00  2.5854E+00  2.5368E+00  2.6548E+00  2.7536E+00  2.6199E+00  2.6544E+00  2.7425E+00
       2.6027E+00  2.7794E+00  2.7542E+00  2.7245E+00  2.7081E+00  2.7884E+00  2.7921E+00  2.8554E+00  2.7328E+00  3.0221E+00
       2.9152E+00  2.8631E+00  2.8262E+00  3.1435E+00  3.0649E+00  3.0341E+00  3.0551E+00  3.1142E+00  3.0721E+00  3.1652E+00
       3.0067E+00  2.9755E+00  3.3005E+00  3.2204E+00  3.1806E+00  3.1769E+00  3.2189E+00  3.4370E+00  3.1411E+00  3.3040E+00
       3.5301E+00  3.3765E+00  3.4811E+00  3.5229E+00  3.5959E+00  3.5405E+00  3.6890E+00  3.5852E+00  3.6734E+00  3.8400E+00
       2.3173E+01  1.2727E+01  9.4534E+00  8.1799E+00  7.2342E+00  6.5895E+00  5.7348E+00  5.5164E+00  5.1428E+00  4.7099E+00
       4.2461E+00  4.2874E+00  4.1182E+00  3.7962E+00  3.7818E+00  3.5985E+00  3.4938E+00  3.2300E+00  3.1030E+00  3.1340E+00
       3.0113E+00  3.0178E+00  2.9154E+00  2.9754E+00  2.7114E+00  2.8401E+00  2.8941E+00  2.7175E+00  2.7697E+00  2.5624E+00
       2.6830E+00  2.6699E+00  2.6537E+00  2.6981E+00  2.5793E+00  2.5107E+00  2.5048E+00  2.5915E+00  2.5505E+00  2.6398E+00
       2.6187E+00  2.5557E+00  2.6628E+00  2.5216E+00  2.5198E+00  2.5818E+00  2.5365E+00  2.5650E+00  2.5519E+00  2.5277E+00
       2.6453E+00  2.5269E+00  2.5493E+00  2.7054E+00  2.7748E+00  2.6775E+00  2.5239E+00  2.7077E+00  2.6564E+00  2.8101E+00
       2.7344E+00  2.8012E+00  2.7187E+00  2.8671E+00  2.7364E+00  2.8166E+00  2.8278E+00  2.7846E+00  2.8576E+00  2.7821E+00
       3.0678E+00  3.0178E+00  2.8836E+00  3.0370E+00  3.0066E+00  3.0799E+00  3.0623E+00  3.0578E+00  3.1221E+00  3.1163E+00
       3.1868E+00  3.0742E+00  3.1050E+00  3.1707E+00  3.3350E+00  3.4220E+00  3.3720E+00  3.3462E+00  3.3996E+00  3.4961E+00
       3.4046E+00  3.3121E+00  3.5289E+00  3.6505E+00  3.5615E+00  3.7678E+00  3.6842E+00  3.5600E+00  3.5847E+00  3.7116E+00
       2.6135E+01  1.1982E+01  9.2390E+00  7.6728E+00  7.0170E+00  6.3881E+00  5.8838E+00  5.6941E+00  4.9042E+00  4.5556E+00
       4.7392E+00  4.3998E+00  4.0481E+00  3.9850E+00  3.6123E+00  3.7937E+00  3.4520E+00  3.4578E+00  3.3001E+00  3.3373E+00
       3.2117E+00  3.1922E+00  3.1228E+00  2.9041E+00  2.9857E+00  2.8928E+00  2.7965E+00  2.8340E+00  2.7081E+00  2.7445E+00
       2.7110E+00  2.7294E+00  2.5373E+00  2.7155E+00  2.6799E+00  2.7306E+00  2.7103E+00  2.6705E+00  2.6415E+00  2.5729E+00
       2.6143E+00  2.5527E+00  2.7696E+00  2.5115E+00  2.6258E+00  2.6054E+00  2.6740E+00  2.5788E+00  2.6379E+00  2.7155E+00
       2.6586E+00  2.6538E+00  2.7186E+00  2.7426E+00  2.7488E+00  2.7338E+00  2.7698E+00  2.7244E+00  2.5830E+00  2.7931E+00
       2.7128E+00  2.7812E+00  2.7849E+00  2.9740E+00  2.7721E+00  2.8807E+00  2.9556E+00  2.7856E+00  2.8173E+00  2.9012E+00
       3.0466E+00  3.1125E+00  2.9734E+00  3.0405E+00  3.1900E+00  2.9973E+00  3.1450E+00  3.0256E+00  3.2495E+00  3.1449E+00
       3.3286E+00  3.1894E+00  3.3038E+00  3.3493E+00  3.3575E+00  3.3647E+00  3.2886E+00  3.3120E+00  3.3488E+00  3.5773E+00
       3.4344E+00  3.4596E+00  3.6176E+00  3.5508E+00  3.7067E+00  3.5521E+00  3.6324E+00  3.6546E+00  3.7237E+00  4.0695E+00
       2.1563E+01  1.1592E+01  1.0028E+01  8.6091E+00  7.7427E+00  6.4673E+00  6.0874E+00  5.7521E+00  5.2040E+00  4.9392E+00
       4.5838E+00  4.5031E+00  4.0536E+00  4.0814E+00  3.5749E+00  3.7956E+00  3.5201E+00  3.5794E+00  3.3303E+00  3.3612E+00
       3.2623E+00  3.2903E+00  3.1541E+00  3.0688E+00  3.0393E+00  3.0726E+00  3.0265E+00  3.0272E+00  2.8592E+00  2.8988E+00
       2.7174E+00  2.7522E+00  2.7566E+00  2.6404E+00  2.6882E+00  2.6647E+00  2.6977E+00  2.6331E+00  2.6662E+00  2.7581E+00
       2.5787E+00  2.6901E+00  2.6305E+00  2.7297E+00  2.6892E+00  2.6905E+00  2.5676E+00  2.6137E+00  2.6156E+00  2.7805E+00
       2.7580E+00  2.7390E+00  2.6118E+00  2.7903E+00  2.8432E+00  2.6764E+00  2.8188E+00  2.8444E+00  2.7071E+00  2.8512E+00
       2.8457E+00  2.9973E+00  2.8245E+00  2.8900E+00  2.9113E+00  2.8774E+00  2.9557E+00  2.8228E+00  2.9223E+00  2.8834E+00
       3.0833E+00  3.0507E+00  3.1745E+00  3.1636E+00  3.1612E+00  3.0265E+00  3.2749E+00  3.1733E+00  3.1828E+00  3.3341E+00
       3.2273E+00  3.2924E+00  3.3308E+00  3.4007E+00  3.3722E+00  3.2536E+00  3.6020E+00  3.3376E+00  3.4393E+00  3.5016E+00
       3.6348E+00  3.4316E+00  3.5109E+00  3.6200E+00  3.6377E+00  3.6989E+00  3.6603E+00  3.9391E+00  3.7260E+00  3.8983E+00
       2.4660E+01  1.4331E+01  1.1628E+01  8.1206E+00  7.8782E+00  7.1558E+00  6.4452E+00  5.8550E+00  5.2924E+00  4.8299E+00
       4.6178E+00  4.6761E+00  4.0058E+00  4.2280E+00  3.8477E+00  3.8355E+00  3.7247E+00  3.7457E+00  3.3836E+00  3.3826E+00
       3.3337E+00  3.2180E+00  3.0796E+00  3.2932E+00  3.1910E+00  3.0558E+00  2.9823E+00  2.9490E+00  2.8862E+00  2.9157E+00
       2.8984E+00  2.8862E+00  2.8190E+00  2.8706E+00  2.8442E+00  2.8427E+00  2.8360E+00  2.6728E+00  2.7305E+00  2.7504E+00
       2.6932E+00  2.6207E+00  2.7754E+00  2.8260E+00  2.8096E+00  2.8997E+00  2.7781E+00  2.6869E+00  2.7314E+00  2.7034E+00
       2.7245E+00  2.8172E+00  2.7378E+00  2.8787E+00  2.7492E+00  2.8519E+00  2.7946E+00  2.8898E+00  2.8955E+00  2.7870E+00
       2.8609E+00  3.0197E+00  2.7258E+00  2.7955E+00  2.8937E+00  2.9847E+00  2.9738E+00  2.7632E+00  3.1091E+00  3.0274E+00
       3.1416E+00  3.0263E+00  3.1259E+00  3.1050E+00  3.1309E+00  3.2544E+00  3.1458E+00  3.2183E+00  3.1927E+00  3.2913E+00
       3.2470E+00  3.4397E+00  3.5273E+00  3.3260E+00  3.3094E+00  3.0698E+00  3.3588E+00  3.5548E+00  3.5562E+00  3.4099E+00
       3.5962E+00  3.6087E+00  3.5514E+00  3.3601E+00  3.8253E+00  3.7100E+00  3.9257E+00  3.6508E+00  3.8801E+00  3.8816E+00
       2.6277E+01  1.3517E+01  1.0666E+01  8.5060E+00  7.9944E+00  7.3374E+00  6.2145E+00  5.7208E+00  5.6790E+00  5.5910E+00
       4.9825E+00  4.4817E+00  4.4980E+00  4.6002E+00  4.0978E+00  3.9011E+00  3.8067E+00  3.6808E+00  3.6584E+00  3.6086E+00
       3.4620E+00  3.4170E+00  3.5062E+00  3.2011E+00  3.2483E+00  3.1583E+00  3.0174E+00  3.0047E+00  2.9941E+00  2.9293E+00
       2.9675E+00  2.9367E+00  2.8387E+00  2.6946E+00  2.8296E+00  2.9150E+00  2.7838E+00  2.8662E+00  2.7199E+00  2.7084E+00
       2.7922E+00  2.7649E+00  2.7646E+00  2.7604E+00  2.7324E+00  2.7981E+00  2.7152E+00  2.8529E+00  2.7781E+00  2.6952E+00
       2.6802E+00  2.7607E+00  2.7301E+00  2.8743E+00  2.7464E+00  2.8486E+00  2.7502E+00  2.9683E+00  3.0003E+00  2.8175E+00
       2.8488E+00  2.8600E+00  2.9376E+00  3.0564E+00  2.8958E+00  2.9763E+00  3.0457E+00  3.0336E+00  2.9673E+00  3.1303E+00
       3.1512E+00  3.0738E+00  3.0226E+00  2.9762E+00  3.1896E+00  3.1717E+00  3.2246E+00  3.1365E+00  3.2434E+00  3.4603E+00
       3.3055E+00  3.3624E+00  3.4243E+00  3.2902E+00  3.6078E+00  3.3154E+00  3.6514E+00  3.4860E+00  3.5391E+00  3.6890E+00
       3.5781E+00  3.7175E+00  3.7508E+00  3.5865E+00  3.6271E+00  3.5544E+00  3.7792E+00  3.7072E+00  3.9510E+00  4.0200E+00
       2.9453E+01  1.4060E+01  1.0666E+01  9.2506E+00  7.6142E+00  7.0721E+00  6.8038E+00  5.8793E+00  5.9460E+00  5.2336E+00
       4.8473E+00  5.1937E+00  4.5246E+00  4.3633E+00  4.0655E+00  4.0524E+00  3.9690E+00  3.5486E+00  3.7871E+00  3.5973E+00
       3.2959E+00  3.3030E+00  3.3826E+00  3.3617E+00  3.1078E+00  3.1471E+00  3.1671E+00  3.1002E+00  3.0563E+00  3.0815E+00
       2.9801E+00  3.0349E+00  3.0150E+00  2.7738E+00  2.8528E+00  2.7895E+00  2.9232E+00  2.8697E+00  2.8893E+00  2.7781E+00
       2.8650E+00  2.9505E+00  2.6715E+00  2.7815E+00  2.7880E+00  2.8045E+00  2.7561E+00  2.8859E+00  2.7115E+00  2.7899E+00
       2.7364E+00  2.9959E+00  2.8091E+00  2.9403E+00  2.8533E+00  2.8218E+00  2.8101E+00  2.7429E+00  2.9234E+00  2.8366E+00
       2.9554E+00  3.1128E+00  3.0302E+00  2.9886E+00  3.1651E+00  3.1368E+00  3.0849E+00  3.1403E+00  3.1344E+00  3.0877E+00
       3.1455E+00  3.1769E+00  3.1628E+00  3.2577E+00  3.0990E+00  3.2131E+00  3.3148E+00  3.2537E+00  3.3026E+00  3.1632E+00
       3.1670E+00  3.3894E+00  3.5186E+00  3.4045E+00  3.4498E+00  3.5127E+00  3.5399E+00  3.4619E+00  3.4626E+00  3.6385E+00
       3.7883E+00  3.7366E+00  3.7402E+00  3.6282E+00  3.5588E+00  3.7490E+00  3.9608E+00  4.0167E+00  3.8375E+00  3.8689E+00
       2.6155E+01  1.5379E+01  1.0987E+01  9.8084E+00  7.6789E+00  7.1484E+00  6.5353E+00  6.1896E+00  5.6401E+00  5.4466E+00
       5.2044E+00  5.0553E+00  4.8075E+00  4.4876E+00  4.4147E+00  4.3387E+00  4.2385E+00  3.8648E+00  3.7978E+00  3.7393E+00
       3.5554E+00  3.4901E+00  3.4893E+00  3.2837E+00  3.1735E+00  3.2166E+00  3.2705E+00  3.0874E+00  3.1774E+00  3.1012E+00
       3.0294E+00  3.0242E+00  3.0751E+00  2.9085E+00  2.9777E+00  3.0147E+00  2.8642E+00  2.9574E+00  2.8385E+00  2.9075E+00
       2.7403E+00  2.7670E+00  2.8210E+00  2.8278E+00  3.0220E+00  2.9921E+00  2.9579E+00  2.8767E+00  2.8920E+00  2.7811E+00
       2.8434E+00  2.8273E+00  2.9484E+00  3.0362E+00  2.8511E+00  2.9576E+00  2.8725E+00  2.8328E+00  2.9309E+00  3.0318E+00
       2.9282E+00  3.1501E+00  3.1600E+00  3.1773E+00  3.0703E+00  2.9968E+00  3.1385E+00  3.1991E+00  3.1076E+00  3.2391E+00
       3.1793E+00  3.0049E+00  3.1607E+00  3.3417E+00  3.1214E+00  3.4200E+00  3.2365E+00  3.1120E+00  3.3702E+00  3.1823E+00
       3.4591E+00  3.3643E+00  3.5053E+00  3.5233E+00  3.4473E+00  3.6156E+00  3.6734E+00  3.5883E+00  3.4014E+00  3.7939E+00
       3.7152E+00  3.7054E+00  3.6518E+00  3.6694E+00  3.8989E+00  3.7745E+00  4.0426E+00  3.7952E+00  4.1685E+00  3.9480E+00
       2.9241E+01  1.4074E+01  1.1513E+01  9.3954E+00  8.8633E+00  7.3819E+00  7.5769E+00  6.1256E+00  5.7083E+00  5.4973E+00
       5.3150E+00  5.0856E+00  4.8769E+00  4.5706E+00  4.5600E+00  4.2406E+00  3.9491E+00  3.8207E+00  3.8948E+00  3.7603E+00
       3.5122E+00  3.4882E+00  3.4332E+00  3.5020E+00  3.2788E+00  3.3605E+00  3.3346E+00  3.3117E+00  3.1652E+00  3.1699E+00
       3.1922E+00  3.2965E+00  3.0271E+00  3.0116E+00  3.0783E+00  2.9876E+00  2.9059E+00  2.9181E+00  2.9888E+00  3.0206E+00
       3.0292E+00  2.9324E+00  2.8557E+00  2.9035E+00  3.0763E+00  2.9321E+00  2.8147E+00  2.8431E+00  2.8058E+00  3.0724E+00
       2.9691E+00  2.9886E+00  2.9595E+00  2.8895E+00  3.0151E+00  3.0663E+00  2.9862E+00  2.9422E+00  2.9650E+00  2.9524E+00
       3.0086E+00  2.9408E+00  3.0123E+00  3.0102E+00  3.0399E+00  3.1630E+00  3.0847E+00  3.0345E+00  3.1796E+00  3.2471E+00
       3.0662E+00  3.2234E+00  3.2289E+00  3.3422E+00  3.1582E+00  3.3672E+00  3.1819E+00  3.4002E+00  3.4933E+00  3.4061E+00
       3.4028E+00  3.2168E+00  3.5254E+00  3.6137E+00  3.6461E+00  3.5455E+00  3.4851E+00  3.5005E+00  3.5662E+00  3.6204E+00
       3.5982E+00  3.6612E+00  3.8046E+00  3.6692E+00  3.7984E+00  3.7441E+00  3.8581E+00  3.9568E+00  4.0373E+00  4.0181E+00
       3.1123E+01  1.6118E+01  1.2636E+01  9.5365E+00  8.3412E+00  7.7990E+00  7.2563E+00  6.7715E+00  6.0264E+00  5.5957E+00
       5.3529E+00  5.2995E+00  5.0981E+00  4.8578E+00  4.5365E+00  4.1623E+00  4.2846E+00  3.7481E+00  3.9474E+00  3.8477E+00
       3.8436E+00  3.8652E+00  3.5827E+00  3.5173E+00  3.4610E+00  3.4119E+00  3.1894E+00  3.3344E+00  3.2477E+00  3.2747E+00
       3.2689E+00  3.0102E+00  3.0205E+00  3.1594E+00  3.0135E+00  2.9755E+00  3.0199E+00  3.0486E+00  2.9584E+00  3.1234E+00
       3.1112E+00  2.8861E+00  2.9046E+00  3.0855E+00  3.0285E+00  2.9366E+00  2.8921E+00  3.1231E+00  2.9871E+00  2.9806E+00
       3.0272E+00  3.0576E+00  3.0235E+00  3.0255E+00  2.9456E+00  2.9620E+00  3.1512E+00  3.1314E+00  2.9610E+00  2.9839E+00
       3.1187E+00  3.1411E+00  3.0568E+00  3.1485E+00  3.0603E+00  3.0870E+00  3.1702E+00  3.1588E+00  3.2215E+00  3.2828E+00
       3.2886E+00  3.2502E+00  3.1579E+00  3.2537E+00  3.4430E+00  3.3045E+00  3.3448E+00  3.4108E+00  3.6627E+00  3.5137E+00
       3.5868E+00  3.3588E+00  3.5832E+00  3.6228E+00  3.7021E+00  3.4347E+00  3.5771E+00  3.7881E+00  3.5243E+00  3.7665E+00
       3.7127E+00  3.8076E+00  3.7292E+00  3.6797E+00  3.9004E+00  3.8023E+00  4.0152E+00  3.9442E+00  3.9985E+00  3.8256E+00
       3.7470E+01  1.8425E+01  1.1896E+01  9.5702E+00  9.3445E+00  7.4103E+00  7.1469E+00  6.7646E+00  6.1549E+00  5.8598E+00
       5.3188E+00  5.1505E+00  5.0327E+00  4.6094E+00  4.4392E+00  4.2944E+00  4.4565E+00  3.9972E+00  4.0281E+00  3.9336E+00
       3.7378E+00  3.7795E+00  3.6417E+00  3.5062E+00  3.4023E+00  3.5464E+00  3.3960E+00  3.3869E+00  3.3699E+00  3.3360E+00
       3.0267E+00  3.2099E+00  3.2619E+00  3.2281E+00  3.1488E+00  3.0944E+00  3.3364E+00  3.0432E+00  3.1384E+00  3.0605E+00
       3.1669E+00  3.0835E+00  3.1298E+00  3.1928E+00  3.0207E+00  3.1579E+00  2.8890E+00  2.9719E+00  2.9374E+00  3.0920E+00
       3.1139E+00  3.0126E+00  2.9646E+00  3.2058E+00  3.0128E+00  2.9829E+00  3.1000E+00  3.1666E+00  3.0205E+00  3.1247E+00
       3.1891E+00  3.1342E+00  3.2217E+00  3.2843E+00  3.3114E+00  3.2107E+00  3.0554E+00  3.1671E+00  3.2404E+00  3.3490E+00
       3.2837E+00  3.2780E+00  3.2629E+00  3.2978E+00  3.4451E+00  3.3074E+00  3.4401E+00  3.4747E+00  3.3805E+00  3.7961E+00
       3.4120E+00  3.4598E+00  3.5806E+00  3.5494E+00  3.5242E+00  3.7210E+00  3.6203E+00  3.6562E+00  3.7510E+00  3.6113E+00
       3.7215E+00  3.7070E+00  3.8748E+00  3.7716E+00  3.7380E+00  3.9083E+00  4.1839E+00  4.0650E+00  4.0767E+00  3.9237E+00
       2.4156E+01  1.4119E+01  1.2013E+01  8.9373E+00  8.8538E+00  8.1288E+00  7.2957E+00  6.8865E+00  6.2758E+00  6.1102E+00
       5.6508E+00  5.1395E+00  5.1866E+00  5.1586E+00  4.7036E+00  4.4684E+00  4.3794E+00  4.1458E+00  4.1573E+00  3.8656E+00
       3.9187E+00  3.9014E+00  3.8345E+00  3.7029E+00  3.6527E+00  3.4497E+00  3.4331E+00  3.4290E+00  3.3978E+00  3.2885E+00
       3.3334E+00  3.2680E+00  3.1955E+00  3.2098E+00  3.2405E+00  3.0904E+00  3.1529E+00  3.0553E+00  3.2267E+00  3.1333E+00
       2.9462E+00  3.1365E+00  3.2003E+00  3.1190E+00  3.0646E+00  3.1044E+00  3.0114E+00  3.1693E+00  3.0708E+00  3.1954E+00
       3.1223E+00  3.1317E+00  3.0458E+00  3.1205E+00  3.1371E+00  2.9451E+00  3.3053E+00  3.1655E+00  3.1863E+00  3.0516E+00
       3.0726E+00  3.1016E+00  3.1989E+00  3.1838E+00  3.1188E+00  3.4019E+00  3.1977E+00  3.1802E+00  3.3364E+00  3.2429E+00
       3.4573E+00  3.3875E+00  3.4806E+00  3.5154E+00  3.3877E+00  3.4728E+00  3.4473E+00  3.4823E+00  3.2665E+00  3.5938E+00
       3.4683E+00  3.5342E+00  3.6099E+00  3.5749E+00  3.7403E+00  3.7221E+00  3.8022E+00  3.7661E+00  3.7161E+00  3.6124E+00
       3.7013E+00  3.7411E+00  3.8256E+00  3.7084E+00  3.9850E+00  3.8048E+00  3.9357E+00  4.0608E+00  4.2697E+00  4.1030E+00
       2.8215E+01  1.8701E+01  1.1303E+01  1.0464E+01  9.2297E+00  8.2846E+00  7.3516E+00  6.8973E+00  6.3235E+00  6.0656E+00
       5.8247E+00  5.5202E+00  4.7455E+00  4.9343E+00  4.9089E+00  4.8091E+00  4.8256E+00  4.3329E+00  4.1281E+00  4.0532E+00
       4.1970E+00  3.8296E+00  4.0043E+00  3.7491E+00  3.8159E+00  3.6829E+00  3.5283E+00  3.6219E+00  3.4907E+00  3.3938E+00
       3.5489E+00  3.4628E+00  3.2277E+00  3.4479E+00  3.3080E+00  3.3950E+00  3.1908E+00  3.3401E+00  3.1696E+00  3.1994E+00
       3.2280E+00  3.0781E+00  3.1894E+00  3.2061E+00  3.2095E+00  3.2486E+00  3.0065E+00  3.2519E+00  3.0287E+00  3.0555E+00
       2.9333E+00  3.0561E+00  3.1596E+00  3.2141E+00  3.0889E+00  3.0737E+00  3.0728E+00  3.3456E+00  3.2325E+00  3.2818E+00
       3.1187E+00  3.2485E+00  3.2378E+00  3.2041E+00  3.1783E+00  3.2859E+00  3.3074E+00  3.4468E+00  3.3231E+00  3.1731E+00
       3.5224E+00  3.5818E+00  3.3449E+00  3.2245E+00  3.4322E+00  3.3120E+00  3.4871E+00  3.5245E+00  3.5090E+00  3.4437E+00
       3.6653E+00  3.5108E+00  3.4664E+00  3.5800E+00  3.6916E+00  3.6768E+00  3.6261E+00  3.8438E+00  3.7401E+00  3.7255E+00
       3.8338E+00  3.9321E+00  3.7978E+00  3.8050E+00  3.9522E+00  3.8719E+00  3.8821E+00  3.9988E+00  4.0985E+00  4.1787E+00
       3.2393E+01  1.4925E+01  1.2529E+01  9.9875E+00  9.1985E+00  8.1832E+00  7.7711E+00  7.4138E+00  6.4256E+00  6.3957E+00
       6.1714E+00  5.5126E+00  5.3059E+00  5.3482E+00  4.7119E+00  4.7949E+00  4.6157E+00  4.4658E+00  4.3210E+00  4.3360E+00
       4.3052E+00  4.1581E+00  4.0380E+00  4.0145E+00  3.7772E+00  3.6418E+00  3.5345E+00  3.6394E+00  3.6329E+00  3.4775E+00
       3.3888E+00  3.2868E+00  3.2883E+00  3.3430E+00  3.4243E+00  3.3383E+00  3.3113E+00  3.2745E+00  3.1523E+00  3.2262E+00
       3.1591E+00  3.0719E+00  3.1210E+00  3.2701E+00  3.2092E+00  3.3848E+00  3.1303E+00  3.2529E+00  3.1343E+00  3.2535E+00
       3.1729E+00  3.1911E+00  3.2293E+00  3.0712E+00  3.1897E+00  3.3806E+00  3.1794E+00  3.0222E+00  3.2549E+00  3.2783E+00
       3.3605E+00  3.2576E+00  3.3254E+00  3.2019E+00  3.4288E+00  3.2962E+00  3.2183E+00  3.2162E+00  3.2767E+00  3.4867E+00
       3.4235E+00  3.4573E+00  3.4256E+00  3.4789E+00  3.5224E+00  3.4646E+00  3.4550E+00  3.5877E+00  3.4564E+00  3.6719E+00
       3.4873E+00  3.7459E+00  3.8206E+00  3.6374E+00  3.6963E+00  3.7860E+00  3.6765E+00  3.9135E+00  3.9768E+00  3.6869E+00
       3.9586E+00  3.8397E+00  3.8968E+00  3.9726E+00  3.9862E+00  4.0587E+00  3.8948E+00  4.2242E+00  4.3330E+00  4.3065E+00
       3.0521E+01  1.8501E+01  1.3316E+01  1.0819E+01  9.0745E+00  8.9070E+00  7.8334E+00  6.6993E+00  6.9086E+00  6.2422E+00
       6.1839E+00  5.5186E+00  5.6136E+00  5.3712E+00  4.8431E+00  4.6639E+00  4.8034E+00  4.5406E+00  4.1867E+00  4.4176E+00
       3.9752E+00  4.1307E+00  4.0784E+00  3.7944E+00  3.8965E+00  3.7159E+00  3.7055E+00  3.5082E+00  3.5481E+00  3.5997E+00
       3.5246E+00  3.3756E+00  3.5411E+00  3.3447E+00  3.2673E+00  3.4428E+00  3.4145E+00  3.3102E+00  3.2897E+00  3.3430E+00
       3.1743E+00  3.1938E+00  3.2087E+00  3.1382E+00  3.1812E+00  3.1562E+00  3.1400E+00  3.3002E+00  3.1957E+00  3.3443E+00
       3.1871E+00  3.2354E+00  3.2608E+00  3.2940E+00  3.1258E+00  3.2382E+00  3.2533E+00  3.2115E+00  3.2039E+00  3.2313E+00
       3.3655E+00  3.2186E+00  3.4279E+00  3.2786E+00  3.3932E+00  3.7056E+00  3.5514E+00  3.4111E+00  3.4688E+00  3.3771E+00
       3.3446E+00  3.6150E+00  3.4323E+00  3.6150E+00  3.4855E+00  3.4303E+00  3.6106E+00  3.4629E+00  3.4291E+00  3.7460E+00
       3.5192E+00  3.7389E+00  3.7331E+00  3.4633E+00  3.8476E+00  3.7817E+00  3.7032E+00  3.9005E+00  3.6384E+00  3.9468E+00
       3.9877E+00  3.9753E+00  4.1814E+00  4.1662E+00  4.0781E+00  4.0631E+00  3.9152E+00  4.2420E+00  4.2313E+00  4.2110E+00
       3.1545E+01  1.8827E+01  1.2661E+01  1.1002E+01  9.7741E+00  9.2155E+00  8.1341E+00  7.7472E+00  7.1378E+00  6.2072E+00
       5.9892E+00  5.9545E+00  5.7136E+00  5.0683E+00  5.1205E+00  4.8576E+00  5.1155E+00  4.5015E+00  4.4928E+00  4.3939E+00
       4.4296E+00  4.1506E+00  4.0916E+00  4.0835E+00  3.8545E+00  3.9433E+00  3.6783E+00  3.7368E+00  3.8426E+00  3.7795E+00
       3.6869E+00  3.6978E+00  3.5951E+00  3.4792E+00  3.4290E+00  3.2314E+00  3.5107E+00  3.3529E+00  3.4004E+00  3.4271E+00
       3.3761E+00  3.2257E+00  3.4779E+00  3.2877E+00  3.4184E+00  3.3346E+00  3.3745E+00  3.2509E+00  3.1301E+00  3.2373E+00
       3.2408E+00  3.3819E+00  3.2840E+00  3.2244E+00  3.4078E+00  3.2941E+00  3.3078E+00  3.3191E+00  3.3326E+00  3.4903E+00
       3.4353E+00  3.3905E+00  3.3598E+00  3.2274E+00  3.2449E+00  3.4095E+00  3.3404E+00  3.3591E+00  3.3259E+00  3.5865E+00
       3.4763E+00  3.5163E+00  3.4825E+00  3.5769E+00  3.5260E+00  3.4846E+00  3.6027E+00  3.7328E+00  3.5727E+00  3.6486E+00
       3.6869E+00  3.6847E+00  3.8142E+00  3.7742E+00  3.7426E+00  3.6900E+00  3.8904E+00  3.7251E+00  3.8257E+00  4.0042E+00
       3.9696E+00  4.1390E+00  4.0940E+00  4.0063E+00  4.0824E+00  4.0767E+00  4.1000E+00  4.2839E+00  4.1889E+00  4.2000E+00
       2.7884E+01  1.7245E+01  1.2450E+01  1.1543E+01  1.0017E+01  8.6586E+00  8.2553E+00  7.3504E+00  6.9119E+00  6.9343E+00
       6.4077E+00  6.1039E+00  5.6944E+00  5.6249E+00  5.2639E+00  5.1491E+00  4.7946E+00  4.7464E+00  4.5150E+00  5.0475E+00
       4.3660E+00  4.4625E+00  4.0368E+00  4.1335E+00  3.9052E+00  3.9471E+00  4.0168E+00  3.9362E+00  3.7908E+00  3.6336E+00
       3.7691E+00  3.5673E+00  3.5926E+00  3.4561E+00  3.6824E+00  3.6842E+00  3.4824E+00  3.5702E+00  3.4662E+00  3.4516E+00
       3.4493E+00  3.3403E+00  3.4078E+00  3.3585E+00  3.3279E+00  3.3344E+00  3.3100E+00  3.2839E+00  3.2814E+00  3.3511E+00
       3.3452E+00  3.3283E+00  3.2317E+00  3.3609E+00  3.1562E+00  3.5112E+00  3.3503E+00  3.1130E+00  3.4183E+00  3.3662E+00
       3.4433E+00  3.4825E+00  3.4129E+00  3.4244E+00  3.4760E+00  3.4796E+00  3.4945E+00  3.4544E+00  3.4210E+00  3.6195E+00
       3.4607E+00  3.5128E+00  3.6122E+00  3.6202E+00  3.6336E+00  3.4752E+00  3.6867E+00  3.5436E+00  3.7840E+00  3.6906E+00
       3.7070E+00  3.8267E+00  4.0181E+00  3.8983E+00  3.8942E+00  3.8957E+00  3.8777E+00  3.9398E+00  3.9456E+00  3.9712E+00
       4.0897E+00  4.1279E+00  4.1349E+00  4.0937E+00  4.0097E+00  4.1109E+00  4.1287E+00  4.0964E+00  4.0540E+00  4.2325E+00
       3.0729E+01  1.8774E+01  1.4540E+01  1.1590E+01  9.5807E+00  9.2303E+00  7.9698E+00  7.3269E+00  7.3187E+00  6.7938E+00
       6.6060E+00  6.0283E+00  5.8392E+00  5.5274E+00  5.9170E+00  5.0310E+00  5.0700E+00  4.6836E+00  4.8021E+00  4.4330E+00
       4.4200E+00  4.5493E+00  4.5146E+00  4.2672E+00  4.0986E+00  4.0272E+00  3.9645E+00  3.9855E+00  3.7445E+00  3.6837E+00
       3.8614E+00  3.5568E+00  3.5989E+00  3.7008E+00  3.7012E+00  3.4705E+00  3.5712E+00  3.4395E+00  3.5745E+00  3.4014E+00
       3.4897E+00  3.5537E+00  3.3138E+00  3.3330E+00  3.5347E+00  3.3855E+00  3.5702E+00  3.4830E+00  3.4385E+00  3.4463E+00
       3.2371E+00  3.3502E+00  3.1999E+00  3.3684E+00  3.3902E+00  3.3749E+00  3.4328E+00  3.4289E+00  3.3015E+00  3.4093E+00
       3.3029E+00  3.4747E+00  3.6456E+00  3.4772E+00  3.4325E+00  3.4906E+00  3.6172E+00  3.4444E+00  3.4464E+00  3.6098E+00
       3.7572E+00  3.5172E+00  3.5749E+00  3.5310E+00  3.3448E+00  3.5864E+00  3.7882E+00  3.8782E+00  3.8165E+00  3.7756E+00
       3.5812E+00  3.5668E+00  4.0835E+00  3.8791E+00  3.7635E+00  4.0751E+00  3.9046E+00  3.9785E+00  3.9023E+00  3.9874E+00
       4.0245E+00  4.2182E+00  4.3580E+00  4.0228E+00  4.1411E+00  4.3204E+00  4.2235E+00  4.4328E+00  4.1804E+00  4.5153E+00
       4.1931E+01  2.1614E+01  1.1923E+01  1.2852E+01  8.9089E+00  9.2108E+00  8.2208E+00  7.6792E+00  7.5920E+00  7.0960E+00
       5.9682E+00  6.5367E+00  5.9962E+00  5.6861E+00  5.2917E+00  5.0631E+00  5.4540E+00  4.9180E+00  4.5492E+00  4.4217E+00
       4.4297E+00  4.1964E+00  4.2816E+00  4.0877E+00  4.0438E+00  4.2439E+00  4.2992E+00  4.1849E+00  3.7374E+00  3.8365E+00
       4.0222E+00  3.8817E+00  3.8001E+00  3.5776E+00  3.7139E+00  3.7080E+00  3.7519E+00  3.6510E+00  3.4999E+00  3.6877E+00
       3.7801E+00  3.5759E+00  3.4561E+00  3.4826E+00  3.5212E+00  3.5998E+00  3.4911E+00  3.5533E+00  3.4384E+00  3.4605E+00
       3.4312E+00  3.4231E+00  3.4274E+00  3.5725E+00  3.5139E+00  3.5150E+00  3.3764E+00  3.5606E+00  3.4886E+00  3.5441E+00
       3.4261E+00  3.7099E+00  3.5374E+00  3.5389E+00  3.6420E+00  3.4229E+00  3.4159E+00  3.5839E+00  3.5275E+00  3.6989E+00
       3.6500E+00  3.5513E+00  3.7863E+00  3.7062E+00  3.6715E+00  3.7769E+00  3.8338E+00  3.6906E+00  3.8679E+00  3.7397E+00
       4.0115E+00  3.9720E+00  4.0003E+00  3.9186E+00  3.8625E+00  4.1127E+00  4.1890E+00  3.9150E+00  3.6810E+00  4.0951E+00
       4.1366E+00  4.1824E+00  3.9575E+00  4.2776E+00  4.2635E+00  4.0816E+00  4.4867E+00  4.4445E+00  4.4191E+00  4.3038E+00
       4.0812E+01  1.7979E+01  1.3499E+01  1.1489E+01  9.9531E+00  9.4027E+00  8.5375E+00  7.8713E+00  7.4225E+00  7.3846E+00
       6.7698E+00  6.6180E+00  5.9457E+00  5.9457E+00  5.7193E+00  5.4835E+00  5.0879E+00  4.9806E+00  4.8856E+00  4.7497E+00
       4.6917E+00  4.4854E+00  4.6199E+00  4.1086E+00  4.2800E+00  4.2737E+00  4.0554E+00  4.0820E+00  4.2417E+00  3.7066E+00
       3.8089E+00  3.6857E+00  3.8819E+00  3.6724E+00  3.8457E+00  3.8030E+00  3.8519E+00  3.5460E+00  3.6342E+00  3.6557E+00
       3.5841E+00  3.6141E+00  3.3602E+00  3.7683E+00  3.5107E+00  3.3419E+00  3.4881E+00  3.5260E+00  3.4261E+00  3.6225E+00
       3.7277E+00  3.2957E+00  3.5605E+00  3.6767E+00  3.3269E+00  3.5419E+00  3.5985E+00  3.6624E+00  3.4714E+00  3.7270E+00
       3.5794E+00  3.4311E+00  3.4944E+00  3.6587E+00  3.5031E+00  3.9509E+00  3.6538E+00  3.6062E+00  3.6636E+00  3.6644E+00
       3.6155E+00  3.5551E+00  3.7005E+00  3.7203E+00  3.7716E+00  3.9106E+00  3.6792E+00  3.7875E+00  3.8118E+00  4.0428E+00
       3.6703E+00  3.9033E+00  3.7485E+00  4.0317E+00  3.9428E+00  4.0585E+00  3.8851E+00  4.1178E+00  4.0499E+00  4.2540E+00
       4.0063E+00  4.2141E+00  4.2495E+00  4.3113E+00  4.2632E+00  4.3840E+00  4.3166E+00  4.5219E+00  4.3237E+00  4.4371E+00
       3.7875E+01  2.0045E+01  1.3253E+01  1.1613E+01  1.0565E+01  9.4073E+00  9.0723E+00  8.1579E+00  7.7745E+00  7.3743E+00
       6.9302E+00  6.8576E+00  6.4091E+00  6.0271E+00  5.5578E+00  5.4890E+00  5.5711E+00  5.6731E+00  5.0756E+00  4.6452E+00
       4.7823E+00  4.5053E+00  4.5946E+00  4.3138E+00  4.5104E+00  4.3163E+00  4.2585E+00  4.4354E+00  4.1509E+00  3.8922E+00
       4.0636E+00  4.1088E+00  3.8214E+00  3.8273E+00  3.6975E+00  3.7031E+00  3.7407E+00  3.4371E+00  3.6830E+00  3.4626E+00
       3.5778E+00  3.5428E+00  3.6574E+00  3.5878E+00  3.4672E+00  3.4095E+00  3.3527E+00  3.6102E+00  3.4958E+00  3.4232E+00
       3.6420E+00  3.5126E+00  3.6486E+00  3.4750E+00  3.4229E+00  3.4593E+00  3.5420E+00  3.6223E+00  3.6250E+00  3.8119E+00
       3.6889E+00  3.5558E+00  3.7481E+00  3.6250E+00  3.7073E+00  3.5040E+00  3.7205E+00  3.9705E+00  3.7293E+00  3.6669E+00
       3.7020E+00  3.8727E+00  3.7468E+00  3.8036E+00  3.6360E+00  3.8707E+00  3.7322E+00  3.7227E+00  4.0809E+00  3.8939E+00
       3.9108E+00  3.9319E+00  3.8781E+00  3.8067E+00  3.9522E+00  4.1128E+00  4.1077E+00  4.0872E+00  4.0613E+00  4.1248E+00
       4.0570E+00  4.2700E+00  4.1953E+00  4.2733E+00  4.4365E+00  4.3288E+00  4.5228E+00  4.5561E+00  4.6235E+00  4.2569E+00
       3.4946E+01  2.0462E+01  1.5216E+01  1.3195E+01  1.0540E+01  1.0143E+01  9.1281E+00  8.5144E+00  7.2032E+00  7.3831E+00
       7.1687E+00  6.6510E+00  6.3187E+00  6.2890E+00  5.6549E+00  5.5291E+00  5.6852E+00  4.8658E+00  4.9819E+00  5.0186E+00
       4.8082E+00  4.9369E+00  4.5151E+00  4.6219E+00  4.4294E+00  4.3881E+00  4.1188E+00  4.1061E+00  4.0871E+00  4.1735E+00
       4.1062E+00  4.0068E+00  4.0405E+00  3.7593E+00  4.0031E+00  3.9310E+00  3.9310E+00  3.6539E+00  3.7827E+00  3.7125E+00
       3.8779E+00  3.6281E+00  3.9093E+00  3.6440E+00  3.6302E+00  3.6814E+00  3.8041E+00  3.5234E+00  3.5130E+00  3.7388E+00
       3.5821E+00  3.5336E+00  3.5547E+00  3.8291E+00  3.6197E+00  3.4775E+00  3.4319E+00  3.6954E+00  3.7056E+00  3.5461E+00
       3.8926E+00  3.6572E+00  3.5659E+00  3.7012E+00  3.6604E+00  3.5881E+00  3.8092E+00  3.9500E+00  3.8828E+00  3.6204E+00
       3.9650E+00  3.9650E+00  3.8807E+00  3.6703E+00  3.8681E+00  3.9776E+00  3.8702E+00  4.0124E+00  4.0514E+00  3.8882E+00
       4.0637E+00  4.1107E+00  4.2448E+00  4.1719E+00  3.9816E+00  4.1216E+00  4.2371E+00  4.2065E+00  4.0473E+00  4.2984E+00
       4.1684E+00  4.1508E+00  4.2310E+00  4.3714E+00  4.3519E+00  4.3524E+00  4.3256E+00  4.4858E+00  4.3244E+00  4.4193E+00
       4.2778E+01  2.2036E+01  1.4661E+01  1.1666E+01  1.0857E+01  9.3934E+00  8.8646E+00  8.8705E+00  8.0455E+00  7.2961E+00
       7.3166E+00  7.0755E+00  6.1872E+00  5.9690E+00  6.3475E+00  5.5284E+00  5.3303E+00  5.4281E+00  5.1659E+00  5.1248E+00
       5.0044E+00  4.9608E+00  4.8820E+00  4.5278E+00  4.5187E+00  4.3922E+00  4.1890E+00  4.4285E+00  4.2380E+00  4.4298E+00
       4.3315E+00  4.0098E+00  4.2630E+00  4.0065E+00  3.8566E+00  3.9453E+00  3.8962E+00  3.8963E+00  3.6070E+00  3.8696E+00
       3.9181E+00  3.8443E+00  3.7943E+00  3.8126E+00  3.8788E+00  3.5718E+00  3.7681E+00  3.5869E+00  3.6459E+00  3.6341E+00
       3.7981E+00  3.7724E+00  3.7055E+00  3.7962E+00  3.6965E+00  3.8532E+00  3.6212E+00  3.6618E+00  3.9055E+00  3.8680E+00
       3.5281E+00  3.7313E+00  3.6365E+00  3.6490E+00  3.6973E+00  3.9439E+00  3.7424E+00  3.9551E+00  3.8666E+00  3.9047E+00
       3.8883E+00  3.9310E+00  3.8609E+00  3.8306E+00  3.7781E+00  3.8571E+00  3.8375E+00  3.9858E+00  3.8665E+00  3.8732E+00
       4.0822E+00  4.0217E+00  4.1502E+00  4.0912E+00  4.1374E+00  4.2546E+00  4.3701E+00  4.1469E+00  4.1600E+00  4.3001E+00
       4.0767E+00  4.4862E+00  4.4520E+00  4.3324E+00  4.6754E+00  4.1932E+00  4.1518E+00  4.3212E+00  4.6266E+00  4.2431E+00
       3.7193E+01  1.9868E+01  1.3697E+01  1.2931E+01  1.0431E+01  1.0539E+01  9.1110E+00  8.1169E+00  8.4681E+00  6.9824E+00
       7.6308E+00  6.8652E+00  6.4734E+00  6.2778E+00  6.5079E+00  6.2052E+00  5.7986E+00  5.4160E+00  5.0653E+00  5.3331E+00
       4.8978E+00  4.9051E+00  4.5727E+00  4.4358E+00  4.6762E+00  4.4915E+00  4.5853E+00  4.2353E+00  4.3433E+00  4.3409E+00
       4.2808E+00  4.0627E+00  4.0326E+00  4.2700E+00  4.1922E+00  4.1198E+00  3.9337E+00  3.9954E+00  3.8947E+00  4.0364E+00
       3.7084E+00  3.8962E+00  3.8960E+00  3.7540E+00  3.9247E+00  3.6393E+00  3.8054E+00  3.8983E+00  3.7822E+00  3.7800E+00
       3.9544E+00  3.6122E+00  3.8067E+00  3.7278E+00  3.6439E+00  3.6657E+00  3.6060E+00  3.6716E+00  3.5857E+00  3.6942E+00
       3.7401E+00  3.6641E+00  3.6816E+00  3.8294E+00  3.7194E+00  3.8243E+00  3.7762E+00  3.8106E+00  3.8883E+00  3.9882E+00
       3.5751E+00  3.8213E+00  3.9709E+00  3.8562E+00  3.9571E+00  4.2764E+00  4.1359E+00  4.2662E+00  3.9158E+00  4.1638E+00
       4.0678E+00  4.2783E+00  4.1274E+00  4.0469E+00  4.0409E+00  4.1020E+00  4.2567E+00  4.1897E+00  4.3621E+00  4.3255E+00
       4.1006E+00  4.4467E+00  4.3992E+00  4.5038E+00  4.4401E+00  4.2301E+00  4.5298E+00  4.4881E+00  4.5789E+00  4.6970E+00
       4.2911E+01  2.3662E+01  1.6148E+01  1.2388E+01  1.1251E+01  1.0413E+01  9.9526E+00  8.7936E+00  8.7022E+00  7.8601E+00
       6.9926E+00  7.4250E+00  7.1996E+00  6.5779E+00  6.0457E+00  6.1226E+00  6.0296E+00  5.7192E+00  5.7010E+00  5.4671E+00
       5.3636E+00  5.3340E+00  4.9175E+00  4.8429E+00  4.8884E+00  4.7201E+00  4.2857E+00  4.4820E+00  4.2923E+00  4.4471E+00
       4.5139E+00  4.3969E+00  4.2172E+00  4.0546E+00  4.3645E+00  3.8913E+00  3.9916E+00  3.9179E+00  4.0159E+00  3.9937E+00
       4.1001E+00  3.9197E+00  3.8766E+00  3.8079E+00  3.8638E+00  3.8551E+00  3.8053E+00  3.6079E+00  3.7473E+00  3.9168E+00
       3.6588E+00  3.7337E+00  3.8056E+00  3.7955E+00  3.7423E+00  3.7260E+00  3.7333E+00  3.8530E+00  3.9435E+00  3.8669E+00
       3.6771E+00  3.8460E+00  3.8182E+00  3.7336E+00  3.8095E+00  3.8549E+00  3.8527E+00  3.9272E+00  3.8425E+00  4.0269E+00
       3.9647E+00  3.9489E+00  3.8363E+00  4.0528E+00  3.8929E+00  4.2216E+00  4.1533E+00  4.0447E+00  4.0574E+00  3.9168E+00
       4.1766E+00  4.1568E+00  4.1004E+00  4.1396E+00  4.0317E+00  4.3261E+00  4.4461E+00  4.2894E+00  4.2372E+00  4.5849E+00
       4.2967E+00  4.4098E+00  4.3223E+00  4.3664E+00  4.6624E+00  4.4159E+00  4.3232E+00  4.7777E+00  4.8149E+00  4.3241E+00
       3.4873E+01  2.0059E+01  1.6440E+01  1.4030E+01  1.0741E+01  9.7649E+00  1.0003E+01  9.3358E+00  8.2593E+00  8.0150E+00
       7.0243E+00  7.2838E+00  6.4317E+00  6.6592E+00  6.6244E+00  6.0747E+00  5.9371E+00  5.6224E+00  5.3234E+00  5.4387E+00
       5.4757E+00  5.0036E+00  5.0314E+00  4.8428E+00  4.8945E+00  4.8655E+00  4.5470E+00  4.4406E+00  4.3982E+00  4.4191E+00
       4.2382E+00  4.3812E+00  4.2874E+00  4.2869E+00  4.1834E+00  4.0088E+00  4.1190E+00  3.9660E+00  3.9176E+00  4.0388E+00
       4.1249E+00  3.9810E+00  4.0824E+00  3.9210E+00  4.0271E+00  3.9482E+00  4.0530E+00  4.0675E+00  3.9715E+00  3.9447E+00
       3.9442E+00  3.8343E+00  3.8488E+00  3.9419E+00  3.9288E+00  3.8339E+00  3.8042E+00  3.8694E+00  3.8002E+00  3.7386E+00
       3.7143E+00  3.8151E+00  4.1028E+00  3.9502E+00  4.0033E+00  3.9056E+00  3.8877E+00  4.0595E+00  3.9986E+00  4.1652E+00
       3.9631E+00  4.0222E+00  4.2511E+00  4.0657E+00  3.9489E+00  4.0041E+00  4.1975E+00  4.1210E+00  4.0447E+00  4.3867E+00
       4.1935E+00  4.0630E+00  4.0403E+00  4.2231E+00  4.3919E+00  4.4910E+00  4.1488E+00  4.4985E+00  4.3752E+00  4.3180E+00
       4.2028E+00  4.2166E+00  4.5500E+00  4.3662E+00  4.4654E+00  4.4743E+00  4.3208E+00  4.4514E+00  4.5527E+00  4.6115E+00
       4.2736E+01  2.2665E+01  1.6033E+01  1.3763E+01  1.1700E+01  1.0240E+01  1.0686E+01  9.0985E+00  8.6283E+00  8.0885E+00
       8.4353E+00  7.8824E+00  6.6828E+00  6.9097E+00  6.3522E+00  6.7715E+00  5.9737E+00  5.9102E+00  5.5819E+00  5.6122E+00
       5.1956E+00  5.1568E+00  5.0407E+00  5.0454E+00  4.9928E+00  4.9825E+00  5.0233E+00  4.5237E+00  4.5250E+00  4.4711E+00
       4.2398E+00  4.4789E+00  4.2886E+00  4.3083E+00  4.1351E+00  4.1331E+00  4.1720E+00  4.1092E+00  4.1085E+00  4.3595E+00
       4.2179E+00  4.0523E+00  4.0243E+00  4.1048E+00  4.0051E+00  3.9292E+00  3.9678E+00  3.7344E+00  3.8156E+00  3.9735E+00
       4.4050E+00  3.8222E+00  3.9664E+00  4.0937E+00  3.8477E+00  4.2592E+00  3.7776E+00  3.9457E+00  4.1464E+00  4.0991E+00
       3.8061E+00  4.0126E+00  3.8462E+00  3.8361E+00  3.9821E+00  3.9515E+00  3.8908E+00  3.9082E+00  4.0421E+00  3.9328E+00
       4.0463E+00  4.3432E+00  3.9245E+00  3.9466E+00  4.2022E+00  4.2530E+00  4.2249E+00  4.0842E+00  4.0591E+00  3.9901E+00
       4.4133E+00  4.1627E+00  4.2772E+00  4.1099E+00  4.3119E+00  4.1487E+00  4.2003E+00  4.3698E+00  4.3478E+00  4.4124E+00
       4.4901E+00  4.5095E+00  4.3376E+00  4.6694E+00  4.6101E+00  4.6255E+00  4.6455E+00  4.6916E+00  4.8249E+00  4.7400E+00
       4.0347E+01  1.8370E+01  1.8041E+01  1.3110E+01  1.1033E+01  1.2467E+01  9.8928E+00  9.6780E+00  8.7252E+00  7.9728E+00
       8.4780E+00  7.4902E+00  7.2577E+00  7.3545E+00  6.5664E+00  6.3851E+00  5.6804E+00  6.4474E+00  5.9568E+00  5.4470E+00
       5.4157E+00  5.5974E+00  5.0027E+00  5.2677E+00  5.0152E+00  4.7892E+00  4.8129E+00  5.0266E+00  4.7699E+00  4.6955E+00
       4.5430E+00  4.4481E+00  4.5971E+00  4.4336E+00  4.1884E+00  4.5257E+00  4.3134E+00  4.4112E+00  4.1461E+00  4.3854E+00
       4.3253E+00  4.2844E+00  4.1343E+00  3.9555E+00  4.0262E+00  3.9616E+00  3.7858E+00  3.9231E+00  4.0401E+00  4.0937E+00
       4.0141E+00  4.0063E+00  4.1139E+00  3.9717E+00  4.1397E+00  3.9503E+00  3.8526E+00  4.0567E+00  3.8987E+00  3.9347E+00
       4.0109E+00  3.8585E+00  4.1184E+00  3.9555E+00  4.1752E+00  4.1067E+00  3.9748E+00  3.9589E+00  3.9272E+00  4.1837E+00
       3.9698E+00  4.0751E+00  3.9430E+00  3.9978E+00  4.3933E+00  4.2913E+00  4.0660E+00  4.3680E+00  4.3561E+00  4.2247E+00
       4.2005E+00  4.2827E+00  4.2415E+00  4.2881E+00  4.4587E+00  4.5599E+00  4.6149E+00  4.4024E+00  4.4520E+00  4.4171E+00
       4.6972E+00  4.3009E+00  4.6012E+00  4.4311E+00  4.6622E+00  4.4490E+00  4.6522E+00  4.7229E+00  4.8888E+00  4.8170E+00
       3.0894E+01  1.9464E+01  1.9984E+01  1.4501E+01  1.1748E+01  1.1256E+01  1.1041E+01  9.5907E+00  9.2922E+00  8.5762E+00
       8.5919E+00  8.1356E+00  7.1682E+00  6.7980E+00  7.3526E+00  6.4668E+00  6.2063E+00  5.9523E+00  5.5786E+00  5.6605E+00
       5.5572E+00  5.1116E+00  5.0970E+00  4.9981E+00  4.7462E+00  5.1738E+00  5.1347E+00  4.8438E+00  4.9708E+00  4.6803E+00
       4.5996E+00  4.6308E+00  4.4773E+00  4.5261E+00  4.6674E+00  4.1903E+00  4.7262E+00  4.3081E+00  4.2547E+00  4.3455E+00
       4.0037E+00  4.1578E+00  4.2406E+00  4.1835E+00  4.2046E+00  4.0187E+00  4.0105E+00  4.2720E+00  3.9364E+00  4.0630E+00
       3.9888E+00  4.0752E+00  4.0433E+00  4.0383E+00  4.1187E+00  4.1473E+00  4.0241E+00  3.9715E+00  4.0872E+00  3.7887E+00
       4.0109E+00  4.0397E+00  4.1930E+00  4.1620E+00  3.9300E+00  4.0305E+00  4.1360E+00  4.0188E+00  4.0544E+00  3.9464E+00
       3.9791E+00  4.0985E+00  4.1382E+00  4.2300E+00  4.2507E+00  4.2769E+00  4.0182E+00  4.2067E+00  4.3395E+00  4.4653E+00
       4.4696E+00  4.3763E+00  4.1761E+00  4.6061E+00  4.3862E+00  4.3751E+00  4.5418E+00  4.3961E+00  4.7249E+00  4.4864E+00
       4.4895E+00  4.4959E+00  4.5480E+00  4.7609E+00  4.5443E+00  5.0820E+00  4.4612E+00  4.7633E+00  5.1400E+00  4.6740E+00
       5.2034E+01  2.5172E+01  1.7923E+01  1.4388E+01  1.3435E+01  1.0439E+01  9.6500E+00  9.4068E+00  8.8984E+00  8.7385E+00
       7.6704E+00  7.7034E+00  6.9603E+00  7.4491E+00  7.1953E+00  6.8738E+00  5.9826E+00  5.6529E+00  6.0090E+00  5.9453E+00
       5.7793E+00  5.5425E+00  5.7206E+00  5.3264E+00  5.2249E+00  5.1193E+00  4.8908E+00  5.2504E+00  4.7897E+00  4.9879E+00
       4.6379E+00  4.8665E+00  4.4852E+00  4.3851E+00  4.6739E+00  4.6611E+00  4.7404E+00  4.2669E+00  4.5388E+00  4.3581E+00
       4.3514E+00  4.2446E+00  4.0659E+00  4.3344E+00  4.3030E+00  3.9899E+00  4.4360E+00  4.2269E+00  4.1251E+00  3.9446E+00
       4.1187E+00  4.0638E+00  4.1267E+00  4.1742E+00  4.2564E+00  4.1098E+00  3.8720E+00  4.1747E+00  3.9260E+00  4.1072E+00
       4.4934E+00  4.2458E+00  4.0336E+00  4.1755E+00  4.3799E+00  4.2178E+00  4.0432E+00  4.2094E+00  4.1918E+00  4.3650E+00
       4.4443E+00  4.2207E+00  4.2352E+00  4.1773E+00  4.5015E+00  4.5028E+00  4.2421E+00  4.3027E+00  4.0621E+00  4.3717E+00
       4.3762E+00  4.0492E+00  4.4740E+00  4.3213E+00  4.2971E+00  4.5468E+00  4.3939E+00  4.8195E+00  4.4937E+00  4.6132E+00
       4.8294E+00  4.3371E+00  4.6384E+00  4.5953E+00  4.8392E+00  4.7204E+00  4.5868E+00  4.6385E+00  4.9167E+00  4.6757E+00
       3.7491E+01  2.5105E+01  1.5952E+01  1.4238E+01  1.3522E+01  1.0835E+01  1.0635E+01  1.0919E+01  1.0155E+01  8.4350E+00
       8.2601E+00  7.6981E+00  7.1472E+00  7.2232E+00  6.6720E+00  6.7754E+00  6.0440E+00  6.2415E+00  5.8174E+00  6.0186E+00
       5.6861E+00  5.6150E+00  5.9220E+00  5.4348E+00  5.0165E+00  4.9222E+00  5.0489E+00  4.8949E+00  4.8217E+00  4.9550E+00
       4.8104E+00  4.5964E+00  4.4124E+00  4.4621E+00  4.4415E+00  4.3779E+00  4.5856E+00  4.3640E+00  4.3561E+00  4.3787E+00
       4.2889E+00  4.1785E+00  4.2611E+00  4.2859E+00  4.2005E+00  4.4712E+00  4.2038E+00  4.3696E+00  4.2333E+00  4.2018E+00
       4.2339E+00  4.2990E+00  4.1704E+00  4.0762E+00  4.3561E+00  4.3192E+00  3.7553E+00  4.0412E+00  4.1483E+00  4.2518E+00
       4.1470E+00  4.1865E+00  4.0069E+00  4.0569E+00  4.4234E+00  4.2178E+00  4.2918E+00  4.6045E+00  4.0989E+00  4.4187E+00
       4.2232E+00  4.1840E+00  4.2686E+00  4.3762E+00  4.2862E+00  4.4201E+00  4.5743E+00  4.4636E+00  4.3150E+00  4.5311E+00
       4.2659E+00  4.5067E+00  4.4074E+00  4.4167E+00  4.6609E+00  4.6173E+00  4.7609E+00  4.6367E+00  4.3950E+00  4.6918E+00
       4.8020E+00  4.6863E+00  4.7778E+00  4.6140E+00  4.8643E+00  4.6334E+00  4.7498E+00  4.7236E+00  5.1450E+00  4.7046E+00
       4.1779E+01  2.2693E+01  1.6298E+01  1.5104E+01  1.2731E+01  1.2684E+01  1.2293E+01  1.0062E+01  1.0840E+01  8.6754E+00
       8.4644E+00  8.0341E+00  8.1494E+00  7.4412E+00  7.7390E+00  6.4938E+00  6.8252E+00  6.2186E+00  6.1160E+00  6.1362E+00
       6.4678E+00  5.6766E+00  5.9436E+00  5.7066E+00  5.7430E+00  5.1422E+00  4.9848E+00  5.0800E+00  5.4034E+00  4.9810E+00
       5.0881E+00  4.9280E+00  4.8597E+00  4.6356E+00  4.7330E+00  4.8532E+00  4.6213E+00  4.4965E+00  4.3304E+00  4.4579E+00
       4.3387E+00  4.2325E+00  4.3353E+00  4.5809E+00  4.3959E+00  4.2387E+00  4.2128E+00  4.3281E+00  4.2574E+00  4.1445E+00
       4.4059E+00  4.2685E+00  4.1120E+00  4.2800E+00  4.2053E+00  4.2028E+00  4.2821E+00  4.1894E+00  4.1428E+00  4.0821E+00
       4.1418E+00  4.1240E+00  4.3049E+00  4.3527E+00  4.3964E+00  4.2648E+00  4.1922E+00  4.2645E+00  4.4686E+00  4.2738E+00
       4.2473E+00  4.4231E+00  4.3042E+00  4.3078E+00  4.1607E+00  4.6121E+00  4.5975E+00  4.4564E+00  4.4817E+00  4.6174E+00
       4.5217E+00  4.4731E+00  4.5887E+00  4.3510E+00  4.5669E+00  4.5206E+00  4.4384E+00  4.5655E+00  4.7126E+00  4.4646E+00
       4.6462E+00  4.6857E+00  4.7490E+00  4.6484E+00  4.7476E+00  4.8591E+00  4.9073E+00  5.0312E+00  4.8926E+00  4.9578E+00
       5.4503E+01  2.1534E+01  1.6830E+01  1.5107E+01  1.4967E+01  1.3076E+01  1.0621E+01  1.1294E+01  9.0442E+00  8.6635E+00
       9.1677E+00  8.6482E+00  7.7217E+00  7.0851E+00  7.8417E+00  6.8444E+00  6.7597E+00  6.5149E+00  6.0004E+00  6.2522E+00
       6.1047E+00  5.8542E+00  5.7301E+00  5.7188E+00  5.4609E+00  5.4622E+00  5.2713E+00  5.2584E+00  5.1978E+00  5.1348E+00
       5.0261E+00  4.9265E+00  5.0657E+00  4.7779E+00  4.7735E+00  4.7198E+00  4.6630E+00  4.7664E+00  4.8318E+00  4.5303E+00
       4.5629E+00  4.2726E+00  4.6235E+00  4.1972E+00  4.3277E+00  4.2943E+00  4.4961E+00  4.5119E+00  4.2732E+00  4.1487E+00
       4.0091E+00  4.0064E+00  4.3965E+00  4.2168E+00  4.3122E+00  4.3213E+00  4.3136E+00  4.2195E+00  4.3248E+00  4.4474E+00
       4.0439E+00  4.3767E+00  4.2886E+00  4.3056E+00  4.3798E+00  4.2258E+00  4.4786E+00  4.2739E+00  4.1482E+00  4.3199E+00
       4.4606E+00  4.3925E+00  4.2272E+00  4.3939E+00  4.4584E+00  4.3740E+00  4.3214E+00  4.4982E+00  4.4688E+00  4.3706E+00
       4.5985E+00  4.7718E+00  4.3989E+00  4.8463E+00  4.5833E+00  4.5012E+00  4.3512E+00  4.5987E+00  4.6216E+00  4.6372E+00
       4.7598E+00  4.8061E+00  4.8691E+00  4.9727E+00  4.8969E+00  4.9898E+00  4.7892E+00  4.9115E+00  5.0164E+00  5.1073E+00
       3.6656E+01  2.4219E+01  1.8104E+01  1.5646E+01  1.4183E+01  1.2951E+01  1.1000E+01  1.0893E+01  9.6802E+00  8.6708E+00
       9.1109E+00  8.0447E+00  8.5495E+00  7.7868E+00  7.3588E+00  6.5647E+00  7.1609E+00  6.9572E+00  7.0780E+00  6.3996E+00
       6.0320E+00  5.7295E+00  5.9040E+00  5.4821E+00  5.6014E+00  5.5296E+00  5.5844E+00  5.1598E+00  5.2191E+00  5.0131E+00
       5.0948E+00  4.8025E+00  4.9030E+00  4.6487E+00  4.6232E+00  4.8654E+00  4.5860E+00  4.5653E+00  4.8077E+00  4.7388E+00
       4.8092E+00  4.8127E+00  4.5032E+00  4.6394E+00  4.3657E+00  4.5757E+00  4.2805E+00  4.3509E+00  4.5183E+00  4.5086E+00
       4.2236E+00  4.4944E+00  4.3385E+00  4.3056E+00  4.3155E+00  4.3467E+00  4.5273E+00  4.2645E+00  4.4898E+00  4.2743E+00
       4.3205E+00  4.3835E+00  4.3345E+00  4.4050E+00  4.5854E+00  4.6497E+00  4.2637E+00  4.5146E+00  4.6411E+00  4.2990E+00
       4.2419E+00  4.5373E+00  4.4100E+00  4.1423E+00  4.5275E+00  4.3824E+00  4.7478E+00  4.7690E+00  4.4848E+00  4.6756E+00
       4.5297E+00  4.6341E+00  4.6029E+00  4.3314E+00  4.6447E+00  4.6554E+00  4.7848E+00  4.6566E+00  4.8296E+00  4.7065E+00
       4.9581E+00  4.4919E+00  4.5011E+00  5.0883E+00  4.9759E+00  4.6534E+00  4.9842E+00  4.9346E+00  5.4164E+00  5.3284E+00
       4.4496E+01  2.0163E+01  1.7709E+01  1.4601E+01  1.3178E+01  1.5191E+01  1.1766E+01  1.1351E+01  9.9196E+00  9.8850E+00
       9.2868E+00  8.4861E+00  8.3914E+00  8.1675E+00  7.3537E+00  7.3021E+00  7.5065E+00  6.4621E+00  6.0963E+00  6.2279E+00
       6.6115E+00  6.2493E+00  5.7505E+00  5.6485E+00  5.6833E+00  5.2129E+00  5.6868E+00  5.1284E+00  5.3041E+00  5.3893E+00
       5.0899E+00  4.8936E+00  5.0230E+00  5.1775E+00  4.7463E+00  5.0202E+00  4.9930E+00  4.5564E+00  4.8230E+00  4.8468E+00
       4.6646E+00  4.6478E+00  4.6271E+00  4.5953E+00  4.7069E+00  4.5316E+00  4.6753E+00  4.3221E+00  4.4236E+00  4.7025E+00
       4.4902E+00  4.1942E+00  4.5339E+00  4.2490E+00  4.4877E+00  4.2363E+00  4.5750E+00  4.4663E+00  4.2333E+00  4.5395E+00
       4.5533E+00  4.2455E+00  4.3135E+00  4.4342E+00  4.4108E+00  4.6690E+00  4.3371E+00  4.5871E+00  4.3521E+00  4.5911E+00
       4.8153E+00  4.4840E+00  4.5565E+00  4.5300E+00  4.3885E+00  4.5121E+00  4.3127E+00  4.5435E+00  4.5720E+00  4.5791E+00
       4.7313E+00  4.8567E+00  4.4630E+00  4.6749E+00  4.4889E+00  4.6831E+00  4.9029E+00  4.7732E+00  4.9420E+00  5.0080E+00
       4.8823E+00  4.8200E+00  5.2200E+00  5.3472E+00  4.9691E+00  4.8651E+00  5.1481E+00  4.8207E+00  5.1401E+00  5.2298E+00
       3.5066E+01  2.3153E+01  2.0813E+01  1.3633E+01  1.4015E+01  1.2474E+01  1.1987E+01  1.0278E+01  9.7997E+00  1.0139E+01
       8.7808E+00  9.3417E+00  8.7966E+00  8.2458E+00  7.4980E+00  7.7481E+00  7.3836E+00  6.8505E+00  6.8052E+00  6.3720E+00
       6.4152E+00  6.1228E+00  5.7426E+00  6.0661E+00  5.8767E+00  5.7242E+00  5.4280E+00  5.3247E+00  5.2958E+00  5.3826E+00
       5.3453E+00  5.1638E+00  5.0709E+00  5.2224E+00  5.0780E+00  5.0744E+00  4.9008E+00  4.9496E+00  4.7562E+00  5.2202E+00
       4.7701E+00  4.8529E+00  4.7921E+00  4.4905E+00  4.6467E+00  4.4914E+00  4.7931E+00  4.6649E+00  4.4954E+00  4.4837E+00
       4.6167E+00  4.6859E+00  4.4300E+00  4.2992E+00  4.4751E+00  4.3806E+00  4.5509E+00  4.3756E+00  4.2424E+00  4.4753E+00
       4.6276E+00  4.7179E+00  4.4447E+00  4.3676E+00  4.4696E+00  4.4829E+00  4.5748E+00  4.3562E+00  4.7391E+00  4.8378E+00
       4.9377E+00  4.4881E+00  4.5224E+00  4.7899E+00  4.3858E+00  4.5046E+00  4.5373E+00  4.3868E+00  4.5990E+00  4.6062E+00
       4.5560E+00  4.5019E+00  4.6717E+00  4.7294E+00  4.5521E+00  4.6235E+00  5.0778E+00  4.8864E+00  5.0344E+00  4.8598E+00
       4.7191E+00  4.7153E+00  4.9897E+00  4.9648E+00  5.3768E+00  5.1794E+00  5.1415E+00  4.9485E+00  4.9531E+00  5.3116E+00
       5.3645E+01  2.3398E+01  1.6862E+01  1.6967E+01  1.4388E+01  1.3103E+01  1.2555E+01  1.2096E+01  1.1542E+01  9.6394E+00
       9.0952E+00  8.8362E+00  8.5557E+00  8.4453E+00  8.0547E+00  8.1294E+00  7.9341E+00  7.3836E+00  6.9559E+00  6.4990E+00
       6.3364E+00  6.4060E+00  6.5888E+00  6.1822E+00  5.6901E+00  6.0335E+00  5.4547E+00  5.3982E+00  5.4599E+00  5.3778E+00
       5.3139E+00  5.5488E+00  5.4394E+00  5.1014E+00  5.4717E+00  5.1206E+00  4.5835E+00  4.5011E+00  4.7522E+00  4.6260E+00
       5.0899E+00  4.5466E+00  4.7403E+00  4.6143E+00  5.0374E+00  4.6127E+00  4.8340E+00  4.5110E+00  4.7906E+00  4.8040E+00
       4.3478E+00  4.3241E+00  4.3392E+00  4.6283E+00  4.5141E+00  4.4092E+00  4.5879E+00  4.6915E+00  4.5829E+00  4.4284E+00
       4.2791E+00  4.3745E+00  4.6009E+00  4.5403E+00  4.3190E+00  4.5780E+00  4.5452E+00  4.5462E+00  4.8111E+00  4.6730E+00
       4.5860E+00  4.3852E+00  4.5118E+00  4.8082E+00  4.5711E+00  4.3341E+00  4.7774E+00  4.6117E+00  4.8779E+00  4.7152E+00
       4.6752E+00  4.7040E+00  4.7634E+00  4.9364E+00  4.9748E+00  4.7985E+00  4.8070E+00  4.9879E+00  4.7795E+00  4.8543E+00
       5.0205E+00  4.6946E+00  4.9849E+00  5.1730E+00  5.1391E+00  5.4561E+00  5.2486E+00  5.0663E+00  5.0220E+00  5.5909E+00
       5.7830E+01  2.2652E+01  2.3270E+01  1.7446E+01  1.4480E+01  1.4377E+01  1.2428E+01  1.1218E+01  9.7208E+00  1.0758E+01
       9.3644E+00  8.2276E+00  8.2963E+00  8.2528E+00  8.8554E+00  7.6748E+00  7.4545E+00  6.9426E+00  6.7276E+00  6.7643E+00
       6.5357E+00  6.3470E+00  6.1991E+00  6.2434E+00  5.8814E+00  5.5847E+00  5.8437E+00  6.0835E+00  6.1420E+00  5.4370E+00
       5.4480E+00  5.5369E+00  5.5575E+00  5.4383E+00  5.1447E+00  5.2409E+00  5.1231E+00  5.1117E+00  5.0982E+00  5.2322E+00
       5.0378E+00  4.7763E+00  4.7990E+00  5.0831E+00  4.8722E+00  4.6764E+00  4.6549E+00  4.5566E+00  4.4334E+00  4.5010E+00
       4.4398E+00  4.8861E+00  4.6855E+00  4.6613E+00  4.6321E+00  4.6402E+00  4.6934E+00  4.7722E+00  4.9063E+00  4.5868E+00
       4.5708E+00  4.7580E+00  4.8189E+00  4.5066E+00  4.8294E+00  4.5412E+00  4.4412E+00  4.6598E+00  4.4570E+00  4.4240E+00
       4.8896E+00  4.7464E+00  4.6526E+00  4.6749E+00  4.8484E+00  4.6340E+00  4.5591E+00  4.9135E+00  4.7055E+00  4.9728E+00
       4.7780E+00  4.6032E+00  4.8401E+00  4.9640E+00  4.9080E+00  5.0567E+00  4.7671E+00  4.9275E+00  5.1940E+00  5.2034E+00
       4.8774E+00  5.0728E+00  5.1943E+00  5.2993E+00  4.8721E+00  5.3114E+00  5.2293E+00  5.0449E+00  5.2828E+00  5.1165E+00
       4.0664E+01  2.8038E+01  1.9080E+01  1.8062E+01  1.3369E+01  1.2563E+01  1.2323E+01  1.1837E+01  1.0472E+01  8.9517E+00
       9.5141E+00  9.6225E+00  8.4484E+00  7.9875E+00  8.2714E+00  7.7891E+00  7.3736E+00  7.3126E+00  7.1653E+00  6.9056E+00
       6.6556E+00  6.2812E+00  5.9799E+00  6.0627E+00  5.9673E+00  6.1979E+00  5.6507E+00  5.3277E+00  5.8212E+00  5.4036E+00
       5.4901E+00  5.3566E+00  5.5202E+00  5.2622E+00  5.3841E+00  5.0957E+00  5.1035E+00  5.4097E+00  5.1045E+00  4.9908E+00
       4.8864E+00  4.7886E+00  4.8340E+00  4.9284E+00  5.3080E+00  4.8859E+00  4.8503E+00  4.7270E+00  4.8195E+00  4.4358E+00
       5.1299E+00  4.7503E+00  4.6438E+00  4.6721E+00  4.8722E+00  4.7481E+00  4.6657E+00  4.8409E+00  4.4164E+00  4.8394E+00
       4.7182E+00  4.5004E+00  4.5150E+00  4.6489E+00  4.7027E+00  4.9481E+00  4.7695E+00  4.6836E+00  4.6660E+00  4.7961E+00
       4.4390E+00  5.0452E+00  4.8549E+00  4.7501E+00  4.7692E+00  4.6918E+00  4.8617E+00  4.9281E+00  4.5419E+00  5.2047E+00
       4.8878E+00  4.8369E+00  4.7198E+00  4.9802E+00  4.7473E+00  4.7122E+00  4.9318E+00  4.9185E+00  5.3069E+00  5.4261E+00
       5.2768E+00  5.2694E+00  5.1134E+00  5.0900E+00  5.1089E+00  5.3818E+00  5.4970E+00  5.4515E+00  5.4116E+00  5.5379E+00
       4.8774E+01  4.2201E+01  2.3992E+01  1.6918E+01  1.4398E+01  1.4133E+01  1.2114E+01  1.0886E+01  1.1963E+01  1.1650E+01
       9.6654E+00  9.6491E+00  8.9428E+00  8.5927E+00  7.2336E+00  7.8112E+00  7.6592E+00  7.5138E+00  7.1606E+00  7.5912E+00
       6.6624E+00  6.7892E+00  6.6707E+00  6.4288E+00  6.2732E+00  5.8553E+00  5.8743E+00  6.1634E+00  6.0290E+00  5.8642E+00
       5.4588E+00  5.7148E+00  5.6954E+00  5.6107E+00  5.2816E+00  5.4226E+00  5.2776E+00  5.3803E+00  5.2966E+00  5.0728E+00
       4.9007E+00  4.8868E+00  5.0567E+00  4.9167E+00  4.7404E+00  4.8078E+00  5.0307E+00  4.7733E+00  4.6780E+00  4.7515E+00
       5.0302E+00  4.7863E+00  5.1330E+00  4.6566E+00  4.5637E+00  4.7746E+00  4.6760E+00  4.6432E+00  4.7291E+00  4.8152E+00
       4.7815E+00  4.8775E+00  4.8131E+00  4.6179E+00  4.6806E+00  5.1418E+00  4.9985E+00  4.6367E+00  4.8470E+00  4.7418E+00
       4.5302E+00  4.9753E+00  4.8179E+00  4.8444E+00  4.8544E+00  4.7130E+00  5.1106E+00  4.7519E+00  4.7508E+00  4.9003E+00
       4.8719E+00  5.0455E+00  4.9505E+00  4.9817E+00  4.7437E+00  5.2501E+00  5.3041E+00  5.2401E+00  5.1547E+00  4.9402E+00
       5.2568E+00  5.1937E+00  5.1991E+00  5.1812E+00  5.3614E+00  4.7938E+00  5.5354E+00  5.5777E+00  5.4228E+00  5.2481E+00
       5.7669E+01  3.0398E+01  2.0025E+01  1.6987E+01  1.5822E+01  1.3638E+01  1.2616E+01  1.3796E+01  1.2366E+01  1.1615E+01
       1.0792E+01  1.0122E+01  8.7562E+00  8.9991E+00  8.1120E+00  8.4559E+00  8.2952E+00  7.5642E+00  7.3364E+00  7.0768E+00
       6.9819E+00  6.6394E+00  6.4123E+00  6.5375E+00  6.3038E+00  6.2364E+00  5.9389E+00  5.9552E+00  6.1623E+00  5.9504E+00
       5.6803E+00  5.7826E+00  5.5873E+00  5.6081E+00  5.5516E+00  5.2337E+00  5.1467E+00  5.4039E+00  5.1858E+00  5.2689E+00
       5.4118E+00  5.1035E+00  5.2834E+00  4.9870E+00  4.9644E+00  5.2391E+00  5.0328E+00  5.1878E+00  4.8882E+00  5.0087E+00
       4.9080E+00  5.1512E+00  5.0016E+00  5.1483E+00  4.9348E+00  4.8296E+00  4.9170E+00  4.9562E+00  4.8410E+00  4.5671E+00
       4.7264E+00  4.8384E+00  4.9012E+00  4.7602E+00  4.9467E+00  5.0579E+00  4.8249E+00  4.8964E+00  4.7359E+00  4.7659E+00
       4.8704E+00  4.7939E+00  4.7072E+00  4.9087E+00  4.8235E+00  4.7305E+00  4.9427E+00  4.3587E+00  4.8332E+00  4.9038E+00
       4.7787E+00  4.9406E+00  4.5637E+00  5.0987E+00  5.1945E+00  5.4375E+00  5.0731E+00  4.9234E+00  5.2626E+00  4.7568E+00
       5.0760E+00  5.2610E+00  5.1823E+00  5.5086E+00  5.0859E+00  5.3637E+00  5.4007E+00  5.6313E+00  5.3915E+00  5.2893E+00
       4.4648E+01  3.0105E+01  1.8776E+01  1.7094E+01  1.6669E+01  1.6996E+01  1.2409E+01  1.1308E+01  1.0902E+01  1.1649E+01
       9.6109E+00  1.0360E+01  8.7845E+00  8.5716E+00  9.8386E+00  8.1987E+00  8.7460E+00  8.0831E+00  7.2118E+00  7.8705E+00
       6.6332E+00  6.9800E+00  6.9143E+00  6.5407E+00  6.5062E+00  6.5295E+00  6.4875E+00  6.0283E+00  6.1779E+00  5.6641E+00
       5.3310E+00  5.7577E+00  5.8726E+00  5.2464E+00  5.4602E+00  5.8057E+00  5.5838E+00  5.3199E+00  5.2168E+00  5.1805E+00
       5.4373E+00  5.1516E+00  5.2990E+00  5.1233E+00  5.4210E+00  5.1134E+00  5.0433E+00  5.0268E+00  5.1962E+00  5.3330E+00
       4.9266E+00  5.2769E+00  5.0191E+00  4.8992E+00  5.0339E+00  4.6717E+00  5.3018E+00  4.8859E+00  4.8897E+00  4.7543E+00
       4.7844E+00  5.2866E+00  4.8677E+00  4.5174E+00  4.8599E+00  4.7198E+00  4.8073E+00  4.8158E+00  4.8989E+00  5.1077E+00
       5.1068E+00  4.8027E+00  4.6619E+00  4.6233E+00  5.0685E+00  4.7709E+00  4.9867E+00  4.9290E+00  5.0953E+00  5.0831E+00
       5.1139E+00  5.0867E+00  4.8927E+00  5.0739E+00  5.1810E+00  5.0492E+00  5.0653E+00  4.7738E+00  4.8489E+00  5.2084E+00
       5.2767E+00  5.0687E+00  5.4663E+00  5.0406E+00  5.2972E+00  5.3025E+00  5.5886E+00  5.7649E+00  5.3746E+00  5.6256E+00
       4.7582E+01  3.3111E+01  2.3319E+01  1.7350E+01  1.4515E+01  1.4685E+01  1.3853E+01  1.1711E+01  1.2515E+01  1.0591E+01
       1.0636E+01  1.0454E+01  8.7688E+00  8.7415E+00  8.5462E+00  8.5059E+00  7.8255E+00  7.7388E+00  7.9682E+00  7.2470E+00
       7.3890E+00  6.7402E+00  6.4640E+00  6.6150E+00  7.0453E+00  6.8496E+00  6.0800E+00  5.9406E+00  5.7945E+00  6.0844E+00
       6.6094E+00  5.7853E+00  5.8733E+00  5.3428E+00  5.6446E+00  5.7525E+00  5.8351E+00  5.4264E+00  5.4519E+00  5.4128E+00
       5.2656E+00  5.2478E+00  5.4347E+00  5.0657E+00  4.9763E+00  5.1423E+00  5.3432E+00  4.9016E+00  5.1157E+00  4.9959E+00
       4.9415E+00  5.1748E+00  4.9321E+00  5.1175E+00  4.7812E+00  4.8923E+00  5.1231E+00  5.0022E+00  4.8787E+00  4.7623E+00
       5.1297E+00  5.0049E+00  5.1291E+00  4.9518E+00  5.0652E+00  4.8629E+00  5.1436E+00  4.7665E+00  4.8693E+00  5.0946E+00
       5.1529E+00  4.8454E+00  5.0451E+00  5.1035E+00  4.8674E+00  4.8946E+00  5.2649E+00  5.0041E+00  5.0411E+00  4.6225E+00
       5.1030E+00  4.9609E+00  5.0190E+00  5.1540E+00  4.9530E+00  5.2312E+00  5.1514E+00  5.3747E+00  5.1387E+00  5.1715E+00
       5.3348E+00  5.1766E+00  5.2942E+00  5.4866E+00  5.3877E+00  5.4172E+00  5.2930E+00  5.3458E+00  5.5717E+00  5.8766E+00
       4.0560E+01  2.6103E+01  2.3371E+01  1.7728E+01  1.6312E+01  1.7774E+01  1.3562E+01  1.2907E+01  1.1746E+01  1.1928E+01
       9.7544E+00  9.5784E+00  9.9783E+00  9.2095E+00  8.3373E+00  8.2032E+00  8.8819E+00  7.6241E+00  7.7428E+00  7.4606E+00
       7.5763E+00  7.1392E+00  7.2036E+00  6.6733E+00  6.7948E+00  6.6416E+00  6.5359E+00  6.6051E+00  6.4141E+00  6.3954E+00
       6.3076E+00  6.1735E+00  5.6176E+00  6.1592E+00  5.5361E+00  6.0247E+00  5.8178E+00  5.4323E+00  5.4676E+00  5.8848E+00
       5.3252E+00  5.5557E+00  5.2298E+00  5.3661E+00  5.5336E+00  5.2727E+00  5.4798E+00  5.0807E+00  5.4367E+00  4.9628E+00
       5.3168E+00  5.1968E+00  5.3606E+00  4.7901E+00  4.7897E+00  5.1069E+00  5.1683E+00  5.0407E+00  5.0689E+00  5.0109E+00
       5.1239E+00  5.1001E+00  5.2705E+00  4.9651E+00  5.3838E+00  5.2617E+00  4.9994E+00  5.1451E+00  5.1345E+00  5.1025E+00
       5.1012E+00  5.1328E+00  5.0110E+00  5.0638E+00  5.4185E+00  4.8205E+00  4.9014E+00  5.1646E+00  5.3505E+00  5.3357E+00
       5.2050E+00  5.1590E+00  5.3906E+00  5.0281E+00  5.2156E+00  5.3430E+00  5.1717E+00  5.1934E+00  5.3961E+00  5.3138E+00
       5.4557E+00  5.4224E+00  5.6220E+00  5.4224E+00  5.5449E+00  5.6150E+00  5.4791E+00  5.9555E+00  5.7714E+00  5.6675E+00
       5.7569E+01  2.9296E+01  2.1741E+01  2.0746E+01  1.3562E+01  1.4467E+01  1.4058E+01  1.2706E+01  1.3843E+01  1.1917E+01
       1.0172E+01  9.8084E+00  9.9494E+00  8.7717E+00  9.2913E+00  8.8076E+00  8.6096E+00  8.3121E+00  7.5077E+00  7.7636E+00
       7.0393E+00  7.4165E+00  7.2647E+00  6.8158E+00  7.0481E+00  6.3356E+00  6.4221E+00  6.4085E+00  6.3019E+00  6.4425E+00
       6.1478E+00  6.4869E+00  5.9488E+00  6.0042E+00  5.6725E+00  6.1771E+00  5.6212E+00  5.2945E+00  5.6668E+00  5.7199E+00
       5.5475E+00  5.3476E+00  5.3176E+00  5.1434E+00  5.4603E+00  5.1857E+00  4.9408E+00  5.2199E+00  5.1099E+00  5.1784E+00
       5.2350E+00  5.5006E+00  5.0607E+00  5.0641E+00  5.2097E+00  4.9149E+00  4.9817E+00  5.1793E+00  5.2055E+00  4.7862E+00
       5.2077E+00  5.0314E+00  5.0359E+00  5.0997E+00  5.0170E+00  5.0183E+00  5.2750E+00  5.2594E+00  4.9885E+00  5.3836E+00
       5.3213E+00  5.2861E+00  5.6168E+00  4.9862E+00  5.1822E+00  5.0394E+00  5.0618E+00  5.0555E+00  4.9219E+00  5.3415E+00
       5.2267E+00  5.4328E+00  5.1052E+00  5.2842E+00  5.0425E+00  5.6169E+00  5.0190E+00  5.8296E+00  5.4459E+00  5.7010E+00
       5.2884E+00  5.7627E+00  5.5415E+00  5.3586E+00  5.3775E+00  5.7000E+00  5.4201E+00  5.8009E+00  5.7797E+00  5.6646E+00
       8.4132E+01  3.8175E+01  1.7995E+01  2.1514E+01  1.7361E+01  1.4369E+01  1.3331E+01  1.4475E+01  1.1354E+01  1.0590E+01
       1.1089E+01  1.0895E+01  9.9321E+00  9.3340E+00  9.4104E+00  7.7129E+00  8.2680E+00  7.9071E+00  8.0685E+00  7.7434E+00
       7.8351E+00  7.4064E+00  6.9105E+00  6.8008E+00  6.9813E+00  6.3532E+00  6.4574E+00  6.3240E+00  6.9276E+00  6.7118E+00
       6.4141E+00  6.1874E+00  6.1213E+00  6.2997E+00  5.8240E+00  5.5025E+00  5.9264E+00  5.7773E+00  5.7543E+00  5.6328E+00
       5.8436E+00  5.6878E+00  5.6848E+00  5.4527E+00  5.6896E+00  5.5080E+00  5.5064E+00  5.0051E+00  5.5567E+00  5.1900E+00
       5.1606E+00  5.1400E+00  5.1158E+00  5.0480E+00  5.1679E+00  5.2073E+00  5.0905E+00  5.3059E+00  5.0874E+00  5.3311E+00
       5.3043E+00  5.2588E+00  5.2367E+00  5.0853E+00  5.1834E+00  5.0351E+00  5.2069E+00  5.2017E+00  5.1140E+00  5.0305E+00
       5.1526E+00  5.6340E+00  5.3189E+00  4.9988E+00  5.1683E+00  5.2733E+00  5.2593E+00  5.2601E+00  5.1125E+00  5.2972E+00
       5.1348E+00  5.1494E+00  5.1499E+00  5.4560E+00  5.2506E+00  5.3088E+00  5.1562E+00  5.1261E+00  5.2989E+00  5.2219E+00
       5.3238E+00  5.2913E+00  5.6352E+00  5.4938E+00  5.5951E+00  5.5794E+00  5.5903E+00  5.2956E+00  5.8979E+00  5.4450E+00
       5.6656E+01  2.9845E+01  2.3242E+01  1.8263E+01  1.6748E+01  1.5946E+01  1.4401E+01  1.4379E+01  1.2246E+01  1.1797E+01
       1.1099E+01  1.0223E+01  1.0358E+01  8.8023E+00  8.8722E+00  8.6381E+00  8.8536E+00  8.8299E+00  8.1473E+00  8.3433E+00
       7.7233E+00  7.7915E+00  7.6492E+00  6.8195E+00  6.4444E+00  6.6581E+00  6.8755E+00  6.9568E+00  6.4004E+00  6.6730E+00
       6.7863E+00  6.5205E+00  6.1310E+00  6.1710E+00  6.3885E+00  5.9974E+00  6.0639E+00  5.8118E+00  5.5619E+00  5.6918E+00
       5.6678E+00  5.5133E+00  5.4984E+00  5.5858E+00  5.4144E+00  5.3144E+00  5.7640E+00  5.3715E+00  5.6145E+00  5.5408E+00
       5.3676E+00  5.3124E+00  5.2514E+00  5.8421E+00  5.1355E+00  5.1778E+00  5.2976E+00  5.2306E+00  5.3362E+00  5.4052E+00
       4.9381E+00  5.3920E+00  5.5466E+00  5.0949E+00  4.9551E+00  5.1273E+00  5.4312E+00  5.1316E+00  5.3541E+00  5.2153E+00
       5.5066E+00  5.2207E+00  5.3221E+00  5.2291E+00  5.6575E+00  5.3231E+00  5.3333E+00  5.2458E+00  5.5197E+00  5.5969E+00
       5.4061E+00  5.4886E+00  5.4231E+00  5.3386E+00  5.4887E+00  5.5319E+00  5.6067E+00  5.3557E+00  5.4395E+00  5.7494E+00
       5.8299E+00  5.7960E+00  5.7212E+00  5.4960E+00  5.5466E+00  5.8105E+00  5.5519E+00  6.1015E+00  6.1189E+00  5.9878E+00
       6.7553E+01  5.2388E+01  2.1213E+01  2.0787E+01  1.8602E+01  1.5050E+01  1.3286E+01  1.2774E+01  1.2352E+01  1.2236E+01
       1.1393E+01  1.1814E+01  1.0402E+01  9.9524E+00  9.8317E+00  9.5314E+00  9.9273E+00  8.9340E+00  7.9091E+00  7.9847E+00
       8.2367E+00  7.2877E+00  7.2098E+00  7.5902E+00  6.9685E+00  7.6154E+00  6.7012E+00  7.0239E+00  6.8755E+00  6.6819E+00
       6.8225E+00  6.6478E+00  5.9034E+00  6.1016E+00  5.9931E+00  6.1548E+00  5.7681E+00  5.7523E+00  5.5941E+00  5.5794E+00
       5.4957E+00  5.8590E+00  5.6324E+00  5.4353E+00  5.6819E+00  5.3062E+00  5.1618E+00  5.7081E+00  5.5222E+00  5.4347E+00
       5.6292E+00  5.7101E+00  5.5341E+00  5.7610E+00  5.2268E+00  5.1034E+00  4.9420E+00  5.3699E+00  5.3756E+00  5.2954E+00
       5.3854E+00  5.4001E+00  5.2671E+00  5.3266E+00  5.6803E+00  5.4085E+00  5.3971E+00  5.1625E+00  5.2151E+00  5.3698E+00
       5.4264E+00  5.3090E+00  5.1065E+00  5.4475E+00  5.4649E+00  5.1623E+00  5.4616E+00  5.4360E+00  5.0964E+00  5.5416E+00
       5.3618E+00  5.3210E+00  5.6263E+00  5.6940E+00  5.4661E+00  5.8778E+00  5.5023E+00  5.1895E+00  5.6467E+00  5.4128E+00
       5.6673E+00  5.4208E+00  5.8292E+00  5.4616E+00  5.7782E+00  5.5046E+00  6.0914E+00  5.6677E+00  5.6308E+00  5.7824E+00
       8.1482E+01  2.6939E+01  2.6610E+01  2.1964E+01  1.5077E+01  1.5353E+01  1.3743E+01  1.3438E+01  1.4120E+01  1.2256E+01
       1.1369E+01  1.1947E+01  1.0752E+01  9.2744E+00  1.0327E+01  8.4031E+00  8.8211E+00  9.2306E+00  8.3604E+00  8.1452E+00
       7.7026E+00  7.5525E+00  7.1833E+00  7.8333E+00  6.9254E+00  6.9772E+00  6.8461E+00  7.0862E+00  6.5778E+00  6.7856E+00
       6.3958E+00  6.3779E+00  5.9687E+00  6.4252E+00  6.7613E+00  6.0807E+00  6.0478E+00  5.8956E+00  5.7987E+00  6.2765E+00
       6.0858E+00  6.1388E+00  5.7231E+00  5.9340E+00  5.7658E+00  5.7983E+00  5.4310E+00  5.7012E+00  5.1323E+00  5.5538E+00
       5.5021E+00  5.8685E+00  5.5560E+00  5.4734E+00  5.7369E+00  5.4235E+00  5.3580E+00  5.4500E+00  5.2505E+00  5.4585E+00
       5.2253E+00  5.2543E+00  5.6611E+00  5.4348E+00  5.5607E+00  5.2218E+00  5.5149E+00  5.2353E+00  5.2136E+00  5.3952E+00
       5.3652E+00  5.5906E+00  5.5383E+00  5.7550E+00  5.2652E+00  5.6211E+00  5.3346E+00  5.6163E+00  5.4845E+00  5.5969E+00
       5.2705E+00  5.5497E+00  5.4632E+00  5.8565E+00  5.5213E+00  5.6382E+00  5.4626E+00  5.6269E+00  5.7747E+00  5.7544E+00
       5.8057E+00  5.6515E+00  5.9378E+00  5.5772E+00  5.5814E+00  5.7279E+00  5.8687E+00  5.6794E+00  6.1086E+00  5.8916E+00
       9.6569E+01  3.3230E+01  2.4115E+01  2.4442E+01  1.6064E+01  1.4950E+01  1.5688E+01  1.3610E+01  1.1707E+01  1.2589E+01
       1.2575E+01  1.1291E+01  1.0389E+01  1.0436E+01  9.7280E+00  8.7953E+00  9.6612E+00  9.1342E+00  9.7609E+00  8.2924E+00
       8.7401E+00  7.7504E+00  7.8920E+00  8.4140E+00  7.5265E+00  7.2411E+00  6.9929E+00  7.4375E+00  7.3120E+00  6.9412E+00
       6.6889E+00  6.5400E+00  6.7680E+00  6.4503E+00  6.2518E+00  6.4749E+00  6.0144E+00  5.5658E+00  5.9728E+00  5.8193E+00
       5.5578E+00  5.7538E+00  6.1318E+00  5.8701E+00  5.9992E+00  5.6154E+00  5.6621E+00  5.8563E+00  5.5200E+00  5.7756E+00
       5.7919E+00  5.4121E+00  5.3597E+00  5.7724E+00  5.6722E+00  5.5811E+00  5.2019E+00  5.5407E+00  5.2286E+00  5.2355E+00
       5.6174E+00  5.5804E+00  5.1650E+00  5.6209E+00  5.4448E+00  5.6468E+00  5.5702E+00  5.5441E+00  5.1717E+00  5.4042E+00
       5.7323E+00  5.3528E+00  5.4294E+00  5.7005E+00  5.7331E+00  5.0429E+00  5.6295E+00  5.3741E+00  5.7865E+00  5.6392E+00
       5.3622E+00  5.7029E+00  5.6186E+00  5.3796E+00  5.7187E+00  5.4881E+00  5.9171E+00  5.6101E+00  5.7608E+00  5.8044E+00
       5.8514E+00  5.8164E+00  5.9898E+00  5.8953E+00  6.2133E+00  5.8511E+00  5.8834E+00  5.6805E+00  5.8872E+00  5.9673E+00
